order_id,waktu_pesanan,tahun,bulan,provinsi,total_berat_kg,ongkir_dibayar,ongkir_per_kg,ongkir_per_kg_clipped
ORD_0000010,2024-04-01 08:27:00,2024.0,4.0,JAWA TENGAH,12.9,13000,1007.751937984496,1007.751937984496
ORD_0000018,2024-04-01 12:51:00,2024.0,4.0,BANTEN,7.0,23000,3285.714285714286,3285.714285714286
ORD_0000019,2024-04-01 13:07:00,2024.0,4.0,LAMPUNG,1.2,3000,2500.0,2500.0
ORD_0000023,2024-04-01 14:01:00,2024.0,4.0,BENGKULU,1.7,4000,2352.9411764705883,2352.9411764705883
ORD_0000025,2024-04-01 15:25:00,2024.0,4.0,JAWA BARAT,3.0,31000,10333.333333333334,10333.333333333334
ORD_0000026,2024-04-01 15:27:00,2024.0,4.0,LAMPUNG,2.0,6000,3000.0,3000.0
ORD_0000031,2024-04-01 21:23:00,2024.0,4.0,JAWA TENGAH,0.2,18000,90000.0,90000.0
ORD_0000034,2024-04-02 05:47:00,2024.0,4.0,JAWA BARAT,0.5,10000,20000.0,20000.0
ORD_0000036,2024-04-08 16:50:00,2024.0,4.0,SULAWESI UTARA,0.2,78499,392495.0,170093.75000000035
ORD_0000037,2024-04-08 19:15:00,2024.0,4.0,DKI JAKARTA,3.3,8000,2424.2424242424245,2424.2424242424245
ORD_0000038,2024-04-08 19:49:00,2024.0,4.0,JAWA BARAT,4.0,16000,4000.0,4000.0
ORD_0000042,2024-04-09 00:22:00,2024.0,4.0,DKI JAKARTA,0.5,8000,16000.0,16000.0
ORD_0000043,2024-04-09 01:45:00,2024.0,4.0,JAWA BARAT,2.0,8000,4000.0,4000.0
ORD_0000044,2024-04-09 02:45:00,2024.0,4.0,BANTEN,0.5,8000,16000.0,16000.0
ORD_0000046,2024-04-09 08:51:00,2024.0,4.0,LAMPUNG,0.4,3200,8000.0,8000.0
ORD_0000047,2024-04-09 09:14:00,2024.0,4.0,DKI JAKARTA,0.5,10000,20000.0,20000.0
ORD_0000048,2024-04-09 10:49:00,2024.0,4.0,JAWA BARAT,0.7,8000,11428.57142857143,11428.57142857143
ORD_0000049,2024-04-09 12:30:00,2024.0,4.0,DKI JAKARTA,1.0,8000,8000.0,8000.0
ORD_0000050,2024-04-09 12:54:00,2024.0,4.0,JAWA BARAT,0.5,8000,16000.0,16000.0
ORD_0000052,2024-04-09 13:18:00,2024.0,4.0,BANTEN,1.0,8000,8000.0,8000.0
ORD_0000053,2024-04-09 14:56:00,2024.0,4.0,JAWA BARAT,0.4,8000,20000.0,20000.0
ORD_0000060,2024-04-10 13:37:00,2024.0,4.0,JAWA BARAT,0.5,4000,8000.0,8000.0
ORD_0000061,2024-04-10 17:35:00,2024.0,4.0,JAWA BARAT,0.5,8000,16000.0,16000.0
ORD_0000062,2024-04-10 20:19:00,2024.0,4.0,JAWA BARAT,0.5,9000,18000.0,18000.0
ORD_0000066,2024-04-11 10:11:00,2024.0,4.0,DKI JAKARTA,0.5,8000,16000.0,16000.0
ORD_0000067,2024-04-11 10:16:00,2024.0,4.0,JAWA BARAT,2.0,8000,4000.0,4000.0
ORD_0000068,2024-04-11 14:18:00,2024.0,4.0,KALIMANTAN TIMUR,1.8,101000,56111.11111111111,56111.11111111111
ORD_0000070,2024-04-11 15:24:00,2024.0,4.0,JAWA BARAT,0.5,8000,16000.0,16000.0
ORD_0000073,2024-04-11 23:43:00,2024.0,4.0,DKI JAKARTA,2.0,8000,4000.0,4000.0
ORD_0000074,2024-04-12 04:56:00,2024.0,4.0,JAWA BARAT,1.0,8000,8000.0,8000.0
ORD_0000079,2024-04-12 13:04:00,2024.0,4.0,JAWA BARAT,2.0,8000,4000.0,4000.0
ORD_0000084,2024-04-12 18:13:00,2024.0,4.0,BANTEN,0.5,8000,16000.0,16000.0
ORD_0000086,2024-04-12 20:44:00,2024.0,4.0,JAWA BARAT,5.0,65000,13000.0,13000.0
ORD_0000087,2024-04-12 20:45:00,2024.0,4.0,DKI JAKARTA,0.5,8000,16000.0,16000.0
ORD_0000088,2024-04-12 21:23:00,2024.0,4.0,JAWA BARAT,0.5,9000,18000.0,18000.0
ORD_0000089,2024-04-13 02:53:00,2024.0,4.0,JAWA BARAT,0.5,9500,19000.0,19000.0
ORD_0000090,2024-04-13 04:30:00,2024.0,4.0,DKI JAKARTA,0.5,8000,16000.0,16000.0
ORD_0000093,2024-04-13 07:39:00,2024.0,4.0,DKI JAKARTA,7.8,4000,512.8205128205128,512.8205128205128
ORD_0000096,2024-04-13 10:15:00,2024.0,4.0,JAWA BARAT,0.5,8000,16000.0,16000.0
ORD_0000097,2024-04-13 11:27:00,2024.0,4.0,BANTEN,9.0,17500,1944.4444444444443,1944.4444444444443
ORD_0000098,2024-04-13 13:11:00,2024.0,4.0,JAWA BARAT,1.0,8000,8000.0,8000.0
ORD_0000099,2024-04-13 13:42:00,2024.0,4.0,JAWA BARAT,4.5,18000,4000.0,4000.0
ORD_0000100,2024-04-13 18:08:00,2024.0,4.0,JAWA BARAT,0.5,16000,32000.0,32000.0
ORD_0000102,2024-04-13 22:13:00,2024.0,4.0,DKI JAKARTA,0.5,10000,20000.0,20000.0
ORD_0000103,2024-04-13 22:36:00,2024.0,4.0,JAWA TENGAH,0.5,4500,9000.0,9000.0
ORD_0000104,2024-04-13 23:03:00,2024.0,4.0,BENGKULU,3.9,37300,9564.102564102564,9564.102564102564
ORD_0000105,2024-04-14 01:37:00,2024.0,4.0,JAWA TENGAH,0.4,22000,55000.0,55000.0
ORD_0000106,2024-04-14 05:57:00,2024.0,4.0,BANTEN,0.5,8000,16000.0,16000.0
ORD_0000107,2024-04-14 09:14:00,2024.0,4.0,BANTEN,4.2,17500,4166.666666666666,4166.666666666666
ORD_0000108,2024-04-14 09:37:00,2024.0,4.0,JAWA BARAT,0.6,8000,13333.333333333334,13333.333333333334
ORD_0000109,2024-04-14 11:37:00,2024.0,4.0,JAMBI,3.6,15200,4222.222222222222,4222.222222222222
ORD_0000110,2024-04-14 12:17:00,2024.0,4.0,DKI JAKARTA,0.5,8000,16000.0,16000.0
ORD_0000111,2024-04-14 13:47:00,2024.0,4.0,DKI JAKARTA,0.5,8000,16000.0,16000.0
ORD_0000112,2024-04-14 14:01:00,2024.0,4.0,BANTEN,0.5,13000,26000.0,26000.0
ORD_0000114,2024-04-14 15:33:00,2024.0,4.0,BANTEN,0.1,8000,80000.0,80000.0
ORD_0000115,2024-04-14 15:33:00,2024.0,4.0,BANTEN,0.5,8000,16000.0,16000.0
ORD_0000117,2024-04-14 17:06:00,2024.0,4.0,JAWA BARAT,0.5,8000,16000.0,16000.0
ORD_0000119,2024-04-14 17:46:00,2024.0,4.0,JAWA BARAT,2.0,11000,5500.0,5500.0
ORD_0000120,2024-04-14 19:28:00,2024.0,4.0,JAMBI,0.4,11000,27500.0,27500.0
ORD_0000121,2024-04-14 20:45:00,2024.0,4.0,DKI JAKARTA,0.5,8000,16000.0,16000.0
ORD_0000122,2024-04-14 20:53:00,2024.0,4.0,BANTEN,0.5,8000,16000.0,16000.0
ORD_0000123,2024-04-14 22:04:00,2024.0,4.0,BANTEN,0.5,8000,16000.0,16000.0
ORD_0000125,2024-04-14 22:51:00,2024.0,4.0,JAWA BARAT,0.5,8000,16000.0,16000.0
ORD_0000126,2024-04-15 00:34:00,2024.0,4.0,JAWA TIMUR,1.2,2000,1666.6666666666667,1666.6666666666667
ORD_0000127,2024-04-15 05:04:00,2024.0,4.0,JAWA BARAT,0.5,8000,16000.0,16000.0
ORD_0000128,2024-04-15 07:43:00,2024.0,4.0,BANTEN,4.5,36000,8000.0,8000.0
ORD_0000129,2024-04-15 08:11:00,2024.0,4.0,JAWA TENGAH,0.62,22000,35483.87096774194,35483.87096774194
ORD_0000130,2024-04-15 09:02:00,2024.0,4.0,JAWA BARAT,0.5,10000,20000.0,20000.0
ORD_0000133,2024-04-15 16:03:00,2024.0,4.0,JAWA BARAT,0.6,11000,18333.333333333336,18333.333333333336
ORD_0000134,2024-04-15 16:27:00,2024.0,4.0,JAWA BARAT,0.5,8000,16000.0,16000.0
ORD_0000135,2024-04-15 16:34:00,2024.0,4.0,DKI JAKARTA,1.0,8000,8000.0,8000.0
ORD_0000136,2024-04-15 17:07:00,2024.0,4.0,DKI JAKARTA,0.7,8000,11428.57142857143,11428.57142857143
ORD_0000137,2024-04-15 17:19:00,2024.0,4.0,JAWA BARAT,1.7,16000,9411.764705882351,9411.764705882351
ORD_0000138,2024-04-15 17:27:00,2024.0,4.0,DKI JAKARTA,0.5,10000,20000.0,20000.0
ORD_0000140,2024-04-15 19:20:00,2024.0,4.0,JAWA BARAT,0.5,8000,16000.0,16000.0
ORD_0000141,2024-04-15 19:24:00,2024.0,4.0,DKI JAKARTA,2.0,8000,4000.0,4000.0
ORD_0000143,2024-04-15 19:37:00,2024.0,4.0,BANTEN,0.5,16000,32000.0,32000.0
ORD_0000144,2024-04-15 19:50:00,2024.0,4.0,JAWA BARAT,0.5,8000,16000.0,16000.0
ORD_0000145,2024-04-15 20:21:00,2024.0,4.0,BANTEN,0.5,8000,16000.0,16000.0
ORD_0000146,2024-04-15 21:34:00,2024.0,4.0,BANTEN,24.0,9000,375.0,375.0
ORD_0000147,2024-04-15 21:36:00,2024.0,4.0,SUMATERA BARAT,1.2,1000,833.3333333333334,833.3333333333334
ORD_0000148,2024-04-15 21:40:00,2024.0,4.0,DKI JAKARTA,0.5,8000,16000.0,16000.0
ORD_0000149,2024-04-15 22:19:00,2024.0,4.0,JAWA BARAT,2.0,18000,9000.0,9000.0
ORD_0000150,2024-04-15 22:44:00,2024.0,4.0,JAWA BARAT,2.0,8000,4000.0,4000.0
ORD_0000151,2024-04-16 08:22:00,2024.0,4.0,JAWA BARAT,0.5,9500,19000.0,19000.0
ORD_0000152,2024-04-16 10:37:00,2024.0,4.0,JAWA BARAT,0.5,3000,6000.0,6000.0
ORD_0000155,2024-04-16 12:06:00,2024.0,4.0,DKI JAKARTA,1.7,20000,11764.705882352942,11764.705882352942
ORD_0000156,2024-04-16 14:57:00,2024.0,4.0,JAWA BARAT,2.0,8000,4000.0,4000.0
ORD_0000157,2024-04-16 15:13:00,2024.0,4.0,JAWA BARAT,2.0,8000,4000.0,4000.0
ORD_0000159,2024-04-16 15:56:00,2024.0,4.0,JAWA BARAT,0.05,10500,210000.0,170093.75000000035
ORD_0000160,2024-04-16 17:46:00,2024.0,4.0,DKI JAKARTA,0.6,8000,13333.333333333334,13333.333333333334
ORD_0000162,2024-04-16 18:49:00,2024.0,4.0,DKI JAKARTA,0.2,8000,40000.0,40000.0
ORD_0000163,2024-04-16 20:20:00,2024.0,4.0,DKI JAKARTA,0.4,8000,20000.0,20000.0
ORD_0000167,2024-04-17 07:05:00,2024.0,4.0,JAWA TIMUR,22.5,19900,884.4444444444445,884.4444444444445
ORD_0000168,2024-04-17 07:28:00,2024.0,4.0,KALIMANTAN TENGAH,2.0,18600,9300.0,9300.0
ORD_0000172,2024-04-17 09:46:00,2024.0,4.0,JAWA TENGAH,0.2,4500,22500.0,22500.0
ORD_0000184,2024-04-17 12:18:00,2024.0,4.0,JAWA BARAT,5.8,16000,2758.620689655173,2758.620689655173
ORD_0000188,2024-04-17 13:01:00,2024.0,4.0,JAWA BARAT,0.5,6000,12000.0,12000.0
ORD_0000194,2024-04-17 14:51:00,2024.0,4.0,SULAWESI SELATAN,1.0,11500,11500.0,11500.0
ORD_0000200,2024-04-17 16:44:00,2024.0,4.0,BANGKA BELITUNG,1.86,8000,4301.075268817204,4301.075268817204
ORD_0000201,2024-04-17 17:50:00,2024.0,4.0,BANTEN,0.5,8000,16000.0,16000.0
ORD_0000209,2024-04-17 19:51:00,2024.0,4.0,JAWA BARAT,1.0,8000,8000.0,8000.0
ORD_0000214,2024-04-17 21:46:00,2024.0,4.0,JAWA BARAT,0.9,8000,8888.888888888889,8888.888888888889
ORD_0000219,2024-04-18 00:00:00,2024.0,4.0,DKI JAKARTA,1.7,16000,9411.764705882351,9411.764705882351
ORD_0000221,2024-04-18 06:07:00,2024.0,4.0,JAWA BARAT,0.5,8000,16000.0,16000.0
ORD_0000223,2024-04-18 08:53:00,2024.0,4.0,JAWA BARAT,0.7,8000,11428.57142857143,11428.57142857143
ORD_0000225,2024-04-18 09:12:00,2024.0,4.0,DKI JAKARTA,0.6,8000,13333.333333333334,13333.333333333334
ORD_0000226,2024-04-18 09:19:00,2024.0,4.0,DKI JAKARTA,0.5,8000,16000.0,16000.0
ORD_0000227,2024-04-18 09:30:00,2024.0,4.0,JAWA BARAT,0.4,8000,20000.0,20000.0
ORD_0000228,2024-04-18 09:59:00,2024.0,4.0,KALIMANTAN BARAT,1.7,78000,45882.35294117647,45882.35294117647
ORD_0000231,2024-04-18 12:02:00,2024.0,4.0,KALIMANTAN TENGAH,2.0,43600,21800.0,21800.0
ORD_0000233,2024-04-18 12:35:00,2024.0,4.0,JAWA BARAT,0.5,8000,16000.0,16000.0
ORD_0000234,2024-04-18 12:53:00,2024.0,4.0,JAWA BARAT,0.5,8000,16000.0,16000.0
ORD_0000235,2024-04-18 13:18:00,2024.0,4.0,JAWA BARAT,0.75,9000,12000.0,12000.0
ORD_0000236,2024-04-18 14:21:00,2024.0,4.0,KEPULAUAN RIAU,0.72,3500,4861.111111111111,4861.111111111111
ORD_0000240,2024-04-18 17:39:00,2024.0,4.0,BANTEN,0.5,8000,16000.0,16000.0
ORD_0000241,2024-04-18 17:48:00,2024.0,4.0,JAWA TIMUR,0.12,12500,104166.66666666669,104166.66666666669
ORD_0000242,2024-04-18 19:09:00,2024.0,4.0,JAWA BARAT,2.0,8000,4000.0,4000.0
ORD_0000243,2024-04-18 19:23:00,2024.0,4.0,JAWA BARAT,0.4,8000,20000.0,20000.0
ORD_0000244,2024-04-18 19:52:00,2024.0,4.0,JAWA BARAT,0.5,8000,16000.0,16000.0
ORD_0000246,2024-04-18 20:23:00,2024.0,4.0,NANGGROE ACEH DARUSSALAM (NAD),1.0,26000,26000.0,26000.0
ORD_0000247,2024-04-18 20:27:00,2024.0,4.0,BANTEN,0.5,8000,16000.0,16000.0
ORD_0000248,2024-04-18 20:44:00,2024.0,4.0,JAWA TIMUR,3.0,16000,5333.333333333333,5333.333333333333
ORD_0000251,2024-04-19 03:21:00,2024.0,4.0,BANTEN,0.5,8000,16000.0,16000.0
ORD_0000252,2024-04-19 06:02:00,2024.0,4.0,DKI JAKARTA,1.2,16500,13750.0,13750.0
ORD_0000253,2024-04-19 08:56:00,2024.0,4.0,JAWA BARAT,1.0,8000,8000.0,8000.0
ORD_0000254,2024-04-19 09:46:00,2024.0,4.0,DKI JAKARTA,0.5,8000,16000.0,16000.0
ORD_0000255,2024-04-19 09:57:00,2024.0,4.0,DKI JAKARTA,2.0,8000,4000.0,4000.0
ORD_0000256,2024-04-19 10:00:00,2024.0,4.0,BANTEN,2.0,10000,5000.0,5000.0
ORD_0000257,2024-04-19 10:36:00,2024.0,4.0,JAWA BARAT,2.0,8000,4000.0,4000.0
ORD_0000258,2024-04-19 10:51:00,2024.0,4.0,JAWA BARAT,0.5,11500,23000.0,23000.0
ORD_0000259,2024-04-19 11:06:00,2024.0,4.0,JAWA BARAT,0.5,8000,16000.0,16000.0
ORD_0000260,2024-04-19 13:32:00,2024.0,4.0,JAWA BARAT,0.4,8000,20000.0,20000.0
ORD_0000261,2024-04-19 16:01:00,2024.0,4.0,JAWA BARAT,0.5,8000,16000.0,16000.0
ORD_0000262,2024-04-19 16:34:00,2024.0,4.0,JAWA BARAT,3.0,4000,1333.3333333333333,1333.3333333333333
ORD_0000263,2024-04-19 16:41:00,2024.0,4.0,JAWA BARAT,0.4,8000,20000.0,20000.0
ORD_0000264,2024-04-19 16:47:00,2024.0,4.0,JAWA BARAT,0.5,8000,16000.0,16000.0
ORD_0000265,2024-04-19 16:52:00,2024.0,4.0,BANTEN,0.5,13000,26000.0,26000.0
ORD_0000266,2024-04-19 17:17:00,2024.0,4.0,BANTEN,0.5,8000,16000.0,16000.0
ORD_0000267,2024-04-19 18:22:00,2024.0,4.0,DKI JAKARTA,1.0,10000,10000.0,10000.0
ORD_0000268,2024-04-19 19:00:00,2024.0,4.0,JAWA BARAT,1.0,8000,8000.0,8000.0
ORD_0000269,2024-04-19 19:31:00,2024.0,4.0,KALIMANTAN SELATAN,1.8,41000,22777.777777777777,22777.777777777777
ORD_0000270,2024-04-19 20:17:00,2024.0,4.0,DKI JAKARTA,0.8,8000,10000.0,10000.0
ORD_0000273,2024-04-19 20:29:00,2024.0,4.0,JAWA TIMUR,1.42,14500,10211.267605633804,10211.267605633804
ORD_0000274,2024-04-19 20:39:00,2024.0,4.0,JAWA BARAT,2.4,30000,12500.0,12500.0
ORD_0000275,2024-04-19 21:05:00,2024.0,4.0,JAWA BARAT,0.5,18000,36000.0,36000.0
ORD_0000276,2024-04-19 22:15:00,2024.0,4.0,JAWA BARAT,0.5,10500,21000.0,21000.0
ORD_0000277,2024-04-19 22:50:00,2024.0,4.0,DKI JAKARTA,0.5,8000,16000.0,16000.0
ORD_0000281,2024-04-20 08:34:00,2024.0,4.0,DKI JAKARTA,2.0,8000,4000.0,4000.0
ORD_0000282,2024-04-20 08:45:00,2024.0,4.0,BANTEN,0.4,8000,20000.0,20000.0
ORD_0000285,2024-04-20 09:22:00,2024.0,4.0,JAWA BARAT,0.5,8000,16000.0,16000.0
ORD_0000287,2024-04-20 09:36:00,2024.0,4.0,JAWA BARAT,2.0,8000,4000.0,4000.0
ORD_0000290,2024-04-20 12:04:00,2024.0,4.0,DKI JAKARTA,0.5,8000,16000.0,16000.0
ORD_0000291,2024-04-20 12:30:00,2024.0,4.0,DKI JAKARTA,1.0,8000,8000.0,8000.0
ORD_0000293,2024-04-20 15:59:00,2024.0,4.0,JAWA BARAT,2.0,1500,750.0,750.0
ORD_0000294,2024-04-20 16:00:00,2024.0,4.0,JAWA BARAT,0.5,8000,16000.0,16000.0
ORD_0000295,2024-04-20 16:32:00,2024.0,4.0,DKI JAKARTA,26.05,20000,767.7543186180422,767.7543186180422
ORD_0000296,2024-04-20 16:35:00,2024.0,4.0,BANTEN,0.3,8000,26666.666666666668,26666.666666666668
ORD_0000301,2024-04-20 19:48:00,2024.0,4.0,BANTEN,0.4,8000,20000.0,20000.0
ORD_0000302,2024-04-20 20:55:00,2024.0,4.0,JAWA BARAT,3.0,4000,1333.3333333333333,1333.3333333333333
ORD_0000304,2024-04-20 20:57:00,2024.0,4.0,DKI JAKARTA,0.5,8000,16000.0,16000.0
ORD_0000306,2024-04-21 08:20:00,2024.0,4.0,LAMPUNG,0.6,39500,65833.33333333334,65833.33333333334
ORD_0000307,2024-04-21 09:12:00,2024.0,4.0,BANTEN,1.0,16500,16500.0,16500.0
ORD_0000309,2024-04-21 10:03:00,2024.0,4.0,DKI JAKARTA,0.5,8000,16000.0,16000.0
ORD_0000311,2024-04-21 11:10:00,2024.0,4.0,BANTEN,0.5,7500,15000.0,15000.0
ORD_0000312,2024-04-21 11:29:00,2024.0,4.0,JAWA BARAT,0.7,8000,11428.57142857143,11428.57142857143
ORD_0000314,2024-04-21 14:32:00,2024.0,4.0,JAWA BARAT,0.6,8000,13333.333333333334,13333.333333333334
ORD_0000315,2024-04-21 14:58:00,2024.0,4.0,BANTEN,0.5,9500,19000.0,19000.0
ORD_0000317,2024-04-21 16:27:00,2024.0,4.0,BANTEN,0.5,13000,26000.0,26000.0
ORD_0000318,2024-04-21 16:37:00,2024.0,4.0,JAWA BARAT,0.2,8000,40000.0,40000.0
ORD_0000319,2024-04-21 16:46:00,2024.0,4.0,DKI JAKARTA,0.5,8000,16000.0,16000.0
ORD_0000321,2024-04-21 16:56:00,2024.0,4.0,JAWA BARAT,2.0,10000,5000.0,5000.0
ORD_0000322,2024-04-21 17:37:00,2024.0,4.0,DKI JAKARTA,0.5,8000,16000.0,16000.0
ORD_0000326,2024-04-21 21:06:00,2024.0,4.0,BANTEN,0.5,8000,16000.0,16000.0
ORD_0000327,2024-04-21 21:35:00,2024.0,4.0,BANTEN,15.0,14000,933.3333333333334,933.3333333333334
ORD_0000328,2024-04-21 21:37:00,2024.0,4.0,BANTEN,0.5,8000,16000.0,16000.0
ORD_0000329,2024-04-22 06:45:00,2024.0,4.0,BANTEN,0.2,8000,40000.0,40000.0
ORD_0000330,2024-04-22 07:42:00,2024.0,4.0,JAWA TIMUR,0.2,22500,112500.0,112500.0
ORD_0000331,2024-04-22 09:37:00,2024.0,4.0,RIAU,15.03,10000,665.3359946773121,665.3359946773121
ORD_0000335,2024-04-22 13:38:00,2024.0,4.0,JAWA BARAT,1.5,1000,666.6666666666666,666.6666666666666
ORD_0000336,2024-04-22 15:16:00,2024.0,4.0,DKI JAKARTA,1.0,8000,8000.0,8000.0
ORD_0000337,2024-04-22 15:26:00,2024.0,4.0,BANTEN,1.5,15000,10000.0,10000.0
ORD_0000338,2024-04-22 15:30:00,2024.0,4.0,DKI JAKARTA,0.5,8000,16000.0,16000.0
ORD_0000339,2024-04-22 17:13:00,2024.0,4.0,DKI JAKARTA,0.8,8000,10000.0,10000.0
ORD_0000340,2024-04-22 18:17:00,2024.0,4.0,DKI JAKARTA,33.1,12000,362.53776435045313,362.53776435045313
ORD_0000342,2024-04-22 18:39:00,2024.0,4.0,LAMPUNG,2.7,32000,11851.85185185185,11851.85185185185
ORD_0000343,2024-04-22 18:39:00,2024.0,4.0,JAWA BARAT,1.8,8000,4444.444444444444,4444.444444444444
ORD_0000347,2024-04-22 23:52:00,2024.0,4.0,JAWA TIMUR,0.8,19500,24375.0,24375.0
ORD_0000352,2024-04-23 08:29:00,2024.0,4.0,JAWA BARAT,0.5,10500,21000.0,21000.0
ORD_0000353,2024-04-23 08:53:00,2024.0,4.0,DI YOGYAKARTA,0.3,5500,18333.333333333336,18333.333333333336
ORD_0000356,2024-04-23 15:18:00,2024.0,4.0,JAWA BARAT,0.5,10000,20000.0,20000.0
ORD_0000357,2024-04-23 16:18:00,2024.0,4.0,JAWA BARAT,0.5,8000,16000.0,16000.0
ORD_0000359,2024-04-23 17:07:00,2024.0,4.0,JAMBI,1.8,6500,3611.111111111111,3611.111111111111
ORD_0000360,2024-04-23 18:02:00,2024.0,4.0,JAWA BARAT,0.5,8000,16000.0,16000.0
ORD_0000363,2024-04-23 23:10:00,2024.0,4.0,BANTEN,4.2,22000,5238.095238095238,5238.095238095238
ORD_0000366,2024-04-24 06:36:00,2024.0,4.0,JAWA BARAT,5.0,20000,4000.0,4000.0
ORD_0000367,2024-04-24 08:16:00,2024.0,4.0,BANTEN,0.5,8000,16000.0,16000.0
ORD_0000368,2024-04-24 08:49:00,2024.0,4.0,BANTEN,0.2,8000,40000.0,40000.0
ORD_0000370,2024-04-24 10:38:00,2024.0,4.0,DKI JAKARTA,0.5,8000,16000.0,16000.0
ORD_0000371,2024-04-24 11:05:00,2024.0,4.0,KALIMANTAN TENGAH,0.9,10100,11222.222222222224,11222.222222222224
ORD_0000374,2024-04-24 14:43:00,2024.0,4.0,RIAU,0.4,38300,95750.0,95750.0
ORD_0000376,2024-04-24 17:01:00,2024.0,4.0,JAWA BARAT,0.2,5000,25000.0,25000.0
ORD_0000381,2024-04-24 21:09:00,2024.0,4.0,SUMATERA SELATAN,3.0,5300,1766.6666666666667,1766.6666666666667
ORD_0000383,2024-04-25 00:26:00,2024.0,4.0,JAWA BARAT,3.0,4000,1333.3333333333333,1333.3333333333333
ORD_0000386,2024-04-25 02:52:00,2024.0,4.0,JAWA TIMUR,0.5,6000,12000.0,12000.0
ORD_0000390,2024-04-25 05:58:00,2024.0,4.0,JAWA BARAT,0.5,6000,12000.0,12000.0
ORD_0000396,2024-04-25 08:21:00,2024.0,4.0,BANTEN,0.5,3000,6000.0,6000.0
ORD_0000398,2024-04-25 09:13:00,2024.0,4.0,DKI JAKARTA,52.5,1000,19.047619047619047,19.047619047619047
ORD_0000399,2024-04-25 10:38:00,2024.0,4.0,JAWA BARAT,0.5,500,1000.0,1000.0
ORD_0000402,2024-04-25 12:26:00,2024.0,4.0,SUMATERA BARAT,0.4,17800,44500.0,44500.0
ORD_0000406,2024-04-25 17:41:00,2024.0,4.0,KALIMANTAN BARAT,1.4,19800,14142.857142857143,14142.857142857143
ORD_0000409,2024-04-25 18:57:00,2024.0,4.0,KALIMANTAN BARAT,1.2,20000,16666.666666666668,16666.666666666668
ORD_0000416,2024-04-26 09:03:00,2024.0,4.0,BANTEN,2.0,17500,8750.0,8750.0
ORD_0000417,2024-04-26 10:14:00,2024.0,4.0,JAWA BARAT,0.2,10000,50000.0,50000.0
ORD_0000418,2024-04-26 12:00:00,2024.0,4.0,BENGKULU,0.4,7300,18250.0,18250.0
ORD_0000420,2024-04-26 13:55:00,2024.0,4.0,JAWA BARAT,0.7,8000,11428.57142857143,11428.57142857143
ORD_0000421,2024-04-26 16:05:00,2024.0,4.0,DKI JAKARTA,0.5,8000,16000.0,16000.0
ORD_0000423,2024-04-26 16:22:00,2024.0,4.0,JAWA BARAT,2.0,11000,5500.0,5500.0
ORD_0000424,2024-04-26 19:15:00,2024.0,4.0,JAWA BARAT,0.5,10000,20000.0,20000.0
ORD_0000425,2024-04-26 19:19:00,2024.0,4.0,BANTEN,1.2,8000,6666.666666666667,6666.666666666667
ORD_0000427,2024-04-26 20:27:00,2024.0,4.0,DKI JAKARTA,1.0,8000,8000.0,8000.0
ORD_0000429,2024-04-26 20:47:00,2024.0,4.0,DKI JAKARTA,0.5,8000,16000.0,16000.0
ORD_0000430,2024-04-26 22:41:00,2024.0,4.0,BANTEN,1.0,13000,13000.0,13000.0
ORD_0000431,2024-04-27 00:57:00,2024.0,4.0,DKI JAKARTA,19.5,11500,589.7435897435897,589.7435897435897
ORD_0000432,2024-04-27 06:21:00,2024.0,4.0,LAMPUNG,20.0,61000,3050.0,3050.0
ORD_0000433,2024-04-27 10:13:00,2024.0,4.0,RIAU,4.8,88600,18458.333333333336,18458.333333333336
ORD_0000434,2024-04-27 10:54:00,2024.0,4.0,JAWA BARAT,0.5,8000,16000.0,16000.0
ORD_0000435,2024-04-27 13:47:00,2024.0,4.0,JAWA BARAT,0.5,8000,16000.0,16000.0
ORD_0000436,2024-04-27 13:55:00,2024.0,4.0,DKI JAKARTA,0.5,8000,16000.0,16000.0
ORD_0000437,2024-04-27 13:58:00,2024.0,4.0,BANTEN,43.26,19000,439.20480813684696,439.20480813684696
ORD_0000439,2024-04-27 18:30:00,2024.0,4.0,BANTEN,0.5,8000,16000.0,16000.0
ORD_0000441,2024-04-27 20:28:00,2024.0,4.0,JAWA BARAT,3.0,4000,1333.3333333333333,1333.3333333333333
ORD_0000444,2024-04-28 20:26:00,2024.0,4.0,JAWA BARAT,0.5,8000,16000.0,16000.0
ORD_0000446,2024-04-28 06:05:00,2024.0,4.0,JAWA BARAT,1.0,8000,8000.0,8000.0
ORD_0000447,2024-04-28 07:34:00,2024.0,4.0,DKI JAKARTA,0.5,8000,16000.0,16000.0
ORD_0000448,2024-04-28 12:15:00,2024.0,4.0,SUMATERA SELATAN,0.4,17000,42500.0,42500.0
ORD_0000449,2024-04-28 13:02:00,2024.0,4.0,JAWA BARAT,0.5,8000,16000.0,16000.0
ORD_0000454,2024-04-28 15:24:00,2024.0,4.0,JAWA BARAT,2.0,8000,4000.0,4000.0
ORD_0000455,2024-04-28 16:03:00,2024.0,4.0,DKI JAKARTA,0.2,8000,40000.0,40000.0
ORD_0000456,2024-04-28 16:10:00,2024.0,4.0,JAWA BARAT,0.4,10000,25000.0,25000.0
ORD_0000458,2024-04-29 07:58:00,2024.0,4.0,JAWA BARAT,0.5,8000,16000.0,16000.0
ORD_0000459,2024-04-29 09:37:00,2024.0,4.0,DKI JAKARTA,1.0,8000,8000.0,8000.0
ORD_0000461,2024-04-29 11:56:00,2024.0,4.0,JAWA BARAT,7.5,10000,1333.3333333333333,1333.3333333333333
ORD_0000462,2024-04-29 12:51:00,2024.0,4.0,BANTEN,4.2,38500,9166.666666666666,9166.666666666666
ORD_0000463,2024-04-29 13:39:00,2024.0,4.0,JAWA BARAT,0.6,12000,20000.0,20000.0
ORD_0000465,2024-04-29 14:19:00,2024.0,4.0,BANTEN,1.7,15000,8823.529411764706,8823.529411764706
ORD_0000466,2024-04-29 14:20:00,2024.0,4.0,DKI JAKARTA,0.5,8000,16000.0,16000.0
ORD_0000467,2024-04-29 15:23:00,2024.0,4.0,JAWA BARAT,0.2,8000,40000.0,40000.0
ORD_0000468,2024-04-29 16:30:00,2024.0,4.0,JAWA BARAT,5.0,65000,13000.0,13000.0
ORD_0000469,2024-04-29 16:57:00,2024.0,4.0,JAWA BARAT,0.6,10000,16666.666666666668,16666.666666666668
ORD_0000471,2024-04-29 18:24:00,2024.0,4.0,KALIMANTAN TIMUR,0.8,57000,71250.0,71250.0
ORD_0000472,2024-04-29 19:13:00,2024.0,4.0,KALIMANTAN TIMUR,0.5,35500,71000.0,71000.0
ORD_0000473,2024-04-29 20:03:00,2024.0,4.0,BANTEN,0.4,8000,20000.0,20000.0
ORD_0000474,2024-04-29 21:15:00,2024.0,4.0,JAWA BARAT,1.0,9000,9000.0,9000.0
ORD_0000475,2024-04-30 05:18:00,2024.0,4.0,MALUKU UTARA,2.4,94000,39166.66666666667,39166.66666666667
ORD_0000476,2024-04-30 06:50:00,2024.0,4.0,BANTEN,6.0,45000,7500.0,7500.0
ORD_0000477,2024-04-30 07:27:00,2024.0,4.0,JAWA BARAT,2.0,8000,4000.0,4000.0
ORD_0000478,2024-04-30 08:36:00,2024.0,4.0,DKI JAKARTA,0.5,10000,20000.0,20000.0
ORD_0000479,2024-04-30 09:43:00,2024.0,4.0,LAMPUNG,0.2,2300,11500.0,11500.0
ORD_0000481,2024-04-30 11:29:00,2024.0,4.0,BANTEN,4.0,17500,4375.0,4375.0
ORD_0000482,2024-04-30 11:31:00,2024.0,4.0,JAWA TIMUR,0.2,8000,40000.0,40000.0
ORD_0000484,2024-04-30 13:16:00,2024.0,4.0,BANTEN,0.5,8000,16000.0,16000.0
ORD_0000485,2024-04-30 13:22:00,2024.0,4.0,BANTEN,1.5,25000,16666.666666666668,16666.666666666668
ORD_0000486,2024-04-30 15:08:00,2024.0,4.0,DKI JAKARTA,4.8,4000,833.3333333333334,833.3333333333334
ORD_0000487,2024-04-30 18:03:00,2024.0,4.0,BANTEN,0.1,8000,80000.0,80000.0
ORD_0000488,2024-04-30 19:09:00,2024.0,4.0,BANTEN,2.25,8000,3555.5555555555557,3555.5555555555557
ORD_0000489,2024-04-30 19:48:00,2024.0,4.0,JAWA BARAT,0.5,8000,16000.0,16000.0
ORD_0000492,2024-04-30 22:53:00,2024.0,4.0,BANTEN,0.5,8000,16000.0,16000.0
ORD_0000503,2025-04-04 16:44:00,2025.0,4.0,JAWA BARAT,4.8,20000,4166.666666666667,4166.666666666667
ORD_0000509,2025-04-04 18:41:00,2025.0,4.0,JAWA BARAT,2.0,3000,1500.0,1500.0
ORD_0000515,2025-04-04 19:59:00,2025.0,4.0,JAWA BARAT,0.4,500,1250.0,1250.0
ORD_0000518,2025-04-04 21:31:00,2025.0,4.0,JAWA TIMUR,4.0,2000,500.0,500.0
ORD_0000523,2025-04-04 23:30:00,2025.0,4.0,JAWA TENGAH,0.1,4500,45000.0,45000.0
ORD_0000524,2025-04-04 23:47:00,2025.0,4.0,JAMBI,0.5,5000,10000.0,10000.0
ORD_0000526,2025-04-05 07:04:00,2025.0,4.0,JAWA BARAT,0.1,4000,40000.0,40000.0
ORD_0000529,2025-04-05 09:48:00,2025.0,4.0,BALI,0.6,4500,7500.0,7500.0
ORD_0000533,2025-04-05 12:50:00,2025.0,4.0,DKI JAKARTA,5.0,7200,1440.0,1440.0
ORD_0000548,2025-04-05 22:51:00,2025.0,4.0,BANGKA BELITUNG,0.2,16000,80000.0,80000.0
ORD_0000550,2025-04-05 23:46:00,2025.0,4.0,JAWA BARAT,0.1,8000,80000.0,80000.0
ORD_0000554,2025-04-06 08:09:00,2025.0,4.0,SULAWESI SELATAN,1.2,12200,10166.666666666668,10166.666666666668
ORD_0000557,2025-04-06 08:59:00,2025.0,4.0,KALIMANTAN SELATAN,0.9,6500,7222.222222222222,7222.222222222222
ORD_0000560,2025-04-06 09:32:00,2025.0,4.0,BANGKA BELITUNG,32.0,63193,1974.78125,1974.78125
ORD_0000562,2025-04-06 10:25:00,2025.0,4.0,SUMATERA BARAT,0.4,700,1750.0,1750.0
ORD_0000564,2025-04-06 11:42:00,2025.0,4.0,JAWA TIMUR,1.0,1000,1000.0,1000.0
ORD_0000571,2025-04-06 16:29:00,2025.0,4.0,BANTEN,0.08,3000,37500.0,37500.0
ORD_0000573,2025-04-06 16:55:00,2025.0,4.0,SUMATERA SELATAN,2.6,1000,384.6153846153846,384.6153846153846
ORD_0000576,2025-04-06 19:09:00,2025.0,4.0,KALIMANTAN TENGAH,0.6,18500,30833.333333333336,30833.333333333336
ORD_0000579,2025-04-07 08:09:00,2025.0,4.0,DKI JAKARTA,7.0,8000,1142.857142857143,1142.857142857143
ORD_0000580,2025-04-07 08:23:00,2025.0,4.0,JAWA BARAT,10.02,10110,1008.9820359281438,1008.9820359281438
ORD_0000581,2025-04-07 09:10:00,2025.0,4.0,JAMBI,1.0,200,200.0,200.0
ORD_0000596,2025-04-07 16:40:00,2025.0,4.0,JAWA BARAT,0.2,4000,20000.0,20000.0
ORD_0000597,2025-04-07 16:43:00,2025.0,4.0,BANGKA BELITUNG,0.3,15500,51666.66666666667,51666.66666666667
ORD_0000614,2025-04-08 07:51:00,2025.0,4.0,JAWA BARAT,0.1,5000,50000.0,50000.0
ORD_0000618,2025-04-08 09:08:00,2025.0,4.0,BALI,2.0,52000,26000.0,26000.0
ORD_0000622,2025-04-08 11:11:00,2025.0,4.0,JAWA BARAT,0.14,10000,71428.57142857142,71428.57142857142
ORD_0000623,2025-04-08 11:45:00,2025.0,4.0,RIAU,0.7,1000,1428.571428571429,1428.571428571429
ORD_0000624,2025-04-08 12:58:00,2025.0,4.0,JAWA BARAT,1.5,2500,1666.6666666666667,1666.6666666666667
ORD_0000626,2025-04-08 13:40:00,2025.0,4.0,JAWA TENGAH,0.5,500,1000.0,1000.0
ORD_0000627,2025-04-08 14:48:00,2025.0,4.0,DKI JAKARTA,8.75,3000,342.85714285714283,342.85714285714283
ORD_0000632,2025-04-08 18:39:00,2025.0,4.0,JAWA TENGAH,0.5,1000,2000.0,2000.0
ORD_0000634,2025-04-08 19:26:00,2025.0,4.0,JAWA TIMUR,0.16,1000,6250.0,6250.0
ORD_0000636,2025-04-08 19:31:00,2025.0,4.0,SUMATERA BARAT,0.2,1900,9500.0,9500.0
ORD_0000637,2025-04-08 19:51:00,2025.0,4.0,SUMATERA UTARA,2.7,4100,1518.5185185185185,1518.5185185185185
ORD_0000638,2025-04-08 19:51:00,2025.0,4.0,JAWA BARAT,5.2,5800,1115.3846153846152,1115.3846153846152
ORD_0000639,2025-04-08 19:53:00,2025.0,4.0,JAWA BARAT,0.2,1000,5000.0,5000.0
ORD_0000649,2025-04-09 07:03:00,2025.0,4.0,JAWA TIMUR,0.1,1000,10000.0,10000.0
ORD_0000651,2025-04-09 08:07:00,2025.0,4.0,JAWA BARAT,3.0,10000,3333.3333333333335,3333.3333333333335
ORD_0000652,2025-04-09 09:40:00,2025.0,4.0,JAWA TENGAH,10.0,21500,2150.0,2150.0
ORD_0000656,2025-04-09 12:31:00,2025.0,4.0,SULAWESI UTARA,1.2,25500,21250.0,21250.0
ORD_0000658,2025-04-09 12:41:00,2025.0,4.0,JAWA BARAT,0.5,1000,2000.0,2000.0
ORD_0000664,2025-04-09 15:27:00,2025.0,4.0,SULAWESI TENGAH,1.7,40000,23529.411764705885,23529.411764705885
ORD_0000665,2025-04-09 15:49:00,2025.0,4.0,BANTEN,1.8,17500,9722.222222222224,9722.222222222224
ORD_0000666,2025-04-09 16:27:00,2025.0,4.0,SUMATERA BARAT,0.8,17300,21625.0,21625.0
ORD_0000668,2025-04-09 18:33:00,2025.0,4.0,KALIMANTAN BARAT,0.5,15000,30000.0,30000.0
ORD_0000671,2025-04-09 19:55:00,2025.0,4.0,BANGKA BELITUNG,0.5,3300,6600.0,6600.0
ORD_0000672,2025-04-09 19:57:00,2025.0,4.0,JAWA TIMUR,0.05,1000,20000.0,20000.0
ORD_0000674,2025-04-09 20:39:00,2025.0,4.0,JAWA BARAT,6.0,801,133.5,133.5
ORD_0000679,2025-04-10 05:44:00,2025.0,4.0,JAWA BARAT,0.1,6500,65000.0,65000.0
ORD_0000685,2025-04-10 11:15:00,2025.0,4.0,SUMATERA SELATAN,0.4,10000,25000.0,25000.0
ORD_0000688,2025-04-10 12:14:00,2025.0,4.0,DKI JAKARTA,60.4,1000,16.55629139072848,16.55629139072848
ORD_0000689,2025-04-10 12:22:00,2025.0,4.0,DI YOGYAKARTA,0.1,10500,105000.0,105000.0
ORD_0000697,2025-04-10 13:49:00,2025.0,4.0,JAWA TENGAH,0.5,1000,2000.0,2000.0
ORD_0000698,2025-04-10 14:00:00,2025.0,4.0,BALI,19.8,15500,782.8282828282828,782.8282828282828
ORD_0000700,2025-04-10 14:36:00,2025.0,4.0,RIAU,0.5,16500,33000.0,33000.0
ORD_0000702,2025-04-10 14:52:00,2025.0,4.0,JAWA TENGAH,0.8,1000,1250.0,1250.0
ORD_0000709,2025-04-10 18:42:00,2025.0,4.0,DKI JAKARTA,2.0,1000,500.0,500.0
ORD_0000715,2025-04-10 21:13:00,2025.0,4.0,DI YOGYAKARTA,2.0,9000,4500.0,4500.0
ORD_0000716,2025-04-10 21:29:00,2025.0,4.0,BALI,0.4,3000,7500.0,7500.0
ORD_0000717,2025-04-10 21:30:00,2025.0,4.0,JAWA BARAT,10.0,5289,528.9,528.9
ORD_0000721,2025-04-10 22:51:00,2025.0,4.0,BANTEN,0.1,3000,30000.0,30000.0
ORD_0000731,2025-04-11 09:43:00,2025.0,4.0,DI YOGYAKARTA,0.1,10500,105000.0,105000.0
ORD_0000732,2025-04-11 10:24:00,2025.0,4.0,JAWA BARAT,0.5,10000,20000.0,20000.0
ORD_0000736,2025-04-11 11:40:00,2025.0,4.0,JAWA BARAT,3.2,800,250.0,250.0
ORD_0000744,2025-04-11 14:45:00,2025.0,4.0,BANGKA BELITUNG,0.5,15400,30800.0,30800.0
ORD_0000750,2025-04-11 20:41:00,2025.0,4.0,JAWA BARAT,0.5,8000,16000.0,16000.0
ORD_0000757,2025-04-12 07:26:00,2025.0,4.0,LAMPUNG,0.5,1000,2000.0,2000.0
ORD_0000758,2025-04-12 08:03:00,2025.0,4.0,SULAWESI SELATAN,0.5,11500,23000.0,23000.0
ORD_0000759,2025-04-12 09:19:00,2025.0,4.0,DKI JAKARTA,0.5,8000,16000.0,16000.0
ORD_0000760,2025-04-12 09:48:00,2025.0,4.0,BENGKULU,1.0,14500,14500.0,14500.0
ORD_0000761,2025-04-12 10:03:00,2025.0,4.0,LAMPUNG,1.0,8200,8200.0,8200.0
ORD_0000763,2025-04-12 11:00:00,2025.0,4.0,DKI JAKARTA,0.1,8000,80000.0,80000.0
ORD_0000765,2025-04-12 12:26:00,2025.0,4.0,BANTEN,0.5,18000,36000.0,36000.0
ORD_0000771,2025-04-12 14:40:00,2025.0,4.0,JAWA BARAT,0.1,9500,95000.0,95000.0
ORD_0000772,2025-04-12 15:41:00,2025.0,4.0,BALI,0.4,3000,7500.0,7500.0
ORD_0000774,2025-04-12 17:04:00,2025.0,4.0,BENGKULU,0.5,2900,5800.0,5800.0
ORD_0000776,2025-04-12 18:28:00,2025.0,4.0,JAWA TIMUR,0.5,1000,2000.0,2000.0
ORD_0000780,2025-04-12 19:10:00,2025.0,4.0,JAWA BARAT,0.5,1000,2000.0,2000.0
ORD_0000781,2025-04-12 19:24:00,2025.0,4.0,BANTEN,0.5,13000,26000.0,26000.0
ORD_0000783,2025-04-12 19:57:00,2025.0,4.0,NUSA TENGGARA BARAT (NTB),4.0,78000,19500.0,19500.0
ORD_0000784,2025-04-12 21:00:00,2025.0,4.0,JAMBI,0.5,6100,12200.0,12200.0
ORD_0000785,2025-04-12 23:48:00,2025.0,4.0,DI YOGYAKARTA,3.6,1000,277.77777777777777,277.77777777777777
ORD_0000788,2025-04-13 06:25:00,2025.0,4.0,JAWA TENGAH,0.1,11000,110000.0,110000.0
ORD_0000801,2025-04-13 12:22:00,2025.0,4.0,BANTEN,0.1,8000,80000.0,80000.0
ORD_0000802,2025-04-13 13:11:00,2025.0,4.0,DKI JAKARTA,0.1,3000,30000.0,30000.0
ORD_0000804,2025-04-13 13:36:00,2025.0,4.0,GORONTALO,0.4,6200,15500.0,15500.0
ORD_0000807,2025-04-13 15:52:00,2025.0,4.0,SULAWESI SELATAN,0.4,18500,46250.0,46250.0
ORD_0000815,2025-04-13 18:50:00,2025.0,4.0,SULAWESI SELATAN,0.5,3500,7000.0,7000.0
ORD_0000828,2025-04-14 08:10:00,2025.0,4.0,DKI JAKARTA,2.0,1000,500.0,500.0
ORD_0000831,2025-04-14 09:38:00,2025.0,4.0,DKI JAKARTA,0.1,3000,30000.0,30000.0
ORD_0000834,2025-04-14 10:13:00,2025.0,4.0,BANTEN,2.6,4500,1730.7692307692307,1730.7692307692307
ORD_0000837,2025-04-14 10:46:00,2025.0,4.0,JAWA TIMUR,8.0,62300,7787.5,7787.5
ORD_0000844,2025-04-14 12:18:00,2025.0,4.0,JAWA TIMUR,0.1,4900,49000.0,49000.0
ORD_0000847,2025-04-14 12:47:00,2025.0,4.0,JAWA TENGAH,0.2,1000,5000.0,5000.0
ORD_0000857,2025-04-14 17:10:00,2025.0,4.0,KALIMANTAN SELATAN,0.3,4100,13666.666666666668,13666.666666666668
ORD_0000859,2025-04-14 17:31:00,2025.0,4.0,JAWA BARAT,0.1,1700,17000.0,17000.0
ORD_0000864,2025-04-14 21:47:00,2025.0,4.0,RIAU,1.5,17000,11333.333333333334,11333.333333333334
ORD_0000866,2025-04-15 00:27:00,2025.0,4.0,LAMPUNG,0.2,12300,61500.0,61500.0
ORD_0000867,2025-04-15 00:30:00,2025.0,4.0,RIAU,0.4,16500,41250.0,41250.0
ORD_0000871,2025-04-15 05:51:00,2025.0,4.0,KEPULAUAN RIAU,3.9,8000,2051.2820512820513,2051.2820512820513
ORD_0000873,2025-04-15 07:56:00,2025.0,4.0,JAWA TIMUR,1.7,12000,7058.823529411765,7058.823529411765
ORD_0000876,2025-04-15 10:25:00,2025.0,4.0,DKI JAKARTA,0.1,8000,80000.0,80000.0
ORD_0000882,2025-04-15 11:42:00,2025.0,4.0,SUMATERA UTARA,0.8,6000,7500.0,7500.0
ORD_0000883,2025-04-15 12:21:00,2025.0,4.0,BANTEN,0.5,13000,26000.0,26000.0
ORD_0000886,2025-04-15 13:01:00,2025.0,4.0,JAWA TIMUR,1.0,1000,1000.0,1000.0
ORD_0000893,2025-04-15 18:06:00,2025.0,4.0,SUMATERA SELATAN,1.1,14500,13181.81818181818,13181.81818181818
ORD_0000895,2025-04-15 19:15:00,2025.0,4.0,DKI JAKARTA,0.1,3000,30000.0,30000.0
ORD_0000897,2025-04-15 19:52:00,2025.0,4.0,BANTEN,0.1,3000,30000.0,30000.0
ORD_0000900,2025-04-15 20:36:00,2025.0,4.0,JAWA TIMUR,0.2,1000,5000.0,5000.0
ORD_0000912,2025-04-16 10:45:00,2025.0,4.0,JAWA BARAT,1.0,8000,8000.0,8000.0
ORD_0000919,2025-04-16 11:48:00,2025.0,4.0,JAWA BARAT,0.1,1700,17000.0,17000.0
ORD_0000923,2025-04-16 13:56:00,2025.0,4.0,JAWA TIMUR,0.5,2000,4000.0,4000.0
ORD_0000924,2025-04-16 14:27:00,2025.0,4.0,BANTEN,0.1,3000,30000.0,30000.0
ORD_0000928,2025-04-16 16:08:00,2025.0,4.0,JAWA BARAT,0.22,8000,36363.63636363636,36363.63636363636
ORD_0000930,2025-04-16 17:02:00,2025.0,4.0,DKI JAKARTA,0.5,8000,16000.0,16000.0
ORD_0000931,2025-04-16 18:54:00,2025.0,4.0,JAWA BARAT,0.5,1000,2000.0,2000.0
ORD_0000932,2025-04-16 19:37:00,2025.0,4.0,LAMPUNG,0.5,1000,2000.0,2000.0
ORD_0000933,2025-04-16 20:02:00,2025.0,4.0,LAMPUNG,0.4,33200,83000.0,83000.0
ORD_0000940,2025-04-17 05:50:00,2025.0,4.0,BANTEN,0.2,17500,87500.0,87500.0
ORD_0000961,2025-04-17 19:17:00,2025.0,4.0,SUMATERA BARAT,0.2,16000,80000.0,80000.0
ORD_0000964,2025-04-17 21:54:00,2025.0,4.0,JAMBI,0.5,5000,10000.0,10000.0
ORD_0000977,2025-04-18 15:29:00,2025.0,4.0,JAWA TENGAH,2.0,16000,8000.0,8000.0
ORD_0000978,2025-04-18 15:30:00,2025.0,4.0,JAWA TENGAH,1.4,32000,22857.14285714286,22857.14285714286
ORD_0000981,2025-04-18 18:34:00,2025.0,4.0,JAWA BARAT,0.75,12500,16666.666666666668,16666.666666666668
ORD_0000983,2025-04-18 20:07:00,2025.0,4.0,JAWA BARAT,0.12,8000,66666.66666666667,66666.66666666667
ORD_0000984,2025-04-18 20:28:00,2025.0,4.0,KALIMANTAN TIMUR,0.65,19500,30000.0,30000.0
ORD_0000985,2025-04-18 20:41:00,2025.0,4.0,RIAU,2.0,3700,1850.0,1850.0
ORD_0000987,2025-04-18 21:27:00,2025.0,4.0,GORONTALO,0.5,31200,62400.0,62400.0
ORD_0000993,2025-04-19 06:32:00,2025.0,4.0,NUSA TENGGARA TIMUR (NTT),0.2,68500,342500.0,170093.75000000035
ORD_0000995,2025-04-19 08:29:00,2025.0,4.0,JAWA BARAT,0.1,3000,30000.0,30000.0
ORD_0000998,2025-04-19 08:54:00,2025.0,4.0,JAWA TIMUR,1.0,1000,1000.0,1000.0
ORD_0000999,2025-04-19 09:58:00,2025.0,4.0,DKI JAKARTA,0.5,18000,36000.0,36000.0
ORD_0001005,2025-04-19 12:39:00,2025.0,4.0,GORONTALO,1.6,400,250.0,250.0
ORD_0001012,2025-04-19 15:55:00,2025.0,4.0,SULAWESI SELATAN,1.2,12200,10166.666666666668,10166.666666666668
ORD_0001013,2025-04-19 17:32:00,2025.0,4.0,DI YOGYAKARTA,1.2,500,416.6666666666667,416.6666666666667
ORD_0001014,2025-04-19 19:38:00,2025.0,4.0,JAWA BARAT,9.0,6000,666.6666666666666,666.6666666666666
ORD_0001017,2025-04-19 20:56:00,2025.0,4.0,NANGGROE ACEH DARUSSALAM (NAD),6.0,40701,6783.5,6783.5
ORD_0001022,2025-04-20 04:32:00,2025.0,4.0,JAWA BARAT,0.1,3000,30000.0,30000.0
ORD_0001029,2025-04-20 09:13:00,2025.0,4.0,JAWA BARAT,10.0,37900,3790.0,3790.0
ORD_0001032,2025-04-20 13:42:00,2025.0,4.0,RIAU,5.0,80000,16000.0,16000.0
ORD_0001034,2025-04-20 13:55:00,2025.0,4.0,SULAWESI TENGAH,0.5,21500,43000.0,43000.0
ORD_0001035,2025-04-20 14:00:00,2025.0,4.0,JAWA TIMUR,0.3,500,1666.6666666666667,1666.6666666666667
ORD_0001036,2025-04-20 16:41:00,2025.0,4.0,JAWA BARAT,0.2,9500,47500.0,47500.0
ORD_0001038,2025-04-20 17:32:00,2025.0,4.0,JAWA BARAT,7.6,12500,1644.7368421052631,1644.7368421052631
ORD_0001040,2025-04-20 19:43:00,2025.0,4.0,BANTEN,0.1,8000,80000.0,80000.0
ORD_0001042,2025-04-20 20:23:00,2025.0,4.0,JAMBI,2.4,4000,1666.6666666666667,1666.6666666666667
ORD_0001045,2025-04-20 21:54:00,2025.0,4.0,BANTEN,3.04,8000,2631.578947368421,2631.578947368421
ORD_0001047,2025-04-20 22:13:00,2025.0,4.0,RIAU,2.0,17500,8750.0,8750.0
ORD_0001049,2025-04-20 23:52:00,2025.0,4.0,KALIMANTAN SELATAN,0.4,13200,33000.0,33000.0
ORD_0001052,2025-04-21 05:50:00,2025.0,4.0,SULAWESI SELATAN,1.8,19760,10977.777777777776,10977.777777777776
ORD_0001060,2025-04-21 11:32:00,2025.0,4.0,JAWA BARAT,0.2,7000,35000.0,35000.0
ORD_0001062,2025-04-21 11:48:00,2025.0,4.0,JAWA BARAT,0.3,500,1666.6666666666667,1666.6666666666667
ORD_0001069,2025-04-21 15:13:00,2025.0,4.0,NANGGROE ACEH DARUSSALAM (NAD),0.5,11500,23000.0,23000.0
ORD_0001070,2025-04-21 15:18:00,2025.0,4.0,SULAWESI SELATAN,5.0,72000,14400.0,14400.0
ORD_0001071,2025-04-21 15:29:00,2025.0,4.0,DKI JAKARTA,0.5,5500,11000.0,11000.0
ORD_0001073,2025-04-21 16:54:00,2025.0,4.0,JAWA BARAT,9.0,3000,333.3333333333333,333.3333333333333
ORD_0001079,2025-04-21 21:50:00,2025.0,4.0,KALIMANTAN TENGAH,0.2,17200,86000.0,86000.0
ORD_0001082,2025-04-22 13:03:00,2025.0,4.0,DKI JAKARTA,2.4,6500,2708.3333333333335,2708.3333333333335
ORD_0001083,2025-04-22 13:32:00,2025.0,4.0,DKI JAKARTA,0.16,8000,50000.0,50000.0
ORD_0001106,2025-04-22 11:33:00,2025.0,4.0,RIAU,0.4,1000,2500.0,2500.0
ORD_0001114,2025-04-23 10:47:00,2025.0,4.0,BANTEN,3.0,4000,1333.3333333333333,1333.3333333333333
ORD_0001129,2025-04-23 19:40:00,2025.0,4.0,SULAWESI SELATAN,0.6,13300,22166.666666666668,22166.666666666668
ORD_0001130,2025-04-23 20:23:00,2025.0,4.0,SULAWESI SELATAN,1.2,12200,10166.666666666668,10166.666666666668
ORD_0001135,2025-04-24 06:45:00,2025.0,4.0,BANTEN,0.4,5500,13750.0,13750.0
ORD_0001137,2025-04-24 07:22:00,2025.0,4.0,BANTEN,7.0,2000,285.7142857142857,285.7142857142857
ORD_0001139,2025-04-24 09:59:00,2025.0,4.0,DKI JAKARTA,7.0,20500,2928.5714285714284,2928.5714285714284
ORD_0001143,2025-04-24 10:58:00,2025.0,4.0,JAWA BARAT,3.4,6000,1764.7058823529412,1764.7058823529412
ORD_0001147,2025-04-24 13:02:00,2025.0,4.0,BANTEN,0.44,5400,12272.727272727272,12272.727272727272
ORD_0001150,2025-04-24 15:47:00,2025.0,4.0,JAWA BARAT,0.2,10000,50000.0,50000.0
ORD_0001152,2025-04-24 18:02:00,2025.0,4.0,NANGGROE ACEH DARUSSALAM (NAD),2.0,6500,3250.0,3250.0
ORD_0001157,2025-04-24 21:28:00,2025.0,4.0,LAMPUNG,1.0,14400,14400.0,14400.0
ORD_0001167,2025-04-25 12:46:00,2025.0,4.0,JAWA BARAT,5.0,10400,2080.0,2080.0
ORD_0001169,2025-04-25 13:58:00,2025.0,4.0,SULAWESI BARAT,0.12,16300,135833.33333333334,135833.33333333334
ORD_0001179,2025-04-25 21:03:00,2025.0,4.0,KALIMANTAN SELATAN,8.52,26400,3098.5915492957747,3098.5915492957747
ORD_0001193,2025-04-26 17:26:00,2025.0,4.0,JAWA TIMUR,0.2,1000,5000.0,5000.0
ORD_0001198,2025-04-26 19:54:00,2025.0,4.0,SUMATERA SELATAN,0.4,11500,28750.0,28750.0
ORD_0001201,2025-04-26 20:25:00,2025.0,4.0,SUMATERA UTARA,1.0,14500,14500.0,14500.0
ORD_0001204,2025-04-26 23:00:00,2025.0,4.0,JAWA BARAT,3.2,800,250.0,250.0
ORD_0001205,2025-04-26 23:01:00,2025.0,4.0,JAWA BARAT,3.2,800,250.0,250.0
ORD_0001211,2025-04-27 09:45:00,2025.0,4.0,JAWA TENGAH,0.1,6000,60000.0,60000.0
ORD_0001212,2025-04-27 11:24:00,2025.0,4.0,KALIMANTAN SELATAN,2.4,5000,2083.3333333333335,2083.3333333333335
ORD_0001214,2025-04-27 12:24:00,2025.0,4.0,KALIMANTAN BARAT,0.6,14500,24166.666666666668,24166.666666666668
ORD_0001217,2025-04-27 15:27:00,2025.0,4.0,SUMATERA SELATAN,3.2,17000,5312.5,5312.5
ORD_0001226,2025-04-27 22:26:00,2025.0,4.0,KALIMANTAN BARAT,0.5,3500,7000.0,7000.0
ORD_0001232,2025-04-28 07:38:00,2025.0,4.0,SUMATERA UTARA,1.0,15500,15500.0,15500.0
ORD_0001244,2025-04-28 11:48:00,2025.0,4.0,JAWA BARAT,5.0,20000,4000.0,4000.0
ORD_0001254,2025-04-28 17:50:00,2025.0,4.0,RIAU,1.0,1000,1000.0,1000.0
ORD_0001255,2025-04-28 18:34:00,2025.0,4.0,JAWA TIMUR,0.44,1000,2272.7272727272725,2272.7272727272725
ORD_0001257,2025-04-28 19:34:00,2025.0,4.0,DKI JAKARTA,0.1,6500,65000.0,65000.0
ORD_0001264,2025-04-29 07:16:00,2025.0,4.0,JAWA TENGAH,0.25,1000,4000.0,4000.0
ORD_0001273,2025-04-29 12:37:00,2025.0,4.0,BANTEN,2.64,10000,3787.878787878787,3787.878787878787
ORD_0001274,2025-04-29 12:43:00,2025.0,4.0,JAWA TIMUR,0.3,500,1666.6666666666667,1666.6666666666667
ORD_0001275,2025-04-29 13:03:00,2025.0,4.0,JAWA TIMUR,15.5,10300,664.516129032258,664.516129032258
ORD_0001276,2025-04-29 14:31:00,2025.0,4.0,SULAWESI SELATAN,1.2,12200,10166.666666666668,10166.666666666668
ORD_0001277,2025-04-29 14:50:00,2025.0,4.0,KALIMANTAN BARAT,0.5,11500,23000.0,23000.0
ORD_0001280,2025-04-29 15:15:00,2025.0,4.0,SUMATERA SELATAN,0.5,18500,37000.0,37000.0
ORD_0001281,2025-04-29 15:24:00,2025.0,4.0,SUMATERA SELATAN,0.6,9300,15500.0,15500.0
ORD_0001284,2025-04-29 16:33:00,2025.0,4.0,JAWA TENGAH,2.0,12000,6000.0,6000.0
ORD_0001293,2025-04-29 21:47:00,2025.0,4.0,SULAWESI SELATAN,1.2,12200,10166.666666666668,10166.666666666668
ORD_0001297,2025-04-30 08:44:00,2025.0,4.0,SUMATERA SELATAN,0.3,18500,61666.66666666667,61666.66666666667
ORD_0001302,2025-04-30 09:28:00,2025.0,4.0,JAWA BARAT,0.5,10000,20000.0,20000.0
ORD_0001303,2025-04-30 09:47:00,2025.0,4.0,BANTEN,1.8,9000,5000.0,5000.0
ORD_0001304,2025-04-30 12:54:00,2025.0,4.0,JAWA TENGAH,0.16,2000,12500.0,12500.0
ORD_0001317,2024-08-01 00:11:00,2024.0,8.0,BANTEN,2.0,8000,4000.0,4000.0
ORD_0001319,2024-08-01 04:03:00,2024.0,8.0,NUSA TENGGARA BARAT (NTB),1.2,16000,13333.333333333334,13333.333333333334
ORD_0001320,2024-08-01 05:29:00,2024.0,8.0,JAWA TIMUR,1.0,8500,8500.0,8500.0
ORD_0001321,2024-08-01 06:53:00,2024.0,8.0,DKI JAKARTA,1.2,8000,6666.666666666667,6666.666666666667
ORD_0001326,2024-08-01 09:44:00,2024.0,8.0,DKI JAKARTA,1.0,8000,8000.0,8000.0
ORD_0001327,2024-08-01 09:52:00,2024.0,8.0,SULAWESI UTARA,6.0,203000,33833.333333333336,33833.333333333336
ORD_0001329,2024-08-01 10:49:00,2024.0,8.0,DKI JAKARTA,4.0,12000,3000.0,3000.0
ORD_0001330,2024-08-01 11:31:00,2024.0,8.0,JAWA TENGAH,0.2,12500,62500.0,62500.0
ORD_0001331,2024-08-01 11:32:00,2024.0,8.0,JAWA TENGAH,0.2,12500,62500.0,62500.0
ORD_0001334,2024-08-01 12:20:00,2024.0,8.0,JAWA BARAT,1.0,15500,15500.0,15500.0
ORD_0001337,2024-08-01 13:06:00,2024.0,8.0,BANTEN,0.08,3000,37500.0,37500.0
ORD_0001338,2024-08-01 13:06:00,2024.0,8.0,JAWA BARAT,0.5,500,1000.0,1000.0
ORD_0001343,2024-08-01 14:13:00,2024.0,8.0,BANTEN,0.08,3000,37500.0,37500.0
ORD_0001348,2024-08-01 18:06:00,2024.0,8.0,MALUKU UTARA,9.0,260000,28888.88888888889,28888.88888888889
ORD_0001357,2024-08-01 20:43:00,2024.0,8.0,JAWA BARAT,0.08,5500,68750.0,68750.0
ORD_0001358,2024-08-01 20:47:00,2024.0,8.0,SUMATERA BARAT,0.2,11000,55000.0,55000.0
ORD_0001363,2024-08-01 21:11:00,2024.0,8.0,SULAWESI UTARA,0.6,27500,45833.333333333336,45833.333333333336
ORD_0001366,2024-08-01 22:50:00,2024.0,8.0,KALIMANTAN TIMUR,1.0,10500,10500.0,10500.0
ORD_0001370,2024-08-02 07:27:00,2024.0,8.0,BANTEN,1.7,6000,3529.4117647058824,3529.4117647058824
ORD_0001375,2024-08-02 09:53:00,2024.0,8.0,JAWA BARAT,0.16,3000,18750.0,18750.0
ORD_0001380,2024-08-02 11:33:00,2024.0,8.0,JAWA BARAT,0.16,3500,21875.0,21875.0
ORD_0001381,2024-08-02 11:33:00,2024.0,8.0,DKI JAKARTA,20.0,25000,1250.0,1250.0
ORD_0001390,2024-08-02 14:23:00,2024.0,8.0,JAWA TENGAH,0.5,16500,33000.0,33000.0
ORD_0001392,2024-08-02 14:34:00,2024.0,8.0,BANTEN,0.2,8000,40000.0,40000.0
ORD_0001393,2024-08-02 14:53:00,2024.0,8.0,BANTEN,0.1,8000,80000.0,80000.0
ORD_0001394,2024-08-02 15:36:00,2024.0,8.0,JAWA BARAT,10.0,5000,500.0,500.0
ORD_0001396,2024-08-02 15:52:00,2024.0,8.0,DKI JAKARTA,3.0,16500,5500.0,5500.0
ORD_0001397,2024-08-02 17:10:00,2024.0,8.0,JAWA TENGAH,0.08,12000,150000.0,150000.0
ORD_0001398,2024-08-02 18:07:00,2024.0,8.0,DKI JAKARTA,1.2,18000,15000.0,15000.0
ORD_0001402,2024-08-02 20:21:00,2024.0,8.0,SUMATERA SELATAN,1.0,10500,10500.0,10500.0
ORD_0001406,2024-08-02 21:18:00,2024.0,8.0,JAWA BARAT,2.0,500,250.0,250.0
ORD_0001407,2024-08-02 21:34:00,2024.0,8.0,JAWA TIMUR,0.3,4500,15000.0,15000.0
ORD_0001408,2024-08-02 22:08:00,2024.0,8.0,JAWA TENGAH,0.5,4500,9000.0,9000.0
ORD_0001409,2024-08-02 22:10:00,2024.0,8.0,JAWA BARAT,0.5,2000,4000.0,4000.0
ORD_0001410,2024-08-02 22:29:00,2024.0,8.0,BANTEN,0.5,8000,16000.0,16000.0
ORD_0001413,2024-08-03 05:15:00,2024.0,8.0,JAWA TIMUR,25.0,76000,3040.0,3040.0
ORD_0001414,2024-08-03 06:36:00,2024.0,8.0,BANTEN,1.0,8000,8000.0,8000.0
ORD_0001415,2024-08-03 07:14:00,2024.0,8.0,BENGKULU,0.2,12000,60000.0,60000.0
ORD_0001419,2024-08-03 08:20:00,2024.0,8.0,JAWA BARAT,0.5,500,1000.0,1000.0
ORD_0001420,2024-08-03 08:41:00,2024.0,8.0,JAWA TIMUR,0.3,8000,26666.666666666668,26666.666666666668
ORD_0001421,2024-08-03 09:53:00,2024.0,8.0,BANTEN,0.5,9500,19000.0,19000.0
ORD_0001423,2024-08-03 10:53:00,2024.0,8.0,KALIMANTAN TIMUR,1.0,14400,14400.0,14400.0
ORD_0001424,2024-08-03 11:04:00,2024.0,8.0,DKI JAKARTA,1.2,8000,6666.666666666667,6666.666666666667
ORD_0001427,2024-08-03 12:58:00,2024.0,8.0,BANTEN,0.5,3000,6000.0,6000.0
ORD_0001428,2024-08-03 12:59:00,2024.0,8.0,BANTEN,0.5,3000,6000.0,6000.0
ORD_0001429,2024-08-03 13:15:00,2024.0,8.0,JAWA BARAT,0.6,8000,13333.333333333334,13333.333333333334
ORD_0001432,2024-08-03 15:23:00,2024.0,8.0,JAWA BARAT,1.35,1000,740.7407407407406,740.7407407407406
ORD_0001436,2024-08-03 16:36:00,2024.0,8.0,LAMPUNG,1.14,16000,14035.087719298246,14035.087719298246
ORD_0001438,2024-08-03 16:56:00,2024.0,8.0,JAWA BARAT,1.0,8000,8000.0,8000.0
ORD_0001444,2024-08-03 18:30:00,2024.0,8.0,JAWA BARAT,0.5,12500,25000.0,25000.0
ORD_0001450,2024-08-03 22:25:00,2024.0,8.0,BANGKA BELITUNG,2.7,15500,5740.74074074074,5740.74074074074
ORD_0001456,2024-08-04 04:15:00,2024.0,8.0,DI YOGYAKARTA,0.4,1000,2500.0,2500.0
ORD_0001458,2024-08-04 07:24:00,2024.0,8.0,JAWA TIMUR,0.6,1000,1666.6666666666667,1666.6666666666667
ORD_0001460,2024-08-04 08:11:00,2024.0,8.0,JAWA TIMUR,0.2,9500,47500.0,47500.0
ORD_0001462,2024-08-04 09:53:00,2024.0,8.0,JAWA BARAT,1.0,8000,8000.0,8000.0
ORD_0001464,2024-08-04 11:02:00,2024.0,8.0,JAWA BARAT,0.2,5000,25000.0,25000.0
ORD_0001465,2024-08-04 11:48:00,2024.0,8.0,SUMATERA UTARA,2.0,15500,7750.0,7750.0
ORD_0001470,2024-08-04 16:05:00,2024.0,8.0,DKI JAKARTA,0.1,8000,80000.0,80000.0
ORD_0001471,2024-08-04 16:13:00,2024.0,8.0,JAWA BARAT,0.5,10500,21000.0,21000.0
ORD_0001473,2024-08-04 17:33:00,2024.0,8.0,BANGKA BELITUNG,3.3,7000,2121.2121212121215,2121.2121212121215
ORD_0001474,2024-08-04 19:04:00,2024.0,8.0,JAWA BARAT,0.08,5500,68750.0,68750.0
ORD_0001478,2024-08-04 21:12:00,2024.0,8.0,DI YOGYAKARTA,1.0,500,500.0,500.0
ORD_0001479,2024-08-04 21:44:00,2024.0,8.0,JAWA BARAT,0.5,8000,16000.0,16000.0
ORD_0001482,2024-08-05 01:33:00,2024.0,8.0,BANTEN,0.5,3500,7000.0,7000.0
ORD_0001483,2024-08-05 02:16:00,2024.0,8.0,KALIMANTAN SELATAN,1.0,15000,15000.0,15000.0
ORD_0001486,2024-08-05 06:23:00,2024.0,8.0,LAMPUNG,1.2,39500,32916.66666666667,32916.66666666667
ORD_0001489,2024-08-05 09:37:00,2024.0,8.0,JAWA BARAT,1.35,6000,4444.444444444444,4444.444444444444
ORD_0001492,2024-08-05 09:56:00,2024.0,8.0,BANTEN,0.3,13000,43333.333333333336,43333.333333333336
ORD_0001493,2024-08-05 10:09:00,2024.0,8.0,JAWA BARAT,5.4,17500,3240.7407407407404,3240.7407407407404
ORD_0001496,2024-08-05 11:23:00,2024.0,8.0,DKI JAKARTA,3.0,4000,1333.3333333333333,1333.3333333333333
ORD_0001502,2024-08-05 13:44:00,2024.0,8.0,JAWA BARAT,1.0,5500,5500.0,5500.0
ORD_0001515,2024-08-05 17:29:00,2024.0,8.0,NANGGROE ACEH DARUSSALAM (NAD),0.2,18500,92500.0,92500.0
ORD_0001516,2024-08-05 17:35:00,2024.0,8.0,BANTEN,12.0,25000,2083.3333333333335,2083.3333333333335
ORD_0001524,2024-08-05 20:26:00,2024.0,8.0,SULAWESI TENGAH,0.6,12500,20833.333333333336,20833.333333333336
ORD_0001526,2024-08-05 20:45:00,2024.0,8.0,KALIMANTAN BARAT,0.5,20500,41000.0,41000.0
ORD_0001535,2024-08-06 06:49:00,2024.0,8.0,JAWA TIMUR,0.3,13500,45000.0,45000.0
ORD_0001540,2024-08-06 09:00:00,2024.0,8.0,DI YOGYAKARTA,1.0,11500,11500.0,11500.0
ORD_0001545,2024-08-06 11:17:00,2024.0,8.0,KALIMANTAN BARAT,0.9,15500,17222.222222222223,17222.222222222223
ORD_0001553,2024-08-06 13:14:00,2024.0,8.0,BANTEN,0.5,3000,6000.0,6000.0
ORD_0001554,2024-08-06 14:26:00,2024.0,8.0,DI YOGYAKARTA,0.6,16000,26666.666666666668,26666.666666666668
ORD_0001557,2024-08-06 15:33:00,2024.0,8.0,JAWA TIMUR,6.15,23000,3739.837398373983,3739.837398373983
ORD_0001559,2024-08-06 15:46:00,2024.0,8.0,JAWA BARAT,0.5,8000,16000.0,16000.0
ORD_0001562,2024-08-06 16:50:00,2024.0,8.0,SULAWESI SELATAN,1.4,3000,2142.857142857143,2142.857142857143
ORD_0001565,2024-08-06 18:30:00,2024.0,8.0,JAWA BARAT,0.5,500,1000.0,1000.0
ORD_0001570,2024-08-06 21:27:00,2024.0,8.0,JAWA TENGAH,3.4,12000,3529.4117647058824,3529.4117647058824
ORD_0001571,2024-08-06 21:30:00,2024.0,8.0,SUMATERA SELATAN,4.0,10000,2500.0,2500.0
ORD_0001576,2024-08-07 05:58:00,2024.0,8.0,SUMATERA SELATAN,0.2,15100,75500.0,75500.0
ORD_0001583,2024-08-07 09:52:00,2024.0,8.0,BANTEN,3.0,4000,1333.3333333333333,1333.3333333333333
ORD_0001584,2024-08-07 11:26:00,2024.0,8.0,SULAWESI TENGGARA,0.4,32500,81250.0,81250.0
ORD_0001586,2024-08-07 11:33:00,2024.0,8.0,JAWA BARAT,0.5,2500,5000.0,5000.0
ORD_0001587,2024-08-07 11:39:00,2024.0,8.0,JAWA BARAT,0.3,1500,5000.0,5000.0
ORD_0001589,2024-08-07 12:51:00,2024.0,8.0,JAWA BARAT,0.5,8000,16000.0,16000.0
ORD_0001590,2024-08-07 13:24:00,2024.0,8.0,JAWA TENGAH,4.0,44000,11000.0,11000.0
ORD_0001591,2024-08-07 13:42:00,2024.0,8.0,JAWA TENGAH,2.0,9000,4500.0,4500.0
ORD_0001593,2024-08-07 14:05:00,2024.0,8.0,DKI JAKARTA,8.0,10000,1250.0,1250.0
ORD_0001594,2024-08-07 14:35:00,2024.0,8.0,DKI JAKARTA,12.0,28000,2333.3333333333335,2333.3333333333335
ORD_0001595,2024-08-07 16:21:00,2024.0,8.0,BANTEN,0.16,3000,18750.0,18750.0
ORD_0001596,2024-08-07 17:15:00,2024.0,8.0,JAWA BARAT,0.25,8000,32000.0,32000.0
ORD_0001604,2024-08-07 20:51:00,2024.0,8.0,DKI JAKARTA,0.1,8000,80000.0,80000.0
ORD_0001606,2024-08-07 21:27:00,2024.0,8.0,BANTEN,1.0,13000,13000.0,13000.0
ORD_0001615,2024-08-08 01:15:00,2024.0,8.0,DI YOGYAKARTA,4.8,2000,416.6666666666667,416.6666666666667
ORD_0001619,2024-08-08 02:06:00,2024.0,8.0,RIAU,0.6,1000,1666.6666666666667,1666.6666666666667
ORD_0001631,2024-08-08 08:16:00,2024.0,8.0,JAWA BARAT,0.5,500,1000.0,1000.0
ORD_0001633,2024-08-08 08:34:00,2024.0,8.0,JAWA TIMUR,0.1,10000,100000.0,100000.0
ORD_0001634,2024-08-08 08:38:00,2024.0,8.0,RIAU,2.0,35000,17500.0,17500.0
ORD_0001635,2024-08-08 08:40:00,2024.0,8.0,SULAWESI SELATAN,0.6,33300,55500.0,55500.0
ORD_0001645,2024-08-08 11:01:00,2024.0,8.0,JAWA BARAT,19.24,20000,1039.5010395010397,1039.5010395010397
ORD_0001646,2024-08-08 11:13:00,2024.0,8.0,BALI,4.5,21000,4666.666666666667,4666.666666666667
ORD_0001651,2024-08-08 12:37:00,2024.0,8.0,RIAU,1.0,16200,16200.0,16200.0
ORD_0001652,2024-08-08 13:02:00,2024.0,8.0,DKI JAKARTA,20.0,36000,1800.0,1800.0
ORD_0001656,2024-08-08 14:53:00,2024.0,8.0,SULAWESI UTARA,2.2,500,227.27272727272725,227.27272727272725
ORD_0001662,2024-08-08 16:17:00,2024.0,8.0,JAWA BARAT,20.02,5000,249.75024975024976,249.75024975024976
ORD_0001670,2024-08-08 18:36:00,2024.0,8.0,JAWA BARAT,0.5,8000,16000.0,16000.0
ORD_0001671,2024-08-08 19:23:00,2024.0,8.0,JAWA TIMUR,9.0,23200,2577.777777777778,2577.777777777778
ORD_0001675,2024-08-08 20:06:00,2024.0,8.0,KEPULAUAN RIAU,0.16,19500,121875.0,121875.0
ORD_0001685,2024-08-08 21:47:00,2024.0,8.0,SUMATERA BARAT,0.2,2500,12500.0,12500.0
ORD_0001688,2024-08-08 22:20:00,2024.0,8.0,JAWA BARAT,9.0,4000,444.44444444444446,444.44444444444446
ORD_0001691,2024-08-08 22:53:00,2024.0,8.0,RIAU,0.25,1000,4000.0,4000.0
ORD_0001693,2024-08-08 23:11:00,2024.0,8.0,DKI JAKARTA,3.0,4000,1333.3333333333333,1333.3333333333333
ORD_0001694,2024-08-08 23:51:00,2024.0,8.0,SUMATERA SELATAN,0.5,13500,27000.0,27000.0
ORD_0001699,2024-08-09 05:47:00,2024.0,8.0,NUSA TENGGARA BARAT (NTB),1.2,1000,833.3333333333334,833.3333333333334
ORD_0001705,2024-08-09 08:44:00,2024.0,8.0,JAWA BARAT,0.5,8000,16000.0,16000.0
ORD_0001706,2024-08-09 09:34:00,2024.0,8.0,BANTEN,10.4,9000,865.3846153846154,865.3846153846154
ORD_0001707,2024-08-09 10:28:00,2024.0,8.0,BANGKA BELITUNG,0.4,8000,20000.0,20000.0
ORD_0001708,2024-08-09 10:38:00,2024.0,8.0,DKI JAKARTA,0.5,10000,20000.0,20000.0
ORD_0001709,2024-08-09 10:45:00,2024.0,8.0,JAWA BARAT,6.0,25000,4166.666666666667,4166.666666666667
ORD_0001715,2024-08-09 13:57:00,2024.0,8.0,LAMPUNG,0.5,3500,7000.0,7000.0
ORD_0001718,2024-08-09 14:44:00,2024.0,8.0,JAWA BARAT,4.0,10000,2500.0,2500.0
ORD_0001721,2024-08-09 15:20:00,2024.0,8.0,BANTEN,4.2,18000,4285.714285714285,4285.714285714285
ORD_0001722,2024-08-09 16:35:00,2024.0,8.0,JAWA TIMUR,1.0,500,500.0,500.0
ORD_0001723,2024-08-09 17:15:00,2024.0,8.0,BANTEN,2.36,36000,15254.237288135591,15254.237288135591
ORD_0001725,2024-08-09 17:50:00,2024.0,8.0,JAWA TIMUR,5.3,50000,9433.962264150943,9433.962264150943
ORD_0001727,2024-08-09 18:18:00,2024.0,8.0,JAWA BARAT,1.7,1000,588.2352941176471,588.2352941176471
ORD_0001729,2024-08-09 18:28:00,2024.0,8.0,JAMBI,0.4,2000,5000.0,5000.0
ORD_0001734,2024-08-09 20:10:00,2024.0,8.0,SUMATERA BARAT,1.0,1000,1000.0,1000.0
ORD_0001743,2024-08-10 10:12:00,2024.0,8.0,JAWA BARAT,0.08,2000,25000.0,25000.0
ORD_0001747,2024-08-10 11:39:00,2024.0,8.0,SUMATERA UTARA,2.0,14500,7250.0,7250.0
ORD_0001751,2024-08-10 12:14:00,2024.0,8.0,JAWA TIMUR,0.2,17500,87500.0,87500.0
ORD_0001752,2024-08-10 12:17:00,2024.0,8.0,SULAWESI SELATAN,2.0,24800,12400.0,12400.0
ORD_0001754,2024-08-10 14:45:00,2024.0,8.0,BANTEN,0.5,8000,16000.0,16000.0
ORD_0001756,2024-08-10 15:05:00,2024.0,8.0,DKI JAKARTA,1.0,38500,38500.0,38500.0
ORD_0001757,2024-08-10 15:12:00,2024.0,8.0,JAWA TENGAH,0.07,6000,85714.28571428571,85714.28571428571
ORD_0001760,2024-08-10 16:02:00,2024.0,8.0,DKI JAKARTA,1.4,16000,11428.57142857143,11428.57142857143
ORD_0001764,2024-08-10 17:44:00,2024.0,8.0,SUMATERA BARAT,0.8,16500,20625.0,20625.0
ORD_0001767,2024-08-10 18:56:00,2024.0,8.0,JAWA BARAT,0.16,8000,50000.0,50000.0
ORD_0001768,2024-08-10 20:03:00,2024.0,8.0,SUMATERA UTARA,0.5,6000,12000.0,12000.0
ORD_0001772,2024-08-11 05:16:00,2024.0,8.0,JAWA BARAT,1.0,12000,12000.0,12000.0
ORD_0001776,2024-08-11 10:24:00,2024.0,8.0,JAWA BARAT,0.5,8000,16000.0,16000.0
ORD_0001777,2024-08-11 10:26:00,2024.0,8.0,JAWA BARAT,0.5,8000,16000.0,16000.0
ORD_0001778,2024-08-11 10:45:00,2024.0,8.0,JAWA BARAT,0.16,3500,21875.0,21875.0
ORD_0001780,2024-08-11 11:07:00,2024.0,8.0,SUMATERA SELATAN,1.0,8500,8500.0,8500.0
ORD_0001782,2024-08-11 11:44:00,2024.0,8.0,SUMATERA UTARA,0.6,4400,7333.333333333334,7333.333333333334
ORD_0001783,2024-08-11 11:57:00,2024.0,8.0,SUMATERA SELATAN,0.5,7000,14000.0,14000.0
ORD_0001788,2024-08-11 14:36:00,2024.0,8.0,JAWA TENGAH,0.3,4500,15000.0,15000.0
ORD_0001791,2024-08-11 15:51:00,2024.0,8.0,JAWA BARAT,4.0,38000,9500.0,9500.0
ORD_0001793,2024-08-11 16:34:00,2024.0,8.0,NUSA TENGGARA BARAT (NTB),0.6,36000,60000.0,60000.0
ORD_0001794,2024-08-11 16:40:00,2024.0,8.0,DKI JAKARTA,15.0,76000,5066.666666666667,5066.666666666667
ORD_0001797,2024-08-11 17:58:00,2024.0,8.0,JAWA TENGAH,0.5,6500,13000.0,13000.0
ORD_0001799,2024-08-11 18:30:00,2024.0,8.0,JAWA TENGAH,0.6,1000,1666.6666666666667,1666.6666666666667
ORD_0001800,2024-08-11 19:18:00,2024.0,8.0,BENGKULU,2.0,42200,21100.0,21100.0
ORD_0001801,2024-08-11 19:19:00,2024.0,8.0,DKI JAKARTA,0.5,8000,16000.0,16000.0
ORD_0001804,2024-08-11 20:15:00,2024.0,8.0,JAWA BARAT,0.1,10000,100000.0,100000.0
ORD_0001812,2024-08-12 04:59:00,2024.0,8.0,JAWA TIMUR,5.0,10000,2000.0,2000.0
ORD_0001814,2024-08-12 05:25:00,2024.0,8.0,JAWA BARAT,2.0,1000,500.0,500.0
ORD_0001815,2024-08-12 07:43:00,2024.0,8.0,RIAU,1.0,11000,11000.0,11000.0
ORD_0001817,2024-08-12 08:14:00,2024.0,8.0,DKI JAKARTA,0.5,8000,16000.0,16000.0
ORD_0001819,2024-08-12 08:33:00,2024.0,8.0,DKI JAKARTA,0.2,8000,40000.0,40000.0
ORD_0001820,2024-08-12 08:34:00,2024.0,8.0,JAWA BARAT,45.0,75000,1666.6666666666667,1666.6666666666667
ORD_0001822,2024-08-12 08:55:00,2024.0,8.0,BANTEN,8.4,16000,1904.7619047619048,1904.7619047619048
ORD_0001823,2024-08-12 09:43:00,2024.0,8.0,BANTEN,2.4,5000,2083.3333333333335,2083.3333333333335
ORD_0001828,2024-08-12 12:01:00,2024.0,8.0,BANTEN,3.0,1000,333.3333333333333,333.3333333333333
ORD_0001832,2024-08-12 13:19:00,2024.0,8.0,DKI JAKARTA,0.3,8000,26666.666666666668,26666.666666666668
ORD_0001833,2024-08-12 13:29:00,2024.0,8.0,JAMBI,0.4,5200,13000.0,13000.0
ORD_0001835,2024-08-12 14:13:00,2024.0,8.0,BANTEN,1.0,8000,8000.0,8000.0
ORD_0001838,2024-08-12 15:02:00,2024.0,8.0,JAWA BARAT,7.5,34000,4533.333333333333,4533.333333333333
ORD_0001839,2024-08-12 15:08:00,2024.0,8.0,DKI JAKARTA,0.2,8000,40000.0,40000.0
ORD_0001841,2024-08-12 16:57:00,2024.0,8.0,BANTEN,5.2,40000,7692.307692307692,7692.307692307692
ORD_0001842,2024-08-12 17:02:00,2024.0,8.0,SULAWESI TENGAH,0.7,54300,77571.42857142858,77571.42857142858
ORD_0001843,2024-08-12 18:13:00,2024.0,8.0,SUMATERA BARAT,0.3,4500,15000.0,15000.0
ORD_0001850,2024-08-12 20:06:00,2024.0,8.0,DKI JAKARTA,0.5,8000,16000.0,16000.0
ORD_0001851,2024-08-12 20:33:00,2024.0,8.0,JAWA BARAT,2.0,500,250.0,250.0
ORD_0001854,2024-08-12 22:44:00,2024.0,8.0,SULAWESI UTARA,2.2,52000,23636.363636363636,23636.363636363636
ORD_0001858,2024-08-13 03:52:00,2024.0,8.0,DKI JAKARTA,4.0,1000,250.0,250.0
ORD_0001860,2024-08-13 07:44:00,2024.0,8.0,JAWA BARAT,0.08,500,6250.0,6250.0
ORD_0001865,2024-08-13 09:52:00,2024.0,8.0,JAWA BARAT,0.1,8000,80000.0,80000.0
ORD_0001866,2024-08-13 10:21:00,2024.0,8.0,JAWA BARAT,0.5,2000,4000.0,4000.0
ORD_0001867,2024-08-13 10:42:00,2024.0,8.0,DKI JAKARTA,3.5,25000,7142.857142857143,7142.857142857143
ORD_0001868,2024-08-13 11:00:00,2024.0,8.0,JAWA TENGAH,0.08,4000,50000.0,50000.0
ORD_0001872,2024-08-13 13:42:00,2024.0,8.0,KALIMANTAN TENGAH,1.5,29000,19333.333333333332,19333.333333333332
ORD_0001881,2024-08-13 15:53:00,2024.0,8.0,DKI JAKARTA,5.5,5000,909.0909090909092,909.0909090909092
ORD_0001887,2024-08-13 19:29:00,2024.0,8.0,JAWA BARAT,0.5,8000,16000.0,16000.0
ORD_0001889,2024-08-13 20:59:00,2024.0,8.0,BENGKULU,1.0,19500,19500.0,19500.0
ORD_0001890,2024-08-13 20:59:00,2024.0,8.0,JAWA BARAT,0.16,8000,50000.0,50000.0
ORD_0001891,2024-08-13 21:13:00,2024.0,8.0,SULAWESI BARAT,0.4,26300,65750.0,65750.0
ORD_0001893,2024-08-13 22:10:00,2024.0,8.0,JAWA BARAT,0.08,8000,100000.0,100000.0
ORD_0001895,2024-08-14 06:24:00,2024.0,8.0,BANTEN,0.08,8000,100000.0,100000.0
ORD_0001897,2024-08-14 06:29:00,2024.0,8.0,BANTEN,0.5,8000,16000.0,16000.0
ORD_0001899,2024-08-14 09:53:00,2024.0,8.0,NUSA TENGGARA BARAT (NTB),1.2,14500,12083.333333333334,12083.333333333334
ORD_0001900,2024-08-14 10:20:00,2024.0,8.0,DKI JAKARTA,0.5,8000,16000.0,16000.0
ORD_0001901,2024-08-14 10:25:00,2024.0,8.0,JAWA BARAT,0.25,8000,32000.0,32000.0
ORD_0001902,2024-08-14 10:32:00,2024.0,8.0,JAWA BARAT,0.16,8000,50000.0,50000.0
ORD_0001903,2024-08-14 10:47:00,2024.0,8.0,KALIMANTAN TENGAH,0.2,36300,181500.0,170093.75000000035
ORD_0001909,2024-08-14 13:24:00,2024.0,8.0,NANGGROE ACEH DARUSSALAM (NAD),1.2,11500,9583.333333333334,9583.333333333334
ORD_0001912,2024-08-14 14:28:00,2024.0,8.0,JAWA BARAT,1.7,1000,588.2352941176471,588.2352941176471
ORD_0001922,2024-08-14 18:41:00,2024.0,8.0,RIAU,0.4,16500,41250.0,41250.0
ORD_0001927,2024-08-14 20:12:00,2024.0,8.0,JAWA BARAT,0.4,3000,7500.0,7500.0
ORD_0001930,2024-08-14 21:51:00,2024.0,8.0,JAWA TENGAH,5.5,2500,454.54545454545456,454.54545454545456
ORD_0001934,2024-08-14 23:01:00,2024.0,8.0,JAWA BARAT,1.0,3000,3000.0,3000.0
ORD_0001938,2024-08-15 02:23:00,2024.0,8.0,BANTEN,0.08,3000,37500.0,37500.0
ORD_0001942,2024-08-15 08:31:00,2024.0,8.0,BANTEN,0.16,8000,50000.0,50000.0
ORD_0001944,2024-08-15 09:26:00,2024.0,8.0,SULAWESI SELATAN,1.2,22500,18750.0,18750.0
ORD_0001945,2024-08-15 11:50:00,2024.0,8.0,JAWA BARAT,1.0,500,500.0,500.0
ORD_0001947,2024-08-15 12:45:00,2024.0,8.0,BANTEN,0.3,3000,10000.0,10000.0
ORD_0001948,2024-08-15 12:48:00,2024.0,8.0,DKI JAKARTA,6.0,17000,2833.3333333333335,2833.3333333333335
ORD_0001950,2024-08-15 14:14:00,2024.0,8.0,DKI JAKARTA,0.5,8000,16000.0,16000.0
ORD_0001953,2024-08-15 15:21:00,2024.0,8.0,DKI JAKARTA,32.9,2500,75.98784194528876,75.98784194528876
ORD_0001961,2024-08-15 18:19:00,2024.0,8.0,JAMBI,0.6,15200,25333.333333333336,25333.333333333336
ORD_0001963,2024-08-15 18:40:00,2024.0,8.0,SULAWESI TENGAH,1.7,45000,26470.58823529412,26470.58823529412
ORD_0001968,2024-08-15 22:56:00,2024.0,8.0,JAMBI,1.2,15500,12916.666666666668,12916.666666666668
ORD_0001973,2024-08-16 07:15:00,2024.0,8.0,JAMBI,0.1,20000,200000.0,170093.75000000035
ORD_0001974,2024-08-16 09:01:00,2024.0,8.0,JAWA BARAT,0.5,8000,16000.0,16000.0
ORD_0001976,2024-08-16 09:34:00,2024.0,8.0,BANTEN,52.5,29900,569.5238095238095,569.5238095238095
ORD_0001977,2024-08-16 09:35:00,2024.0,8.0,SULAWESI SELATAN,2.04,18000,8823.529411764706,8823.529411764706
ORD_0001979,2024-08-16 12:27:00,2024.0,8.0,DKI JAKARTA,3.0,14000,4666.666666666667,4666.666666666667
ORD_0001980,2024-08-16 13:41:00,2024.0,8.0,LAMPUNG,0.3,16500,55000.0,55000.0
ORD_0001981,2024-08-16 15:06:00,2024.0,8.0,BANTEN,1.7,21000,12352.94117647059,12352.94117647059
ORD_0001982,2024-08-16 15:13:00,2024.0,8.0,BANTEN,4.2,16500,3928.571428571429,3928.571428571429
ORD_0001983,2024-08-16 15:17:00,2024.0,8.0,NANGGROE ACEH DARUSSALAM (NAD),1.2,13500,11250.0,11250.0
ORD_0001994,2024-08-17 00:49:00,2024.0,8.0,RIAU,0.3,11000,36666.66666666667,36666.66666666667
ORD_0001997,2024-08-17 04:29:00,2024.0,8.0,JAWA BARAT,0.3,500,1666.6666666666667,1666.6666666666667
ORD_0002000,2024-08-17 07:34:00,2024.0,8.0,DKI JAKARTA,5.0,17500,3500.0,3500.0
ORD_0002005,2024-08-17 09:14:00,2024.0,8.0,BANTEN,0.5,8000,16000.0,16000.0
ORD_0002006,2024-08-17 09:43:00,2024.0,8.0,BANTEN,63.4,90000,1419.5583596214512,1419.5583596214512
ORD_0002007,2024-08-17 10:00:00,2024.0,8.0,LAMPUNG,1.0,3000,3000.0,3000.0
ORD_0002011,2024-08-17 14:15:00,2024.0,8.0,BANTEN,1.2,22500,18750.0,18750.0
ORD_0002015,2024-08-17 15:15:00,2024.0,8.0,JAWA BARAT,0.5,2000,4000.0,4000.0
ORD_0002020,2024-08-17 17:37:00,2024.0,8.0,BANTEN,0.08,3000,37500.0,37500.0
ORD_0002025,2024-08-17 19:38:00,2024.0,8.0,SUMATERA UTARA,1.7,26000,15294.117647058823,15294.117647058823
ORD_0002026,2024-08-17 19:59:00,2024.0,8.0,BANGKA BELITUNG,1.0,5000,5000.0,5000.0
ORD_0002028,2024-08-17 21:26:00,2024.0,8.0,JAWA BARAT,0.32,4000,12500.0,12500.0
ORD_0002030,2024-08-17 22:58:00,2024.0,8.0,BENGKULU,0.6,7500,12500.0,12500.0
ORD_0002032,2024-08-18 00:10:00,2024.0,8.0,JAWA BARAT,0.5,4000,8000.0,8000.0
ORD_0002034,2024-08-18 00:49:00,2024.0,8.0,SUMATERA SELATAN,0.5,5000,10000.0,10000.0
ORD_0002039,2024-08-18 07:37:00,2024.0,8.0,BANTEN,4.5,18000,4000.0,4000.0
ORD_0002042,2024-08-18 08:49:00,2024.0,8.0,NUSA TENGGARA BARAT (NTB),2.0,29000,14500.0,14500.0
ORD_0002046,2024-08-18 11:44:00,2024.0,8.0,SUMATERA SELATAN,2.44,14500,5942.622950819672,5942.622950819672
ORD_0002047,2024-08-18 11:50:00,2024.0,8.0,JAWA BARAT,0.5,4000,8000.0,8000.0
ORD_0002051,2024-08-18 12:39:00,2024.0,8.0,JAWA BARAT,3.0,4000,1333.3333333333333,1333.3333333333333
ORD_0002056,2024-08-18 14:25:00,2024.0,8.0,BANTEN,0.3,3000,10000.0,10000.0
ORD_0002058,2024-08-18 17:44:00,2024.0,8.0,MALUKU,4.0,112000,28000.0,28000.0
ORD_0002061,2024-08-18 20:49:00,2024.0,8.0,JAWA BARAT,0.08,3000,37500.0,37500.0
ORD_0002062,2024-08-18 21:15:00,2024.0,8.0,JAWA BARAT,0.5,2500,5000.0,5000.0
ORD_0002064,2024-08-18 21:44:00,2024.0,8.0,JAWA BARAT,0.56,8000,14285.714285714284,14285.714285714284
ORD_0002065,2024-08-18 22:05:00,2024.0,8.0,JAWA TENGAH,0.2,4000,20000.0,20000.0
ORD_0002066,2024-08-18 23:44:00,2024.0,8.0,JAWA BARAT,0.5,14000,28000.0,28000.0
ORD_0002071,2024-08-19 08:46:00,2024.0,8.0,JAWA BARAT,10.0,65000,6500.0,6500.0
ORD_0002072,2024-08-19 09:19:00,2024.0,8.0,SUMATERA SELATAN,0.4,8500,21250.0,21250.0
ORD_0002074,2024-08-19 11:04:00,2024.0,8.0,JAWA BARAT,4.0,96000,24000.0,24000.0
ORD_0002076,2024-08-19 11:28:00,2024.0,8.0,JAWA BARAT,0.16,3000,18750.0,18750.0
ORD_0002084,2024-08-19 14:10:00,2024.0,8.0,BANTEN,0.08,3000,37500.0,37500.0
ORD_0002085,2024-08-19 14:14:00,2024.0,8.0,SULAWESI SELATAN,0.3,2400,8000.0,8000.0
ORD_0002086,2024-08-19 14:25:00,2024.0,8.0,BANTEN,58.0,21000,362.0689655172414,362.0689655172414
ORD_0002089,2024-08-19 16:55:00,2024.0,8.0,LAMPUNG,0.08,30000,375000.0,170093.75000000035
ORD_0002090,2024-08-19 17:17:00,2024.0,8.0,JAWA TIMUR,0.4,10000,25000.0,25000.0
ORD_0002095,2024-08-19 18:42:00,2024.0,8.0,JAWA BARAT,2.0,8000,4000.0,4000.0
ORD_0002097,2024-08-19 19:34:00,2024.0,8.0,DKI JAKARTA,3.0,14000,4666.666666666667,4666.666666666667
ORD_0002102,2024-08-19 23:40:00,2024.0,8.0,BANTEN,0.5,3000,6000.0,6000.0
ORD_0002107,2024-08-20 06:41:00,2024.0,8.0,JAWA BARAT,0.2,3000,15000.0,15000.0
ORD_0002108,2024-08-20 09:28:00,2024.0,8.0,BANTEN,0.1,8000,80000.0,80000.0
ORD_0002110,2024-08-20 09:30:00,2024.0,8.0,JAWA TIMUR,6.63,13000,1960.7843137254904,1960.7843137254904
ORD_0002112,2024-08-20 09:35:00,2024.0,8.0,KEPULAUAN RIAU,1.0,13000,13000.0,13000.0
ORD_0002116,2024-08-20 11:44:00,2024.0,8.0,JAWA BARAT,13.6,12000,882.3529411764706,882.3529411764706
ORD_0002118,2024-08-20 12:21:00,2024.0,8.0,JAWA TIMUR,0.2,4000,20000.0,20000.0
ORD_0002124,2024-08-20 14:25:00,2024.0,8.0,BANTEN,0.5,8000,16000.0,16000.0
ORD_0002127,2024-08-20 15:57:00,2024.0,8.0,LAMPUNG,0.6,27500,45833.333333333336,45833.333333333336
ORD_0002136,2024-08-20 19:27:00,2024.0,8.0,JAWA TIMUR,0.08,4000,50000.0,50000.0
ORD_0002139,2024-08-20 21:30:00,2024.0,8.0,JAWA TENGAH,0.5,4000,8000.0,8000.0
ORD_0002143,2024-08-20 22:36:00,2024.0,8.0,DKI JAKARTA,1.35,6000,4444.444444444444,4444.444444444444
ORD_0002145,2024-08-20 23:17:00,2024.0,8.0,BANTEN,0.2,8000,40000.0,40000.0
ORD_0002147,2024-08-21 01:49:00,2024.0,8.0,JAWA BARAT,0.16,1500,9375.0,9375.0
ORD_0002157,2024-08-21 09:57:00,2024.0,8.0,BANTEN,0.1,13000,130000.0,130000.0
ORD_0002159,2024-08-21 10:36:00,2024.0,8.0,JAWA BARAT,3.6,20000,5555.555555555556,5555.555555555556
ORD_0002168,2024-08-21 15:34:00,2024.0,8.0,LAMPUNG,4.0,24000,6000.0,6000.0
ORD_0002169,2024-08-21 16:13:00,2024.0,8.0,SUMATERA UTARA,2.85,3000,1052.6315789473683,1052.6315789473683
ORD_0002174,2024-08-21 17:01:00,2024.0,8.0,JAWA BARAT,2.0,8000,4000.0,4000.0
ORD_0002177,2024-08-21 18:47:00,2024.0,8.0,JAWA BARAT,1.3,4000,3076.9230769230767,3076.9230769230767
ORD_0002178,2024-08-21 19:02:00,2024.0,8.0,JAWA BARAT,0.08,500,6250.0,6250.0
ORD_0002179,2024-08-21 19:06:00,2024.0,8.0,RIAU,2.4,1000,416.6666666666667,416.6666666666667
ORD_0002181,2024-08-21 20:26:00,2024.0,8.0,NUSA TENGGARA BARAT (NTB),14.44,10000,692.5207756232687,692.5207756232687
ORD_0002186,2024-08-21 22:41:00,2024.0,8.0,JAWA BARAT,0.08,4000,50000.0,50000.0
ORD_0002187,2024-08-22 13:40:00,2024.0,8.0,JAWA BARAT,3.4,32000,9411.764705882351,9411.764705882351
ORD_0002188,2024-08-22 13:44:00,2024.0,8.0,SUMATERA SELATAN,3.0,14000,4666.666666666667,4666.666666666667
ORD_0002189,2024-08-22 14:59:00,2024.0,8.0,JAWA BARAT,0.5,12000,24000.0,24000.0
ORD_0002191,2024-08-22 16:26:00,2024.0,8.0,DKI JAKARTA,0.5,8000,16000.0,16000.0
ORD_0002195,2024-08-22 17:55:00,2024.0,8.0,JAMBI,1.0,16500,16500.0,16500.0
ORD_0002196,2024-08-22 18:16:00,2024.0,8.0,RIAU,0.2,6500,32500.0,32500.0
ORD_0002199,2024-08-22 19:50:00,2024.0,8.0,DKI JAKARTA,1.0,8000,8000.0,8000.0
ORD_0002201,2024-08-22 20:00:00,2024.0,8.0,BANTEN,6.6,2500,378.7878787878788,378.7878787878788
ORD_0002204,2024-08-22 20:18:00,2024.0,8.0,DKI JAKARTA,2.0,1000,500.0,500.0
ORD_0002205,2024-08-22 20:28:00,2024.0,8.0,BANTEN,3.4,15000,4411.764705882353,4411.764705882353
ORD_0002208,2024-08-22 00:21:00,2024.0,8.0,JAWA BARAT,0.5,14000,28000.0,28000.0
ORD_0002219,2024-08-22 11:23:00,2024.0,8.0,JAWA TENGAH,0.08,4000,50000.0,50000.0
ORD_0002221,2024-08-23 01:17:00,2024.0,8.0,DI YOGYAKARTA,22.8,23100,1013.157894736842,1013.157894736842
ORD_0002222,2024-08-23 05:12:00,2024.0,8.0,NUSA TENGGARA BARAT (NTB),2.1,14500,6904.761904761905,6904.761904761905
ORD_0002238,2024-08-23 09:56:00,2024.0,8.0,JAWA TENGAH,4.0,4000,1000.0,1000.0
ORD_0002245,2024-08-23 13:20:00,2024.0,8.0,JAWA BARAT,1.7,6000,3529.4117647058824,3529.4117647058824
ORD_0002246,2024-08-23 13:54:00,2024.0,8.0,BANGKA BELITUNG,0.5,12000,24000.0,24000.0
ORD_0002249,2024-08-23 14:34:00,2024.0,8.0,LAMPUNG,0.5,1000,2000.0,2000.0
ORD_0002251,2024-08-23 14:50:00,2024.0,8.0,LAMPUNG,0.5,1000,2000.0,2000.0
ORD_0002258,2024-08-23 18:43:00,2024.0,8.0,SUMATERA BARAT,0.2,6000,30000.0,30000.0
ORD_0002261,2024-08-23 20:14:00,2024.0,8.0,KALIMANTAN BARAT,1.0,7000,7000.0,7000.0
ORD_0002266,2024-08-23 23:22:00,2024.0,8.0,JAWA BARAT,78.0,54001,692.3205128205128,692.3205128205128
ORD_0002271,2024-08-24 07:38:00,2024.0,8.0,BANTEN,67.5,31000,459.2592592592592,459.2592592592592
ORD_0002272,2024-08-24 08:45:00,2024.0,8.0,LAMPUNG,0.1,1000,10000.0,10000.0
ORD_0002275,2024-08-24 10:04:00,2024.0,8.0,NUSA TENGGARA BARAT (NTB),13.2,201500,15265.151515151516,15265.151515151516
ORD_0002280,2024-08-24 10:55:00,2024.0,8.0,BANTEN,15.0,53000,3533.3333333333335,3533.3333333333335
ORD_0002283,2024-08-24 11:28:00,2024.0,8.0,LAMPUNG,1.0,1000,1000.0,1000.0
ORD_0002290,2024-08-24 14:37:00,2024.0,8.0,JAWA TIMUR,0.07,4000,57142.85714285714,57142.85714285714
ORD_0002302,2024-08-24 19:43:00,2024.0,8.0,JAWA TIMUR,3.8,8000,2105.263157894737,2105.263157894737
ORD_0002304,2024-08-24 20:10:00,2024.0,8.0,SUMATERA BARAT,0.6,9500,15833.333333333334,15833.333333333334
ORD_0002306,2024-08-24 22:48:00,2024.0,8.0,KALIMANTAN BARAT,1.2,13500,11250.0,11250.0
ORD_0002309,2024-08-25 06:34:00,2024.0,8.0,JAWA TIMUR,4.0,10000,2500.0,2500.0
ORD_0002322,2024-08-25 11:30:00,2024.0,8.0,JAWA BARAT,4.0,38500,9625.0,9625.0
ORD_0002327,2024-08-25 12:44:00,2024.0,8.0,DKI JAKARTA,30.0,162000,5400.0,5400.0
ORD_0002328,2024-08-25 12:56:00,2024.0,8.0,BANTEN,1.0,8000,8000.0,8000.0
ORD_0002330,2024-08-25 13:55:00,2024.0,8.0,BANTEN,0.5,8000,16000.0,16000.0
ORD_0002345,2024-08-25 18:55:00,2024.0,8.0,JAWA BARAT,0.7,1000,1428.571428571429,1428.571428571429
ORD_0002367,2024-08-26 02:25:00,2024.0,8.0,BANTEN,0.8,8000,10000.0,10000.0
ORD_0002369,2024-08-26 06:03:00,2024.0,8.0,JAWA BARAT,0.08,2000,25000.0,25000.0
ORD_0002371,2024-08-26 07:55:00,2024.0,8.0,JAWA TIMUR,6.0,8000,1333.3333333333333,1333.3333333333333
ORD_0002380,2024-08-26 12:27:00,2024.0,8.0,JAWA BARAT,7.3,8000,1095.890410958904,1095.890410958904
ORD_0002381,2024-08-26 12:32:00,2024.0,8.0,DKI JAKARTA,3.6,30000,8333.333333333334,8333.333333333334
ORD_0002382,2024-08-26 12:33:00,2024.0,8.0,BANTEN,3.75,8500,2266.6666666666665,2266.6666666666665
ORD_0002391,2024-08-26 14:34:00,2024.0,8.0,JAWA BARAT,3.0,27000,9000.0,9000.0
ORD_0002393,2024-08-26 15:03:00,2024.0,8.0,JAWA BARAT,0.1,2500,25000.0,25000.0
ORD_0002408,2024-08-26 19:28:00,2024.0,8.0,JAWA BARAT,0.5,8000,16000.0,16000.0
ORD_0002414,2024-08-26 21:14:00,2024.0,8.0,SUMATERA BARAT,1.0,1000,1000.0,1000.0
ORD_0002417,2024-08-26 22:32:00,2024.0,8.0,DKI JAKARTA,2.0,18500,9250.0,9250.0
ORD_0002421,2024-08-26 23:20:00,2024.0,8.0,JAWA BARAT,0.4,4000,10000.0,10000.0
ORD_0002423,2024-08-27 00:21:00,2024.0,8.0,SUMATERA SELATAN,0.5,2000,4000.0,4000.0
ORD_0002429,2024-08-27 07:11:00,2024.0,8.0,KALIMANTAN BARAT,0.5,18500,37000.0,37000.0
ORD_0002430,2024-08-27 07:13:00,2024.0,8.0,KALIMANTAN BARAT,0.5,18500,37000.0,37000.0
ORD_0002438,2024-08-27 09:39:00,2024.0,8.0,SULAWESI SELATAN,1.2,12500,10416.666666666668,10416.666666666668
ORD_0002451,2024-08-27 14:03:00,2024.0,8.0,SUMATERA SELATAN,1.7,35000,20588.235294117647,20588.235294117647
ORD_0002453,2024-08-27 14:29:00,2024.0,8.0,JAWA TIMUR,27.0,106000,3925.925925925926,3925.925925925926
ORD_0002457,2024-08-27 15:25:00,2024.0,8.0,DKI JAKARTA,0.5,10000,20000.0,20000.0
ORD_0002460,2024-08-27 15:44:00,2024.0,8.0,BALI,0.7,13500,19285.714285714286,19285.714285714286
ORD_0002462,2024-08-27 19:40:00,2024.0,8.0,JAWA TENGAH,32.0,114100,3565.625,3565.625
ORD_0002464,2024-08-27 22:40:00,2024.0,8.0,JAWA BARAT,0.2,8000,40000.0,40000.0
ORD_0002465,2024-08-27 22:41:00,2024.0,8.0,SUMATERA BARAT,1.2,15400,12833.333333333334,12833.333333333334
ORD_0002469,2024-08-28 06:48:00,2024.0,8.0,JAWA BARAT,27.33,3000,109.7694840834248,109.7694840834248
ORD_0002470,2024-08-28 07:11:00,2024.0,8.0,JAWA BARAT,1.7,1000,588.2352941176471,588.2352941176471
ORD_0002474,2024-08-28 08:56:00,2024.0,8.0,KALIMANTAN TENGAH,1.2,21500,17916.666666666668,17916.666666666668
ORD_0002475,2024-08-28 09:40:00,2024.0,8.0,JAWA TIMUR,0.2,4000,20000.0,20000.0
ORD_0002477,2024-08-28 10:41:00,2024.0,8.0,JAWA TIMUR,0.2,4000,20000.0,20000.0
ORD_0002486,2024-08-28 17:16:00,2024.0,8.0,JAWA BARAT,2.0,8000,4000.0,4000.0
ORD_0002487,2024-08-28 17:27:00,2024.0,8.0,BANTEN,0.5,8000,16000.0,16000.0
ORD_0002491,2024-08-28 19:09:00,2024.0,8.0,NANGGROE ACEH DARUSSALAM (NAD),1.2,7000,5833.333333333334,5833.333333333334
ORD_0002496,2024-08-28 20:04:00,2024.0,8.0,KALIMANTAN BARAT,0.2,18500,92500.0,92500.0
ORD_0002499,2024-08-28 21:28:00,2024.0,8.0,JAWA TIMUR,1.7,8000,4705.882352941177,4705.882352941177
ORD_0002502,2024-08-29 00:34:00,2024.0,8.0,SUMATERA UTARA,0.25,6000,24000.0,24000.0
ORD_0002503,2024-08-29 05:31:00,2024.0,8.0,JAWA TIMUR,1.2,5000,4166.666666666667,4166.666666666667
ORD_0002505,2024-08-29 06:47:00,2024.0,8.0,JAWA TIMUR,0.07,4000,57142.85714285714,57142.85714285714
ORD_0002508,2024-08-29 08:58:00,2024.0,8.0,JAWA TENGAH,0.1,4000,40000.0,40000.0
ORD_0002510,2024-08-29 11:21:00,2024.0,8.0,JAWA BARAT,0.08,2000,25000.0,25000.0
ORD_0002512,2024-08-29 11:56:00,2024.0,8.0,JAWA TIMUR,8.0,14900,1862.5,1862.5
ORD_0002513,2024-08-29 12:19:00,2024.0,8.0,JAWA BARAT,0.2,12000,60000.0,60000.0
ORD_0002517,2024-08-29 13:33:00,2024.0,8.0,JAWA BARAT,0.5,2000,4000.0,4000.0
ORD_0002519,2024-08-29 14:04:00,2024.0,8.0,JAWA TIMUR,4.8,13000,2708.3333333333335,2708.3333333333335
ORD_0002520,2024-08-29 14:05:00,2024.0,8.0,JAWA BARAT,0.5,4000,8000.0,8000.0
ORD_0002526,2024-08-29 19:04:00,2024.0,8.0,SULAWESI TENGGARA,1.0,31500,31500.0,31500.0
ORD_0002527,2024-08-29 19:08:00,2024.0,8.0,JAWA BARAT,0.2,2000,10000.0,10000.0
ORD_0002529,2024-08-29 19:44:00,2024.0,8.0,DKI JAKARTA,1.5,16000,10666.666666666666,10666.666666666666
ORD_0002536,2024-08-29 21:43:00,2024.0,8.0,BANTEN,1.0,10500,10500.0,10500.0
ORD_0002551,2024-08-30 10:25:00,2024.0,8.0,DKI JAKARTA,2.0,17500,8750.0,8750.0
ORD_0002552,2024-08-30 10:29:00,2024.0,8.0,DKI JAKARTA,0.5,18000,36000.0,36000.0
ORD_0002555,2024-08-30 12:03:00,2024.0,8.0,JAWA BARAT,5.8,4000,689.6551724137931,689.6551724137931
ORD_0002557,2024-08-30 12:20:00,2024.0,8.0,JAWA TIMUR,0.1,4000,40000.0,40000.0
ORD_0002558,2024-08-30 13:18:00,2024.0,8.0,LAMPUNG,0.3,1000,3333.3333333333335,3333.3333333333335
ORD_0002562,2024-08-30 16:42:00,2024.0,8.0,KALIMANTAN BARAT,0.6,18500,30833.333333333336,30833.333333333336
ORD_0002563,2024-08-30 17:01:00,2024.0,8.0,DKI JAKARTA,6.8,17000,2500.0,2500.0
ORD_0002566,2024-08-30 17:12:00,2024.0,8.0,DKI JAKARTA,1.0,28500,28500.0,28500.0
ORD_0002568,2024-08-30 18:30:00,2024.0,8.0,JAWA TIMUR,3.0,2000,666.6666666666666,666.6666666666666
ORD_0002573,2024-08-30 21:38:00,2024.0,8.0,BANTEN,2.4,9000,3750.0,3750.0
ORD_0002577,2024-08-30 23:33:00,2024.0,8.0,DKI JAKARTA,2.0,1000,500.0,500.0
ORD_0002579,2024-08-31 07:17:00,2024.0,8.0,JAWA BARAT,0.4,8000,20000.0,20000.0
ORD_0002581,2024-08-31 09:20:00,2024.0,8.0,JAWA BARAT,3.0,4000,1333.3333333333333,1333.3333333333333
ORD_0002589,2024-08-31 11:49:00,2024.0,8.0,DKI JAKARTA,0.5,18000,36000.0,36000.0
ORD_0002592,2024-08-31 14:04:00,2024.0,8.0,SULAWESI TENGAH,1.4,132000,94285.71428571428,94285.71428571428
ORD_0002594,2024-08-31 15:44:00,2024.0,8.0,NUSA TENGGARA BARAT (NTB),0.6,19500,32500.0,32500.0
ORD_0002595,2024-08-31 16:14:00,2024.0,8.0,SULAWESI TENGAH,1.2,17400,14500.0,14500.0
ORD_0002598,2024-08-31 17:20:00,2024.0,8.0,MALUKU UTARA,1.0,70000,70000.0,70000.0
ORD_0002602,2024-08-31 18:01:00,2024.0,8.0,SUMATERA SELATAN,2.0,13500,6750.0,6750.0
ORD_0002604,2024-08-31 18:51:00,2024.0,8.0,SUMATERA SELATAN,0.5,2000,4000.0,4000.0
ORD_0002608,2024-08-31 21:29:00,2024.0,8.0,JAWA BARAT,0.2,8000,40000.0,40000.0
ORD_0002610,2025-08-01 00:30:00,2025.0,8.0,RIAU,0.4,17400,43500.0,43500.0
ORD_0002626,2025-08-01 17:17:00,2025.0,8.0,SUMATERA SELATAN,1.7,3800,2235.294117647059,2235.294117647059
ORD_0002629,2025-08-01 18:47:00,2025.0,8.0,JAWA TENGAH,3.0,5000,1666.6666666666667,1666.6666666666667
ORD_0002632,2025-08-01 20:38:00,2025.0,8.0,LAMPUNG,0.4,7300,18250.0,18250.0
ORD_0002643,2025-08-02 08:28:00,2025.0,8.0,BALI,4.0,16000,4000.0,4000.0
ORD_0002648,2025-08-02 11:44:00,2025.0,8.0,JAMBI,0.4,11100,27750.0,27750.0
ORD_0002651,2025-08-02 12:44:00,2025.0,8.0,BANTEN,0.4,17500,43750.0,43750.0
ORD_0002652,2025-08-02 18:28:00,2025.0,8.0,KALIMANTAN BARAT,5.0,37000,7400.0,7400.0
ORD_0002657,2025-08-02 21:27:00,2025.0,8.0,DI YOGYAKARTA,5.0,5000,1000.0,1000.0
ORD_0002665,2025-08-03 05:44:00,2025.0,8.0,JAWA BARAT,3.2,5000,1562.5,1562.5
ORD_0002676,2025-08-03 11:51:00,2025.0,8.0,JAWA TIMUR,4.0,5000,1250.0,1250.0
ORD_0002682,2025-08-03 14:03:00,2025.0,8.0,KALIMANTAN BARAT,0.5,19100,38200.0,38200.0
ORD_0002685,2025-08-03 15:16:00,2025.0,8.0,SULAWESI SELATAN,0.2,8000,40000.0,40000.0
ORD_0002700,2025-08-03 21:29:00,2025.0,8.0,JAWA BARAT,6.0,15000,2500.0,2500.0
ORD_0002704,2025-08-04 16:48:00,2025.0,8.0,JAWA TIMUR,0.4,5000,12500.0,12500.0
ORD_0002716,2025-08-04 10:06:00,2025.0,8.0,BALI,4.0,6000,1500.0,1500.0
ORD_0002725,2025-08-04 13:34:00,2025.0,8.0,JAWA TIMUR,24.0,10000,416.6666666666667,416.6666666666667
ORD_0002727,2025-08-04 13:52:00,2025.0,8.0,NUSA TENGGARA BARAT (NTB),8.0,26100,3262.5,3262.5
ORD_0002728,2025-08-04 15:04:00,2025.0,8.0,DKI JAKARTA,5.0,5000,1000.0,1000.0
ORD_0002730,2025-08-04 15:59:00,2025.0,8.0,KALIMANTAN TENGAH,0.2,13500,67500.0,67500.0
ORD_0002732,2025-08-04 16:27:00,2025.0,8.0,SULAWESI SELATAN,0.5,17100,34200.0,34200.0
ORD_0002742,2025-08-05 11:35:00,2025.0,8.0,JAWA TENGAH,18.0,15000,833.3333333333334,833.3333333333334
ORD_0002764,2025-08-05 22:04:00,2025.0,8.0,JAWA BARAT,5.0,5000,1000.0,1000.0
ORD_0002766,2025-08-05 22:41:00,2025.0,8.0,JAWA BARAT,6.0,15000,2500.0,2500.0
ORD_0002769,2025-08-06 05:05:00,2025.0,8.0,JAMBI,0.2,18500,92500.0,92500.0
ORD_0002772,2025-08-06 07:42:00,2025.0,8.0,JAWA BARAT,1.0,3500,3500.0,3500.0
ORD_0002775,2025-08-06 10:19:00,2025.0,8.0,RIAU,1.6,4000,2500.0,2500.0
ORD_0002778,2025-08-06 11:26:00,2025.0,8.0,DKI JAKARTA,0.5,17500,35000.0,35000.0
ORD_0002784,2025-08-06 13:39:00,2025.0,8.0,BANTEN,2.8,5000,1785.7142857142858,1785.7142857142858
ORD_0002785,2025-08-06 15:25:00,2025.0,8.0,DKI JAKARTA,4.0,5000,1250.0,1250.0
ORD_0002790,2025-08-06 17:37:00,2025.0,8.0,KALIMANTAN TIMUR,1.0,5500,5500.0,5500.0
ORD_0002794,2025-08-06 19:01:00,2025.0,8.0,JAWA TENGAH,5.0,5000,1000.0,1000.0
ORD_0002802,2025-08-07 06:20:00,2025.0,8.0,KALIMANTAN BARAT,1.4,4100,2928.571428571429,2928.571428571429
ORD_0002807,2025-08-07 09:19:00,2025.0,8.0,SULAWESI SELATAN,1.2,11500,9583.333333333334,9583.333333333334
ORD_0002808,2025-08-07 09:46:00,2025.0,8.0,KEPULAUAN RIAU,0.45,29200,64888.88888888889,64888.88888888889
ORD_0002811,2025-08-07 12:08:00,2025.0,8.0,KALIMANTAN SELATAN,4.0,17000,4250.0,4250.0
ORD_0002814,2025-08-07 13:56:00,2025.0,8.0,BANTEN,4.0,5000,1250.0,1250.0
ORD_0002830,2025-08-07 19:56:00,2025.0,8.0,NUSA TENGGARA BARAT (NTB),8.0,114100,14262.5,14262.5
ORD_0002831,2025-08-07 20:10:00,2025.0,8.0,BANTEN,0.24,6500,27083.333333333336,27083.333333333336
ORD_0002832,2025-08-07 20:24:00,2025.0,8.0,DKI JAKARTA,3.0,5000,1666.6666666666667,1666.6666666666667
ORD_0002838,2025-08-08 08:22:00,2025.0,8.0,KALIMANTAN BARAT,1.0,3500,3500.0,3500.0
ORD_0002845,2025-08-08 11:57:00,2025.0,8.0,DKI JAKARTA,7.0,20500,2928.5714285714284,2928.5714285714284
ORD_0002856,2025-08-08 15:55:00,2025.0,8.0,SUMATERA UTARA,4.0,22000,5500.0,5500.0
ORD_0002857,2025-08-08 16:43:00,2025.0,8.0,NUSA TENGGARA TIMUR (NTT),0.7,27700,39571.42857142857,39571.42857142857
ORD_0002862,2025-08-08 18:22:00,2025.0,8.0,DKI JAKARTA,0.6,54000,90000.0,90000.0
ORD_0002869,2025-08-08 21:12:00,2025.0,8.0,LAMPUNG,5.0,39000,7800.0,7800.0
ORD_0002872,2025-08-08 22:07:00,2025.0,8.0,DKI JAKARTA,0.5,13500,27000.0,27000.0
ORD_0002881,2025-08-09 06:48:00,2025.0,8.0,KALIMANTAN BARAT,0.2,20400,102000.0,102000.0
ORD_0002884,2025-08-09 07:41:00,2025.0,8.0,BANTEN,6.0,3000,500.0,500.0
ORD_0002886,2025-08-09 08:52:00,2025.0,8.0,JAMBI,0.1,5000,50000.0,50000.0
ORD_0002889,2025-08-09 14:02:00,2025.0,8.0,LAMPUNG,5.0,3473,694.6,694.6
ORD_0002906,2025-08-10 07:10:00,2025.0,8.0,SUMATERA UTARA,0.6,4400,7333.333333333334,7333.333333333334
ORD_0002907,2025-08-10 07:15:00,2025.0,8.0,SUMATERA SELATAN,2.6,20000,7692.307692307692,7692.307692307692
ORD_0002913,2025-08-10 12:21:00,2025.0,8.0,KALIMANTAN BARAT,5.0,41000,8200.0,8200.0
ORD_0002919,2025-08-10 16:38:00,2025.0,8.0,JAWA BARAT,0.5,3500,7000.0,7000.0
ORD_0002927,2025-08-10 20:15:00,2025.0,8.0,JAWA BARAT,5.0,5000,1000.0,1000.0
ORD_0002936,2025-08-10 22:15:00,2025.0,8.0,JAWA TIMUR,4.0,5000,1250.0,1250.0
ORD_0002947,2025-08-11 12:53:00,2025.0,8.0,SULAWESI UTARA,0.32,30500,95312.5,95312.5
ORD_0002953,2025-08-11 17:23:00,2025.0,8.0,KALIMANTAN SELATAN,7.5,117300,15640.0,15640.0
ORD_0002960,2025-08-11 22:08:00,2025.0,8.0,JAWA BARAT,5.0,5000,1000.0,1000.0
ORD_0002961,2025-08-11 22:09:00,2025.0,8.0,JAWA BARAT,5.0,5000,1000.0,1000.0
ORD_0002970,2025-08-12 09:59:00,2025.0,8.0,LAMPUNG,4.0,19000,4750.0,4750.0
ORD_0002987,2025-08-12 19:20:00,2025.0,8.0,JAMBI,0.6,11000,18333.333333333336,18333.333333333336
ORD_0002993,2025-08-12 20:36:00,2025.0,8.0,BENGKULU,0.3,37300,124333.33333333334,124333.33333333334
ORD_0003000,2025-08-13 06:52:00,2025.0,8.0,BANTEN,7.0,20000,2857.1428571428573,2857.1428571428573
ORD_0003003,2025-08-13 09:24:00,2025.0,8.0,RIAU,2.0,3000,1500.0,1500.0
ORD_0003008,2025-08-13 13:37:00,2025.0,8.0,KALIMANTAN TIMUR,1.2,10500,8750.0,8750.0
ORD_0003014,2025-08-13 16:35:00,2025.0,8.0,LAMPUNG,1.8,12300,6833.333333333333,6833.333333333333
ORD_0003015,2025-08-13 17:51:00,2025.0,8.0,LAMPUNG,0.2,1000,5000.0,5000.0
ORD_0003020,2025-08-13 19:32:00,2025.0,8.0,SUMATERA SELATAN,2.0,14500,7250.0,7250.0
ORD_0003022,2025-08-13 20:38:00,2025.0,8.0,KALIMANTAN TENGAH,0.5,23500,47000.0,47000.0
ORD_0003037,2025-08-14 09:35:00,2025.0,8.0,JAMBI,5.0,8500,1700.0,1700.0
ORD_0003040,2025-08-14 12:27:00,2025.0,8.0,JAWA BARAT,4.0,3500,875.0,875.0
ORD_0003049,2025-08-14 18:26:00,2025.0,8.0,LAMPUNG,0.08,2900,36250.0,36250.0
ORD_0003055,2025-08-14 21:44:00,2025.0,8.0,RIAU,0.2,1000,5000.0,5000.0
ORD_0003058,2025-08-15 00:40:00,2025.0,8.0,BANTEN,7.0,49974,7139.142857142857,7139.142857142857
ORD_0003059,2025-08-15 00:55:00,2025.0,8.0,BANTEN,6.0,10000,1666.6666666666667,1666.6666666666667
ORD_0003062,2025-08-15 05:48:00,2025.0,8.0,MALUKU,0.6,11500,19166.666666666668,19166.666666666668
ORD_0003072,2025-08-15 14:32:00,2025.0,8.0,SUMATERA UTARA,0.6,4100,6833.333333333334,6833.333333333334
ORD_0003075,2025-08-15 18:32:00,2025.0,8.0,JAWA BARAT,2.8,3500,1250.0,1250.0
ORD_0003078,2025-08-15 20:25:00,2025.0,8.0,SUMATERA SELATAN,0.2,2000,10000.0,10000.0
ORD_0003084,2025-08-16 08:08:00,2025.0,8.0,JAMBI,5.0,24500,4900.0,4900.0
ORD_0003097,2025-08-16 14:47:00,2025.0,8.0,JAWA TIMUR,12.0,5000,416.6666666666667,416.6666666666667
ORD_0003099,2025-08-16 15:54:00,2025.0,8.0,KALIMANTAN BARAT,6.0,56500,9416.666666666666,9416.666666666666
ORD_0003101,2025-08-16 17:38:00,2025.0,8.0,JAWA TENGAH,5.0,5000,1000.0,1000.0
ORD_0003107,2025-08-16 06:14:00,2025.0,8.0,SUMATERA SELATAN,1.4,9000,6428.571428571429,6428.571428571429
ORD_0003112,2025-08-17 10:32:00,2025.0,8.0,KALIMANTAN SELATAN,1.4,16000,11428.57142857143,11428.57142857143
ORD_0003113,2025-08-17 12:14:00,2025.0,8.0,JAWA TENGAH,5.0,5000,1000.0,1000.0
ORD_0003119,2025-08-17 15:04:00,2025.0,8.0,BANTEN,7.0,30000,4285.714285714285,4285.714285714285
ORD_0003123,2025-08-17 19:06:00,2025.0,8.0,DKI JAKARTA,7.0,13500,1928.571428571429,1928.571428571429
ORD_0003134,2025-08-18 00:09:00,2025.0,8.0,KALIMANTAN TIMUR,10.0,1891,189.1,189.1
ORD_0003137,2025-08-18 07:20:00,2025.0,8.0,DKI JAKARTA,0.1,3500,35000.0,35000.0
ORD_0003138,2025-08-18 07:53:00,2025.0,8.0,BANTEN,3.0,3500,1166.6666666666667,1166.6666666666667
ORD_0003140,2025-08-18 08:12:00,2025.0,8.0,SUMATERA BARAT,0.2,4900,24500.0,24500.0
ORD_0003156,2025-08-18 18:20:00,2025.0,8.0,SULAWESI SELATAN,1.2,11500,9583.333333333334,9583.333333333334
ORD_0003160,2025-08-19 07:26:00,2025.0,8.0,LAMPUNG,0.2,1000,5000.0,5000.0
ORD_0003161,2025-08-19 07:38:00,2025.0,8.0,NANGGROE ACEH DARUSSALAM (NAD),0.4,4000,10000.0,10000.0
ORD_0003163,2025-08-19 08:21:00,2025.0,8.0,NUSA TENGGARA BARAT (NTB),2.0,19600,9800.0,9800.0
ORD_0003165,2025-08-19 08:51:00,2025.0,8.0,LAMPUNG,2.4,24600,10250.0,10250.0
ORD_0003170,2025-08-19 12:20:00,2025.0,8.0,BENGKULU,0.2,19500,97500.0,97500.0
ORD_0003176,2025-08-19 16:01:00,2025.0,8.0,BANTEN,0.8,13500,16875.0,16875.0
ORD_0003185,2025-08-19 20:57:00,2025.0,8.0,LAMPUNG,0.5,1000,2000.0,2000.0
ORD_0003195,2025-08-20 10:38:00,2025.0,8.0,LAMPUNG,0.1,14800,148000.0,148000.0
ORD_0003200,2025-08-20 13:55:00,2025.0,8.0,NANGGROE ACEH DARUSSALAM (NAD),1.0,2100,2100.0,2100.0
ORD_0003203,2025-08-20 16:33:00,2025.0,8.0,JAWA BARAT,6.0,13500,2250.0,2250.0
ORD_0003205,2025-08-20 16:56:00,2025.0,8.0,BANTEN,1.05,2000,1904.7619047619048,1904.7619047619048
ORD_0003207,2025-08-20 17:12:00,2025.0,8.0,JAWA BARAT,5.0,3500,700.0,700.0
ORD_0003208,2025-08-20 17:58:00,2025.0,8.0,JAWA BARAT,3.0,3500,1166.6666666666667,1166.6666666666667
ORD_0003210,2025-08-20 18:49:00,2025.0,8.0,JAWA TENGAH,10.0,15000,1500.0,1500.0
ORD_0003223,2025-08-21 10:11:00,2025.0,8.0,BANTEN,10.0,13500,1350.0,1350.0
ORD_0003226,2025-08-21 11:41:00,2025.0,8.0,BANTEN,3.0,6500,2166.6666666666665,2166.6666666666665
ORD_0003234,2025-08-21 16:52:00,2025.0,8.0,BANTEN,5.0,17500,3500.0,3500.0
ORD_0003235,2025-08-21 17:36:00,2025.0,8.0,JAWA BARAT,34.2,48500,1418.1286549707602,1418.1286549707602
ORD_0003245,2025-08-21 21:53:00,2025.0,8.0,JAWA BARAT,5.0,3500,700.0,700.0
ORD_0003249,2025-08-22 04:35:00,2025.0,8.0,DI YOGYAKARTA,5.0,5000,1000.0,1000.0
ORD_0003254,2025-08-22 09:37:00,2025.0,8.0,JAWA BARAT,3.0,3500,1166.6666666666667,1166.6666666666667
ORD_0003262,2025-08-22 13:58:00,2025.0,8.0,SUMATERA UTARA,0.4,15500,38750.0,38750.0
ORD_0003263,2025-08-22 13:59:00,2025.0,8.0,SUMATERA UTARA,0.3,3500,11666.666666666668,11666.666666666668
ORD_0003264,2025-08-22 14:57:00,2025.0,8.0,JAWA BARAT,8.0,9413,1176.625,1176.625
ORD_0003276,2025-08-22 21:02:00,2025.0,8.0,KALIMANTAN TIMUR,4.0,28800,7200.0,7200.0
ORD_0003294,2025-08-23 13:39:00,2025.0,8.0,SUMATERA BARAT,1.2,1000,833.3333333333334,833.3333333333334
ORD_0003301,2025-08-23 16:13:00,2025.0,8.0,JAWA TIMUR,3.0,5000,1666.6666666666667,1666.6666666666667
ORD_0003305,2025-08-23 22:06:00,2025.0,8.0,JAMBI,6.0,4500,750.0,750.0
ORD_0003306,2025-08-23 22:20:00,2025.0,8.0,RIAU,5.0,43000,8600.0,8600.0
ORD_0003318,2025-08-24 10:50:00,2025.0,8.0,DKI JAKARTA,0.2,6500,32500.0,32500.0
ORD_0003324,2025-08-24 14:22:00,2025.0,8.0,DKI JAKARTA,4.2,3500,833.3333333333333,833.3333333333333
ORD_0003326,2025-08-24 16:11:00,2025.0,8.0,BENGKULU,0.2,2000,10000.0,10000.0
ORD_0003331,2025-08-24 19:01:00,2025.0,8.0,JAWA BARAT,5.0,3500,700.0,700.0
ORD_0003332,2025-08-24 19:26:00,2025.0,8.0,JAWA TENGAH,10.0,15000,1500.0,1500.0
ORD_0003342,2025-08-25 04:42:00,2025.0,8.0,GORONTALO,0.2,10400,52000.0,52000.0
ORD_0003348,2025-08-25 09:19:00,2025.0,8.0,BANTEN,3.6,16500,4583.333333333333,4583.333333333333
ORD_0003367,2025-08-25 17:13:00,2025.0,8.0,DKI JAKARTA,10.0,13500,1350.0,1350.0
ORD_0003376,2025-08-25 20:25:00,2025.0,8.0,SUMATERA SELATAN,15.0,17852,1190.1333333333334,1190.1333333333334
ORD_0003381,2025-08-25 22:09:00,2025.0,8.0,JAWA TIMUR,5.0,5000,1000.0,1000.0
ORD_0003388,2025-08-26 06:08:00,2025.0,8.0,JAWA TIMUR,5.0,5000,1000.0,1000.0
ORD_0003394,2025-08-26 11:17:00,2025.0,8.0,NANGGROE ACEH DARUSSALAM (NAD),0.8,4000,5000.0,5000.0
ORD_0003396,2025-08-26 11:48:00,2025.0,8.0,SULAWESI SELATAN,1.2,11500,9583.333333333334,9583.333333333334
ORD_0003399,2025-08-26 14:15:00,2025.0,8.0,SULAWESI SELATAN,0.4,13500,33750.0,33750.0
ORD_0003405,2025-08-26 18:39:00,2025.0,8.0,BANTEN,5.0,3500,700.0,700.0
ORD_0003407,2025-08-26 19:26:00,2025.0,8.0,SUMATERA BARAT,0.5,14500,29000.0,29000.0
ORD_0003412,2025-08-27 21:42:00,2025.0,8.0,LAMPUNG,0.2,12300,61500.0,61500.0
ORD_0003413,2025-08-27 22:34:00,2025.0,8.0,JAWA BARAT,0.2,6500,32500.0,32500.0
ORD_0003415,2025-08-27 04:05:00,2025.0,8.0,MALUKU UTARA,0.9,11300,12555.555555555557,12555.555555555557
ORD_0003436,2025-08-27 12:10:00,2025.0,8.0,RIAU,4.0,33000,8250.0,8250.0
ORD_0003441,2025-08-27 16:18:00,2025.0,8.0,DI YOGYAKARTA,3.0,5000,1666.6666666666667,1666.6666666666667
ORD_0003446,2025-08-27 19:18:00,2025.0,8.0,GORONTALO,0.4,17000,42500.0,42500.0
ORD_0003466,2025-08-28 18:20:00,2025.0,8.0,JAWA BARAT,12.6,3500,277.77777777777777,277.77777777777777
ORD_0003474,2025-08-29 08:00:00,2025.0,8.0,KALIMANTAN BARAT,3.6,13200,3666.6666666666665,3666.6666666666665
ORD_0003486,2025-08-29 13:25:00,2025.0,8.0,BANTEN,0.5,3500,7000.0,7000.0
ORD_0003487,2025-08-29 13:25:00,2025.0,8.0,BANTEN,0.5,3500,7000.0,7000.0
ORD_0003491,2025-08-29 16:50:00,2025.0,8.0,JAWA TIMUR,7.0,15000,2142.8571428571427,2142.8571428571427
ORD_0003492,2025-08-29 18:03:00,2025.0,8.0,JAWA BARAT,3.0,3500,1166.6666666666667,1166.6666666666667
ORD_0003497,2025-08-29 21:36:00,2025.0,8.0,KALIMANTAN BARAT,5.0,27000,5400.0,5400.0
ORD_0003498,2025-08-29 22:28:00,2025.0,8.0,LAMPUNG,0.2,2600,13000.0,13000.0
ORD_0003507,2025-08-30 12:09:00,2025.0,8.0,DKI JAKARTA,20.0,48500,2425.0,2425.0
ORD_0003509,2025-08-30 13:41:00,2025.0,8.0,JAWA TIMUR,2.5,5000,2000.0,2000.0
ORD_0003512,2025-08-30 15:20:00,2025.0,8.0,JAWA BARAT,3.0,3500,1166.6666666666667,1166.6666666666667
ORD_0003514,2025-08-30 15:31:00,2025.0,8.0,JAWA BARAT,10.0,13500,1350.0,1350.0
ORD_0003516,2025-08-30 16:14:00,2025.0,8.0,JAWA BARAT,5.0,11999,2399.8,2399.8
ORD_0003518,2025-08-30 17:08:00,2025.0,8.0,RIAU,0.2,18300,91500.0,91500.0
ORD_0003519,2025-08-30 19:24:00,2025.0,8.0,KALIMANTAN TENGAH,0.6,16300,27166.666666666668,27166.666666666668
ORD_0003520,2025-08-30 19:34:00,2025.0,8.0,BANTEN,5.0,110,22.0,22.0
ORD_0003527,2025-08-31 07:38:00,2025.0,8.0,JAWA BARAT,10.02,3500,349.30139720558884,349.30139720558884
ORD_0003534,2025-08-31 11:38:00,2025.0,8.0,JAMBI,0.4,100,250.0,250.0
ORD_0003539,2025-08-31 14:22:00,2025.0,8.0,RIAU,0.3,4800,16000.0,16000.0
ORD_0003540,2025-08-31 14:43:00,2025.0,8.0,RIAU,1.05,4900,4666.666666666666,4666.666666666666
ORD_0003552,2023-12-01 00:33:00,2023.0,12.0,BANTEN,0.6,7500,12500.0,12500.0
ORD_0003553,2023-12-01 05:28:00,2023.0,12.0,DKI JAKARTA,27.8,43000,1546.7625899280574,1546.7625899280574
ORD_0003556,2023-12-01 13:19:00,2023.0,12.0,BANTEN,1.18,8000,6779.661016949153,6779.661016949153
ORD_0003557,2023-12-01 14:33:00,2023.0,12.0,DKI JAKARTA,2.0,8000,4000.0,4000.0
ORD_0003558,2023-12-01 17:01:00,2023.0,12.0,SUMATERA SELATAN,0.05,7500,150000.0,150000.0
ORD_0003562,2023-12-01 21:42:00,2023.0,12.0,DKI JAKARTA,0.5,8000,16000.0,16000.0
ORD_0003563,2023-12-01 22:19:00,2023.0,12.0,DKI JAKARTA,0.7,8000,11428.57142857143,11428.57142857143
ORD_0003564,2023-12-02 01:03:00,2023.0,12.0,BANTEN,0.5,8000,16000.0,16000.0
ORD_0003565,2023-12-02 11:02:00,2023.0,12.0,DKI JAKARTA,0.4,8000,20000.0,20000.0
ORD_0003566,2023-12-02 11:44:00,2023.0,12.0,KALIMANTAN TIMUR,2.0,106000,53000.0,53000.0
ORD_0003567,2023-12-02 11:45:00,2023.0,12.0,BANTEN,2.0,65000,32500.0,32500.0
ORD_0003569,2023-12-02 19:12:00,2023.0,12.0,JAWA TENGAH,0.5,22500,45000.0,45000.0
ORD_0003572,2023-12-03 06:57:00,2023.0,12.0,KALIMANTAN TIMUR,1.7,132000,77647.05882352941,77647.05882352941
ORD_0003575,2023-12-03 14:22:00,2023.0,12.0,DKI JAKARTA,0.5,8000,16000.0,16000.0
ORD_0003577,2023-12-03 15:43:00,2023.0,12.0,BANTEN,0.5,9500,19000.0,19000.0
ORD_0003578,2023-12-03 16:34:00,2023.0,12.0,DKI JAKARTA,0.4,9000,22500.0,22500.0
ORD_0003580,2023-12-03 20:15:00,2023.0,12.0,DKI JAKARTA,0.5,8000,16000.0,16000.0
ORD_0003581,2023-12-03 20:25:00,2023.0,12.0,BANTEN,3.15,3000,952.3809523809524,952.3809523809524
ORD_0003582,2023-12-03 20:41:00,2023.0,12.0,BALI,1.1,33500,30454.545454545452,30454.545454545452
ORD_0003584,2023-12-04 01:06:00,2023.0,12.0,BANTEN,1.8,13000,7222.222222222222,7222.222222222222
ORD_0003585,2023-12-04 06:51:00,2023.0,12.0,JAWA BARAT,4.2,16000,3809.523809523809,3809.523809523809
ORD_0003586,2023-12-04 07:22:00,2023.0,12.0,JAWA BARAT,0.2,8000,40000.0,40000.0
ORD_0003587,2023-12-04 07:37:00,2023.0,12.0,SULAWESI SELATAN,0.4,53000,132500.0,132500.0
ORD_0003589,2023-12-04 09:50:00,2023.0,12.0,JAWA BARAT,1.0,20000,20000.0,20000.0
ORD_0003590,2023-12-04 11:19:00,2023.0,12.0,JAWA BARAT,0.2,9000,45000.0,45000.0
ORD_0003593,2023-12-04 13:45:00,2023.0,12.0,JAWA BARAT,2.6,15000,5769.230769230769,5769.230769230769
ORD_0003596,2023-12-04 16:04:00,2023.0,12.0,DKI JAKARTA,1.5,8000,5333.333333333333,5333.333333333333
ORD_0003597,2023-12-04 16:37:00,2023.0,12.0,BANTEN,0.5,8000,16000.0,16000.0
ORD_0003598,2023-12-04 17:11:00,2023.0,12.0,JAWA BARAT,0.4,8000,20000.0,20000.0
ORD_0003599,2023-12-04 18:15:00,2023.0,12.0,BANTEN,2.0,8000,4000.0,4000.0
ORD_0003601,2023-12-04 20:00:00,2023.0,12.0,BANTEN,1.4,16000,11428.57142857143,11428.57142857143
ORD_0003603,2023-12-04 20:43:00,2023.0,12.0,JAWA TIMUR,0.5,22000,44000.0,44000.0
ORD_0003604,2023-12-04 21:14:00,2023.0,12.0,JAWA BARAT,0.5,8000,16000.0,16000.0
ORD_0003607,2023-12-04 21:31:00,2023.0,12.0,JAWA BARAT,0.5,8000,16000.0,16000.0
ORD_0003609,2023-12-04 21:41:00,2023.0,12.0,BANTEN,2.0,8000,4000.0,4000.0
ORD_0003610,2023-12-05 07:50:00,2023.0,12.0,JAWA TENGAH,3.4,5000,1470.5882352941178,1470.5882352941178
ORD_0003611,2023-12-05 08:44:00,2023.0,12.0,BANTEN,2.0,7500,3750.0,3750.0
ORD_0003612,2023-12-05 08:49:00,2023.0,12.0,JAWA BARAT,0.5,8000,16000.0,16000.0
ORD_0003614,2023-12-05 11:39:00,2023.0,12.0,JAWA BARAT,0.4,15500,38750.0,38750.0
ORD_0003617,2023-12-05 13:36:00,2023.0,12.0,JAWA BARAT,2.0,10000,5000.0,5000.0
ORD_0003620,2023-12-05 16:25:00,2023.0,12.0,BANTEN,0.9,8000,8888.888888888889,8888.888888888889
ORD_0003622,2023-12-05 17:38:00,2023.0,12.0,JAWA BARAT,0.5,8000,16000.0,16000.0
ORD_0003624,2023-12-05 18:51:00,2023.0,12.0,JAWA TENGAH,0.8,22500,28125.0,28125.0
ORD_0003625,2023-12-05 19:21:00,2023.0,12.0,JAWA BARAT,0.5,8000,16000.0,16000.0
ORD_0003626,2023-12-05 19:25:00,2023.0,12.0,JAWA BARAT,1.5,8000,5333.333333333333,5333.333333333333
ORD_0003627,2023-12-05 19:29:00,2023.0,12.0,SUMATERA BARAT,0.4,48000,120000.0,120000.0
ORD_0003630,2023-12-05 20:13:00,2023.0,12.0,KALIMANTAN BARAT,0.5,16000,32000.0,32000.0
ORD_0003633,2023-12-05 20:53:00,2023.0,12.0,BANTEN,1.5,15000,10000.0,10000.0
ORD_0003637,2023-12-06 08:00:00,2023.0,12.0,BANTEN,4.0,16000,4000.0,4000.0
ORD_0003638,2023-12-06 10:12:00,2023.0,12.0,BANTEN,3.9,31500,8076.923076923077,8076.923076923077
ORD_0003639,2023-12-06 10:23:00,2023.0,12.0,JAWA BARAT,1.7,15000,8823.529411764706,8823.529411764706
ORD_0003640,2023-12-06 10:24:00,2023.0,12.0,KALIMANTAN BARAT,0.9,37000,41111.11111111111,41111.11111111111
ORD_0003641,2023-12-06 11:49:00,2023.0,12.0,JAWA BARAT,30.58,4000,130.80444735120994,130.80444735120994
ORD_0003644,2023-12-06 12:11:00,2023.0,12.0,JAWA BARAT,1.7,16000,9411.764705882351,9411.764705882351
ORD_0003647,2023-12-06 13:33:00,2023.0,12.0,JAWA BARAT,0.5,9500,19000.0,19000.0
ORD_0003648,2023-12-06 13:37:00,2023.0,12.0,DKI JAKARTA,1.5,16000,10666.666666666666,10666.666666666666
ORD_0003651,2023-12-06 17:42:00,2023.0,12.0,DKI JAKARTA,2.0,8000,4000.0,4000.0
ORD_0003654,2023-12-06 21:29:00,2023.0,12.0,DKI JAKARTA,1.0,8000,8000.0,8000.0
ORD_0003655,2023-12-06 22:20:00,2023.0,12.0,DKI JAKARTA,0.5,8000,16000.0,16000.0
ORD_0003656,2023-12-07 01:35:00,2023.0,12.0,DKI JAKARTA,0.2,8000,40000.0,40000.0
ORD_0003657,2023-12-07 09:12:00,2023.0,12.0,DKI JAKARTA,14.46,20000,1383.1258644536651,1383.1258644536651
ORD_0003659,2023-12-07 10:35:00,2023.0,12.0,JAWA BARAT,0.5,9000,18000.0,18000.0
ORD_0003660,2023-12-07 10:53:00,2023.0,12.0,BANTEN,1.0,8000,8000.0,8000.0
ORD_0003662,2023-12-07 15:47:00,2023.0,12.0,JAWA BARAT,0.5,8500,17000.0,17000.0
ORD_0003663,2023-12-07 16:08:00,2023.0,12.0,DKI JAKARTA,1.0,10000,10000.0,10000.0
ORD_0003664,2023-12-07 16:56:00,2023.0,12.0,DKI JAKARTA,0.4,8000,20000.0,20000.0
ORD_0003665,2023-12-07 18:16:00,2023.0,12.0,JAWA TENGAH,0.2,3000,15000.0,15000.0
ORD_0003667,2023-12-07 21:16:00,2023.0,12.0,SUMATERA SELATAN,1.6,7000,4375.0,4375.0
ORD_0003668,2023-12-08 06:23:00,2023.0,12.0,JAWA BARAT,0.5,8000,16000.0,16000.0
ORD_0003670,2023-12-08 07:00:00,2023.0,12.0,BANTEN,2.0,31500,15750.0,15750.0
ORD_0003672,2023-12-08 13:30:00,2023.0,12.0,BANTEN,4.0,28000,7000.0,7000.0
ORD_0003675,2023-12-08 17:17:00,2023.0,12.0,JAWA TENGAH,1.7,36000,21176.470588235297,21176.470588235297
ORD_0003676,2023-12-08 17:46:00,2023.0,12.0,SULAWESI SELATAN,1.0,22500,22500.0,22500.0
ORD_0003677,2023-12-08 18:56:00,2023.0,12.0,JAWA BARAT,0.5,15500,31000.0,31000.0
ORD_0003678,2023-12-08 19:27:00,2023.0,12.0,BANTEN,0.2,8000,40000.0,40000.0
ORD_0003679,2023-12-08 19:46:00,2023.0,12.0,JAWA BARAT,1.2,8000,6666.666666666667,6666.666666666667
ORD_0003680,2023-12-08 20:36:00,2023.0,12.0,DKI JAKARTA,1.95,8000,4102.5641025641025,4102.5641025641025
ORD_0003681,2023-12-08 22:32:00,2023.0,12.0,JAWA BARAT,0.4,9000,22500.0,22500.0
ORD_0003682,2023-12-09 05:38:00,2023.0,12.0,JAWA BARAT,0.5,9000,18000.0,18000.0
ORD_0003683,2023-12-09 08:49:00,2023.0,12.0,DKI JAKARTA,0.5,8000,16000.0,16000.0
ORD_0003684,2023-12-09 09:07:00,2023.0,12.0,SUMATERA UTARA,0.5,23000,46000.0,46000.0
ORD_0003685,2023-12-09 09:53:00,2023.0,12.0,KALIMANTAN TENGAH,1.0,26500,26500.0,26500.0
ORD_0003686,2023-12-09 09:58:00,2023.0,12.0,JAWA BARAT,0.5,8000,16000.0,16000.0
ORD_0003690,2023-12-09 12:26:00,2023.0,12.0,JAWA BARAT,3.6,20000,5555.555555555556,5555.555555555556
ORD_0003692,2023-12-09 13:29:00,2023.0,12.0,JAWA BARAT,0.5,12000,24000.0,24000.0
ORD_0003694,2023-12-09 13:53:00,2023.0,12.0,DKI JAKARTA,0.4,8000,20000.0,20000.0
ORD_0003695,2023-12-09 14:30:00,2023.0,12.0,DKI JAKARTA,1.6,8000,5000.0,5000.0
ORD_0003696,2023-12-09 17:15:00,2023.0,12.0,JAWA TENGAH,4.0,4000,1000.0,1000.0
ORD_0003697,2023-12-09 17:47:00,2023.0,12.0,BANTEN,0.5,8000,16000.0,16000.0
ORD_0003700,2023-12-10 08:06:00,2023.0,12.0,JAWA BARAT,1.7,20000,11764.705882352942,11764.705882352942
ORD_0003701,2023-12-10 09:03:00,2023.0,12.0,JAWA BARAT,0.4,9500,23750.0,23750.0
ORD_0003702,2023-12-10 10:25:00,2023.0,12.0,BANTEN,0.3,13000,43333.333333333336,43333.333333333336
ORD_0003704,2023-12-10 15:05:00,2023.0,12.0,JAWA BARAT,0.24,17000,70833.33333333334,70833.33333333334
ORD_0003706,2023-12-10 16:19:00,2023.0,12.0,JAWA BARAT,0.5,10000,20000.0,20000.0
ORD_0003707,2023-12-10 18:08:00,2023.0,12.0,BANTEN,0.3,13000,43333.333333333336,43333.333333333336
ORD_0003711,2023-12-11 21:09:00,2023.0,12.0,KALIMANTAN BARAT,1.0,30000,30000.0,30000.0
ORD_0003713,2023-12-11 22:21:00,2023.0,12.0,JAWA BARAT,1.2,15500,12916.666666666668,12916.666666666668
ORD_0003714,2023-12-11 22:37:00,2023.0,12.0,BANTEN,0.5,13000,26000.0,26000.0
ORD_0003716,2023-12-11 05:40:00,2023.0,12.0,JAWA BARAT,0.5,8000,16000.0,16000.0
ORD_0003718,2023-12-11 11:32:00,2023.0,12.0,JAWA BARAT,0.4,8000,20000.0,20000.0
ORD_0003719,2023-12-11 11:32:00,2023.0,12.0,KALIMANTAN BARAT,1.7,55000,32352.941176470587,32352.941176470587
ORD_0003720,2023-12-11 11:45:00,2023.0,12.0,JAWA BARAT,0.3,10000,33333.333333333336,33333.333333333336
ORD_0003721,2023-12-11 12:36:00,2023.0,12.0,JAWA BARAT,8.0,1000,125.0,125.0
ORD_0003722,2023-12-11 12:45:00,2023.0,12.0,JAWA BARAT,0.5,8000,16000.0,16000.0
ORD_0003723,2023-12-11 14:49:00,2023.0,12.0,DKI JAKARTA,0.2,8000,40000.0,40000.0
ORD_0003724,2023-12-11 16:00:00,2023.0,12.0,DKI JAKARTA,1.0,8000,8000.0,8000.0
ORD_0003726,2023-12-11 19:53:00,2023.0,12.0,JAWA TENGAH,2.4,7000,2916.666666666667,2916.666666666667
ORD_0003727,2023-12-11 20:11:00,2023.0,12.0,JAWA BARAT,0.4,20000,50000.0,50000.0
ORD_0003733,2023-12-12 00:20:00,2023.0,12.0,SUMATERA UTARA,0.5,32000,64000.0,64000.0
ORD_0003745,2023-12-12 05:46:00,2023.0,12.0,JAWA BARAT,0.6,8000,13333.333333333334,13333.333333333334
ORD_0003752,2023-12-12 08:26:00,2023.0,12.0,JAWA TENGAH,6.2,5000,806.4516129032257,806.4516129032257
ORD_0003761,2023-12-12 11:43:00,2023.0,12.0,SULAWESI TENGAH,1.0,40500,40500.0,40500.0
ORD_0003764,2023-12-12 12:28:00,2023.0,12.0,JAWA BARAT,0.6,4500,7500.0,7500.0
ORD_0003765,2023-12-12 12:44:00,2023.0,12.0,DKI JAKARTA,2.0,4000,2000.0,2000.0
ORD_0003766,2023-12-12 12:59:00,2023.0,12.0,BANTEN,1.8,3000,1666.6666666666663,1666.6666666666663
ORD_0003767,2023-12-12 13:06:00,2023.0,12.0,BANTEN,0.4,3000,7500.0,7500.0
ORD_0003769,2023-12-12 13:19:00,2023.0,12.0,RIAU,0.6,4500,7500.0,7500.0
ORD_0003771,2023-12-12 13:48:00,2023.0,12.0,BANTEN,3.2,15000,4687.5,4687.5
ORD_0003772,2023-12-12 14:08:00,2023.0,12.0,JAWA BARAT,0.5,5000,10000.0,10000.0
ORD_0003774,2023-12-12 17:50:00,2023.0,12.0,JAWA BARAT,0.5,7000,14000.0,14000.0
ORD_0003775,2023-12-12 17:57:00,2023.0,12.0,JAWA BARAT,0.4,3000,7500.0,7500.0
ORD_0003776,2023-12-12 18:15:00,2023.0,12.0,DKI JAKARTA,0.5,3000,6000.0,6000.0
ORD_0003778,2023-12-12 19:09:00,2023.0,12.0,JAWA BARAT,0.5,7000,14000.0,14000.0
ORD_0003780,2023-12-12 19:48:00,2023.0,12.0,DKI JAKARTA,1.2,3000,2500.0,2500.0
ORD_0003782,2023-12-12 21:32:00,2023.0,12.0,BANTEN,0.2,3000,15000.0,15000.0
ORD_0003783,2023-12-12 21:46:00,2023.0,12.0,JAWA BARAT,0.5,3000,6000.0,6000.0
ORD_0003784,2023-12-12 22:27:00,2023.0,12.0,JAWA BARAT,2.0,3000,1500.0,1500.0
ORD_0003788,2023-12-13 08:29:00,2023.0,12.0,JAMBI,0.4,20000,50000.0,50000.0
ORD_0003794,2023-12-13 15:26:00,2023.0,12.0,JAWA TENGAH,0.6,8500,14166.666666666668,14166.666666666668
ORD_0003795,2023-12-13 15:28:00,2023.0,12.0,JAWA BARAT,0.2,8000,40000.0,40000.0
ORD_0003796,2023-12-13 15:29:00,2023.0,12.0,JAWA BARAT,0.1,15000,150000.0,150000.0
ORD_0003797,2023-12-13 19:49:00,2023.0,12.0,BANTEN,2.0,7500,3750.0,3750.0
ORD_0003798,2023-12-13 21:48:00,2023.0,12.0,JAWA BARAT,0.3,10000,33333.333333333336,33333.333333333336
ORD_0003800,2023-12-14 08:02:00,2023.0,12.0,JAWA TENGAH,0.6,14500,24166.666666666668,24166.666666666668
ORD_0003801,2023-12-14 09:58:00,2023.0,12.0,BANTEN,0.5,8000,16000.0,16000.0
ORD_0003803,2023-12-14 11:12:00,2023.0,12.0,BANTEN,0.4,9500,23750.0,23750.0
ORD_0003805,2023-12-14 13:19:00,2023.0,12.0,RIAU,1.4,48000,34285.71428571429,34285.71428571429
ORD_0003806,2023-12-14 13:57:00,2023.0,12.0,DKI JAKARTA,2.9,16000,5517.241379310345,5517.241379310345
ORD_0003807,2023-12-14 15:19:00,2023.0,12.0,JAWA TIMUR,0.2,19500,97500.0,97500.0
ORD_0003811,2023-12-14 20:32:00,2023.0,12.0,BANTEN,40.0,65000,1625.0,1625.0
ORD_0003818,2023-12-15 09:40:00,2023.0,12.0,BANTEN,0.4,8000,20000.0,20000.0
ORD_0003819,2023-12-15 09:54:00,2023.0,12.0,BANTEN,2.0,31500,15750.0,15750.0
ORD_0003820,2023-12-15 10:56:00,2023.0,12.0,BANTEN,4.2,78000,18571.42857142857,18571.42857142857
ORD_0003823,2023-12-15 17:12:00,2023.0,12.0,BANTEN,0.8,8000,10000.0,10000.0
ORD_0003824,2023-12-15 20:08:00,2023.0,12.0,DKI JAKARTA,0.5,8000,16000.0,16000.0
ORD_0003825,2023-12-15 20:57:00,2023.0,12.0,JAWA BARAT,0.5,8000,16000.0,16000.0
ORD_0003826,2023-12-15 23:18:00,2023.0,12.0,DKI JAKARTA,0.5,8000,16000.0,16000.0
ORD_0003828,2023-12-16 09:22:00,2023.0,12.0,BANTEN,0.4,7500,18750.0,18750.0
ORD_0003829,2023-12-16 11:07:00,2023.0,12.0,DKI JAKARTA,0.5,8000,16000.0,16000.0
ORD_0003830,2023-12-16 12:29:00,2023.0,12.0,BENGKULU,0.3,21000,70000.0,70000.0
ORD_0003831,2023-12-16 15:35:00,2023.0,12.0,BANTEN,0.6,8000,13333.333333333334,13333.333333333334
ORD_0003834,2023-12-16 22:16:00,2023.0,12.0,JAWA TENGAH,0.4,22500,56250.0,56250.0
ORD_0003835,2023-12-16 22:19:00,2023.0,12.0,BANTEN,1.5,1000,666.6666666666666,666.6666666666666
ORD_0003836,2023-12-16 22:46:00,2023.0,12.0,JAWA BARAT,1.5,30000,20000.0,20000.0
ORD_0003837,2023-12-16 22:48:00,2023.0,12.0,SUMATERA SELATAN,4.0,10000,2500.0,2500.0
ORD_0003838,2023-12-17 08:28:00,2023.0,12.0,JAWA BARAT,3.0,15000,5000.0,5000.0
ORD_0003839,2023-12-17 10:49:00,2023.0,12.0,BANTEN,2.0,7500,3750.0,3750.0
ORD_0003841,2023-12-17 12:23:00,2023.0,12.0,JAWA BARAT,1.8,15000,8333.333333333334,8333.333333333334
ORD_0003842,2023-12-17 14:24:00,2023.0,12.0,JAWA BARAT,0.5,8000,16000.0,16000.0
ORD_0003843,2023-12-17 14:25:00,2023.0,12.0,SUMATERA SELATAN,4.5,34000,7555.555555555556,7555.555555555556
ORD_0003847,2023-12-17 19:48:00,2023.0,12.0,JAWA BARAT,8.0,1000,125.0,125.0
ORD_0003848,2023-12-17 20:14:00,2023.0,12.0,JAWA BARAT,0.3,8000,26666.666666666668,26666.666666666668
ORD_0003849,2023-12-17 20:48:00,2023.0,12.0,JAWA BARAT,0.4,8000,20000.0,20000.0
ORD_0003852,2023-12-18 00:21:00,2023.0,12.0,JAWA TIMUR,0.3,22500,75000.0,75000.0
ORD_0003853,2023-12-18 10:22:00,2023.0,12.0,KALIMANTAN BARAT,0.5,32500,65000.0,65000.0
ORD_0003854,2023-12-18 11:19:00,2023.0,12.0,DKI JAKARTA,0.5,8000,16000.0,16000.0
ORD_0003855,2023-12-18 11:34:00,2023.0,12.0,BANTEN,0.5,8000,16000.0,16000.0
ORD_0003857,2023-12-18 14:24:00,2023.0,12.0,DKI JAKARTA,0.5,8000,16000.0,16000.0
ORD_0003858,2023-12-18 16:04:00,2023.0,12.0,BANGKA BELITUNG,0.4,8000,20000.0,20000.0
ORD_0003859,2023-12-18 18:29:00,2023.0,12.0,DKI JAKARTA,1.5,89000,59333.333333333336,59333.333333333336
ORD_0003860,2023-12-18 20:41:00,2023.0,12.0,JAWA TENGAH,0.2,6500,32500.0,32500.0
ORD_0003861,2023-12-18 23:37:00,2023.0,12.0,NANGGROE ACEH DARUSSALAM (NAD),0.6,22500,37500.0,37500.0
ORD_0003863,2023-12-19 08:56:00,2023.0,12.0,DKI JAKARTA,0.5,38500,77000.0,77000.0
ORD_0003864,2023-12-19 09:24:00,2023.0,12.0,BALI,5.0,50000,10000.0,10000.0
ORD_0003865,2023-12-19 09:48:00,2023.0,12.0,DKI JAKARTA,0.3,8000,26666.666666666668,26666.666666666668
ORD_0003867,2023-12-19 14:35:00,2023.0,12.0,JAWA BARAT,0.6,11500,19166.666666666668,19166.666666666668
ORD_0003869,2023-12-19 16:08:00,2023.0,12.0,JAWA TENGAH,0.2,5500,27500.0,27500.0
ORD_0003870,2023-12-19 17:16:00,2023.0,12.0,BANTEN,0.3,7500,25000.0,25000.0
ORD_0003872,2023-12-19 17:25:00,2023.0,12.0,JAWA BARAT,0.3,8000,26666.666666666668,26666.666666666668
ORD_0003873,2023-12-19 17:42:00,2023.0,12.0,KALIMANTAN TIMUR,1.2,10500,8750.0,8750.0
ORD_0003874,2023-12-19 19:21:00,2023.0,12.0,JAWA BARAT,0.5,9500,19000.0,19000.0
ORD_0003875,2023-12-19 22:59:00,2023.0,12.0,KALIMANTAN TENGAH,2.4,1000,416.6666666666667,416.6666666666667
ORD_0003876,2023-12-20 09:03:00,2023.0,12.0,JAWA BARAT,1.0,8000,8000.0,8000.0
ORD_0003877,2023-12-20 09:47:00,2023.0,12.0,BANTEN,1.0,13000,13000.0,13000.0
ORD_0003879,2023-12-20 13:11:00,2023.0,12.0,JAWA BARAT,0.5,8000,16000.0,16000.0
ORD_0003880,2023-12-20 14:43:00,2023.0,12.0,KALIMANTAN BARAT,1.0,15500,15500.0,15500.0
ORD_0003881,2023-12-20 18:27:00,2023.0,12.0,JAWA TENGAH,0.6,18500,30833.333333333336,30833.333333333336
ORD_0003882,2023-12-20 20:21:00,2023.0,12.0,JAWA BARAT,1.0,18000,18000.0,18000.0
ORD_0003883,2023-12-20 21:38:00,2023.0,12.0,JAWA BARAT,1.0,8000,8000.0,8000.0
ORD_0003884,2023-12-21 14:13:00,2023.0,12.0,BANTEN,9.75,17500,1794.871794871795,1794.871794871795
ORD_0003885,2023-12-21 15:07:00,2023.0,12.0,JAWA BARAT,0.5,8000,16000.0,16000.0
ORD_0003886,2023-12-21 18:15:00,2023.0,12.0,JAWA BARAT,1.0,9000,9000.0,9000.0
ORD_0003887,2023-12-21 19:12:00,2023.0,12.0,JAWA BARAT,0.5,8000,16000.0,16000.0
ORD_0003888,2023-12-21 20:40:00,2023.0,12.0,JAWA BARAT,0.5,10000,20000.0,20000.0
ORD_0003892,2023-12-22 09:15:00,2023.0,12.0,BANTEN,0.5,9500,19000.0,19000.0
ORD_0003893,2023-12-22 12:11:00,2023.0,12.0,DKI JAKARTA,0.15,8000,53333.333333333336,53333.333333333336
ORD_0003894,2023-12-22 12:16:00,2023.0,12.0,JAWA BARAT,1.0,13500,13500.0,13500.0
ORD_0003895,2023-12-22 12:32:00,2023.0,12.0,BANGKA BELITUNG,6.5,9500,1461.5384615384614,1461.5384615384614
ORD_0003897,2023-12-22 22:32:00,2023.0,12.0,DKI JAKARTA,0.5,8000,16000.0,16000.0
ORD_0003901,2023-12-23 18:51:00,2023.0,12.0,JAWA BARAT,0.3,10000,33333.333333333336,33333.333333333336
ORD_0003902,2023-12-23 19:14:00,2023.0,12.0,JAWA BARAT,1.0,8000,8000.0,8000.0
ORD_0003903,2023-12-23 20:35:00,2023.0,12.0,DKI JAKARTA,1.2,8000,6666.666666666667,6666.666666666667
ORD_0003904,2023-12-23 20:39:00,2023.0,12.0,DKI JAKARTA,0.5,8000,16000.0,16000.0
ORD_0003905,2023-12-23 20:51:00,2023.0,12.0,BANTEN,1.0,8000,8000.0,8000.0
ORD_0003906,2023-12-23 21:14:00,2023.0,12.0,BANTEN,1.0,8000,8000.0,8000.0
ORD_0003909,2023-12-23 08:51:00,2023.0,12.0,JAWA BARAT,1.0,10000,10000.0,10000.0
ORD_0003910,2023-12-23 09:30:00,2023.0,12.0,JAWA BARAT,1.0,8000,8000.0,8000.0
ORD_0003911,2023-12-24 08:21:00,2023.0,12.0,JAWA BARAT,2.4,9000,3750.0,3750.0
ORD_0003912,2023-12-24 09:04:00,2023.0,12.0,JAWA BARAT,0.2,1000,5000.0,5000.0
ORD_0003914,2023-12-24 14:04:00,2023.0,12.0,DKI JAKARTA,1.14,8000,7017.543859649123,7017.543859649123
ORD_0003915,2023-12-24 15:58:00,2023.0,12.0,KALIMANTAN TENGAH,1.7,110000,64705.882352941175,64705.882352941175
ORD_0003916,2023-12-24 17:54:00,2023.0,12.0,JAWA TIMUR,0.3,20000,66666.66666666667,66666.66666666667
ORD_0003918,2023-12-24 23:02:00,2023.0,12.0,JAWA TIMUR,0.4,23500,58750.0,58750.0
ORD_0003920,2023-12-25 08:06:00,2023.0,12.0,SUMATERA UTARA,3.0,40000,13333.333333333334,13333.333333333334
ORD_0003921,2023-12-25 08:08:00,2023.0,12.0,BANTEN,0.5,8000,16000.0,16000.0
ORD_0003922,2023-12-25 09:08:00,2023.0,12.0,JAWA TIMUR,0.1,21500,215000.0,170093.75000000035
ORD_0003926,2023-12-25 12:58:00,2023.0,12.0,DKI JAKARTA,0.5,8000,16000.0,16000.0
ORD_0003927,2023-12-25 17:15:00,2023.0,12.0,JAWA BARAT,0.6,14500,24166.666666666668,24166.666666666668
ORD_0003930,2023-12-25 20:58:00,2023.0,12.0,SULAWESI SELATAN,1.0,32000,32000.0,32000.0
ORD_0003931,2023-12-26 00:13:00,2023.0,12.0,JAWA BARAT,0.3,8000,26666.666666666668,26666.666666666668
ORD_0003936,2023-12-26 08:09:00,2023.0,12.0,JAWA BARAT,0.5,8000,16000.0,16000.0
ORD_0003937,2023-12-26 08:42:00,2023.0,12.0,DKI JAKARTA,0.5,8000,16000.0,16000.0
ORD_0003940,2023-12-26 17:28:00,2023.0,12.0,JAWA BARAT,0.3,10000,33333.333333333336,33333.333333333336
ORD_0003941,2023-12-26 18:17:00,2023.0,12.0,LAMPUNG,0.3,16000,53333.333333333336,53333.333333333336
ORD_0003942,2023-12-26 18:45:00,2023.0,12.0,JAWA BARAT,0.5,10000,20000.0,20000.0
ORD_0003943,2023-12-26 19:13:00,2023.0,12.0,JAWA BARAT,0.4,9500,23750.0,23750.0
ORD_0003944,2023-12-26 19:30:00,2023.0,12.0,BALI,2.1,21000,10000.0,10000.0
ORD_0003945,2023-12-27 06:45:00,2023.0,12.0,DKI JAKARTA,0.5,8000,16000.0,16000.0
ORD_0003946,2023-12-27 09:09:00,2023.0,12.0,JAWA TENGAH,0.3,16500,55000.0,55000.0
ORD_0003947,2023-12-27 11:07:00,2023.0,12.0,JAWA TENGAH,1.7,33000,19411.764705882353,19411.764705882353
ORD_0003948,2023-12-27 11:49:00,2023.0,12.0,JAWA BARAT,0.5,9500,19000.0,19000.0
ORD_0003949,2023-12-27 12:56:00,2023.0,12.0,JAWA BARAT,0.4,8000,20000.0,20000.0
ORD_0003950,2023-12-27 13:47:00,2023.0,12.0,DKI JAKARTA,0.5,8000,16000.0,16000.0
ORD_0003952,2023-12-27 16:16:00,2023.0,12.0,DKI JAKARTA,0.2,8000,40000.0,40000.0
ORD_0003955,2023-12-28 04:57:00,2023.0,12.0,JAWA BARAT,0.4,8000,20000.0,20000.0
ORD_0003959,2023-12-28 09:02:00,2023.0,12.0,DKI JAKARTA,1.02,10000,9803.921568627453,9803.921568627453
ORD_0003962,2023-12-28 11:37:00,2023.0,12.0,JAWA BARAT,0.5,8000,16000.0,16000.0
ORD_0003963,2023-12-28 13:47:00,2023.0,12.0,JAWA BARAT,2.0,8000,4000.0,4000.0
ORD_0003964,2023-12-28 15:48:00,2023.0,12.0,BANTEN,3.3,8000,2424.2424242424245,2424.2424242424245
ORD_0003966,2023-12-28 21:02:00,2023.0,12.0,BANTEN,1.6,28000,17500.0,17500.0
ORD_0003967,2023-12-29 00:49:00,2023.0,12.0,DKI JAKARTA,2.1,8000,3809.523809523809,3809.523809523809
ORD_0003968,2023-12-29 01:10:00,2023.0,12.0,BANTEN,0.5,9500,19000.0,19000.0
ORD_0003969,2023-12-29 06:53:00,2023.0,12.0,JAWA BARAT,0.5,8000,16000.0,16000.0
ORD_0003973,2023-12-29 13:49:00,2023.0,12.0,LAMPUNG,0.7,5500,7857.142857142858,7857.142857142858
ORD_0003974,2023-12-29 16:30:00,2023.0,12.0,JAWA BARAT,29.24,9900,338.57729138166894,338.57729138166894
ORD_0003975,2023-12-29 17:19:00,2023.0,12.0,KALIMANTAN BARAT,4.8,137500,28645.833333333336,28645.833333333336
ORD_0003977,2023-12-29 17:35:00,2023.0,12.0,JAWA BARAT,1.0,12000,12000.0,12000.0
ORD_0003979,2023-12-29 18:50:00,2023.0,12.0,JAWA BARAT,0.6,12000,20000.0,20000.0
ORD_0003980,2023-12-29 20:17:00,2023.0,12.0,JAWA BARAT,0.7,2500,3571.4285714285716,3571.4285714285716
ORD_0003981,2023-12-29 21:54:00,2023.0,12.0,DKI JAKARTA,0.2,8000,40000.0,40000.0
ORD_0003982,2023-12-29 22:16:00,2023.0,12.0,JAMBI,8.05,5500,683.2298136645962,683.2298136645962
ORD_0003983,2023-12-30 00:49:00,2023.0,12.0,DKI JAKARTA,0.5,8000,16000.0,16000.0
ORD_0003984,2023-12-30 05:32:00,2023.0,12.0,BANTEN,4.5,16000,3555.5555555555557,3555.5555555555557
ORD_0003987,2023-12-30 11:51:00,2023.0,12.0,JAWA BARAT,3.5,34000,9714.285714285714,9714.285714285714
ORD_0003988,2023-12-30 13:44:00,2023.0,12.0,JAWA BARAT,0.5,8000,16000.0,16000.0
ORD_0003989,2023-12-30 22:45:00,2023.0,12.0,BANTEN,0.3,8000,26666.666666666668,26666.666666666668
ORD_0003992,2023-12-31 05:53:00,2023.0,12.0,JAWA BARAT,1.2,9000,7500.0,7500.0
ORD_0003994,2023-12-31 15:47:00,2023.0,12.0,SUMATERA BARAT,0.8,10500,13125.0,13125.0
ORD_0003996,,,,BANTEN,3.4,7200,2117.6470588235293,2117.6470588235293
ORD_0003998,,,,SUMATERA UTARA,0.75,11300,15066.666666666666,15066.666666666666
ORD_0004013,,,,BANTEN,3.4,7200,2117.6470588235293,2117.6470588235293
ORD_0004021,,,,JAWA BARAT,0.08,6000,75000.0,75000.0
ORD_0004025,,,,JAWA TENGAH,2.0,8800,4400.0,4400.0
ORD_0004028,,,,JAWA TIMUR,20.0,79500,3975.0,3975.0
ORD_0004037,,,,NUSA TENGGARA BARAT (NTB),0.4,9500,23750.0,23750.0
ORD_0004038,,,,NUSA TENGGARA BARAT (NTB),0.4,14500,36250.0,36250.0
ORD_0004039,,,,BANTEN,4.0,800,200.0,200.0
ORD_0004056,,,,SUMATERA UTARA,2.0,9000,4500.0,4500.0
ORD_0004057,,,,DKI JAKARTA,0.2,8000,40000.0,40000.0
ORD_0004058,,,,BANTEN,2.5,8500,3400.0,3400.0
ORD_0004062,,,,NUSA TENGGARA BARAT (NTB),0.5,14500,29000.0,29000.0
ORD_0004077,,,,KALIMANTAN BARAT,4.0,37000,9250.0,9250.0
ORD_0004082,,,,SUMATERA SELATAN,0.4,3500,8750.0,8750.0
ORD_0004092,,,,BANGKA BELITUNG,2.0,11000,5500.0,5500.0
ORD_0004096,,,,SUMATERA SELATAN,24.2,99301,4103.347107438017,4103.347107438017
ORD_0004100,,,,DKI JAKARTA,0.1,8000,80000.0,80000.0
ORD_0004102,,,,BANTEN,0.03,3000,100000.0,100000.0
ORD_0004103,,,,KALIMANTAN SELATAN,1.0,9100,9100.0,9100.0
ORD_0004108,,,,SULAWESI TENGAH,0.2,16000,80000.0,80000.0
ORD_0004111,,,,JAWA BARAT,3.0,18900,6300.0,6300.0
ORD_0004116,,,,SUMATERA BARAT,2.0,10000,5000.0,5000.0
ORD_0004118,,,,BANTEN,0.5,5100,10200.0,10200.0
ORD_0004120,,,,KALIMANTAN SELATAN,0.6,8400,14000.0,14000.0
ORD_0004126,,,,JAWA TIMUR,0.2,1000,5000.0,5000.0
ORD_0004134,,,,KALIMANTAN BARAT,0.4,2400,6000.0,6000.0
ORD_0004135,,,,KALIMANTAN TENGAH,0.2,21300,106500.0,106500.0
ORD_0004140,,,,JAWA TENGAH,0.1,6000,60000.0,60000.0
ORD_0004148,,,,BALI,1.5,6000,4000.0,4000.0
ORD_0004152,,,,SUMATERA UTARA,0.2,4200,21000.0,21000.0
ORD_0004154,,,,RIAU,1.0,11500,11500.0,11500.0
ORD_0004159,,,,SUMATERA UTARA,3.6,3000,833.3333333333333,833.3333333333333
ORD_0004160,,,,DKI JAKARTA,0.32,8000,25000.0,25000.0
ORD_0004162,,,,SUMATERA UTARA,2.0,6000,3000.0,3000.0
ORD_0004165,,,,JAWA BARAT,5.0,28300,5660.0,5660.0
ORD_0004166,,,,BANTEN,1.0,22500,22500.0,22500.0
ORD_0004167,,,,JAWA TIMUR,0.3,12600,42000.0,42000.0
ORD_0004169,,,,DKI JAKARTA,0.5,8000,16000.0,16000.0
ORD_0004171,,,,KALIMANTAN BARAT,0.8,8500,10625.0,10625.0
ORD_0004176,,,,JAWA BARAT,0.5,8000,16000.0,16000.0
ORD_0004179,,,,SUMATERA UTARA,1.0,7500,7500.0,7500.0
ORD_0004184,,,,BANTEN,3.0,16000,5333.333333333333,5333.333333333333
ORD_0004186,,,,JAWA BARAT,0.08,2500,31250.0,31250.0
ORD_0004207,,,,SUMATERA BARAT,0.2,1000,5000.0,5000.0
ORD_0004208,,,,SUMATERA SELATAN,0.5,2000,4000.0,4000.0
ORD_0004210,,,,SULAWESI SELATAN,0.2,7500,37500.0,37500.0
ORD_0004214,,,,JAWA BARAT,4.0,20000,5000.0,5000.0
ORD_0004215,,,,BANTEN,1.5,25000,16666.666666666668,16666.666666666668
ORD_0004216,,,,SUMATERA BARAT,0.4,100,250.0,250.0
ORD_0004223,,,,SULAWESI SELATAN,4.5,25000,5555.555555555556,5555.555555555556
ORD_0004226,,,,SUMATERA SELATAN,3.0,10300,3433.3333333333335,3433.3333333333335
ORD_0004228,,,,KEPULAUAN RIAU,0.6,8000,13333.333333333334,13333.333333333334
ORD_0004234,,,,DKI JAKARTA,0.5,8000,16000.0,16000.0
ORD_0004243,,,,BANTEN,1.0,5000,5000.0,5000.0
ORD_0004244,,,,JAWA BARAT,2.0,1000,500.0,500.0
ORD_0004248,,,,SUMATERA UTARA,1.4,29000,20714.285714285717,20714.285714285717
ORD_0004252,,,,DKI JAKARTA,0.5,10000,20000.0,20000.0
ORD_0004255,,,,KALIMANTAN UTARA,1.22,14300,11721.311475409835,11721.311475409835
ORD_0004264,,,,SUMATERA UTARA,1.5,26000,17333.333333333332,17333.333333333332
ORD_0004268,,,,KALIMANTAN SELATAN,0.5,1500,3000.0,3000.0
ORD_0004271,,,,BANTEN,0.2,3000,15000.0,15000.0
ORD_0004273,,,,BALI,2.2,3000,1363.6363636363635,1363.6363636363635
ORD_0004275,,,,JAWA BARAT,5.0,5000,1000.0,1000.0
ORD_0004280,,,,SUMATERA SELATAN,1.0,7000,7000.0,7000.0
ORD_0004282,,,,JAWA TENGAH,1.0,6000,6000.0,6000.0
ORD_0004290,,,,SUMATERA UTARA,0.4,9500,23750.0,23750.0
ORD_0004292,,,,BANTEN,1.0,16500,16500.0,16500.0
ORD_0004293,,,,SUMATERA BARAT,0.5,1000,2000.0,2000.0
ORD_0004294,,,,JAWA BARAT,24.0,115200,4800.0,4800.0
ORD_0004303,,,,SUMATERA SELATAN,0.3,2000,6666.666666666667,6666.666666666667
ORD_0004304,,,,BANTEN,0.1,5400,54000.0,54000.0
ORD_0004310,,,,NANGGROE ACEH DARUSSALAM (NAD),1.0,4000,4000.0,4000.0
ORD_0004312,,,,JAWA TIMUR,0.3,16000,53333.333333333336,53333.333333333336
ORD_0004314,,,,KALIMANTAN SELATAN,1.8,8200,4555.555555555556,4555.555555555556
ORD_0004316,,,,KALIMANTAN BARAT,1.0,8500,8500.0,8500.0
ORD_0004317,,,,JAWA BARAT,0.1,8000,80000.0,80000.0
ORD_0004318,,,,DKI JAKARTA,6.0,17000,2833.3333333333335,2833.3333333333335
ORD_0004319,,,,JAWA TENGAH,0.1,4500,45000.0,45000.0
ORD_0004321,,,,SULAWESI SELATAN,0.2,12500,62500.0,62500.0
ORD_0004328,,,,JAWA TENGAH,0.1,4500,45000.0,45000.0
ORD_0004337,,,,KALIMANTAN TIMUR,0.16,19400,121250.0,121250.0
ORD_0004338,,,,LAMPUNG,0.3,13200,44000.0,44000.0
ORD_0004348,,,,JAWA TIMUR,0.2,1000,5000.0,5000.0
ORD_0004349,,,,BANTEN,0.2,18000,90000.0,90000.0
ORD_0004371,,,,JAWA TIMUR,9.9,21600,2181.8181818181815,2181.8181818181815
ORD_0004382,,,,JAWA BARAT,0.1,8000,80000.0,80000.0
ORD_0004383,,,,DKI JAKARTA,1.4,25000,17857.14285714286,17857.14285714286
ORD_0004390,,,,JAWA BARAT,0.6,8000,13333.333333333334,13333.333333333334
ORD_0004391,,,,BANTEN,0.16,13000,81250.0,81250.0
ORD_0004392,,,,DKI JAKARTA,17.5,45000,2571.4285714285716,2571.4285714285716
ORD_0004401,,,,SULAWESI TENGGARA,1.3,38000,29230.76923076923,29230.76923076923
ORD_0004402,,,,SUMATERA BARAT,0.4,10000,25000.0,25000.0
ORD_0004408,,,,SUMATERA UTARA,0.4,4100,10250.0,10250.0
ORD_0004410,,,,JAWA BARAT,5.1,40000,7843.137254901962,7843.137254901962
ORD_0004412,,,,DKI JAKARTA,6.0,10000,1666.6666666666667,1666.6666666666667
ORD_0004416,,,,BANTEN,0.3,6500,21666.666666666668,21666.666666666668
ORD_0004418,,,,JAWA BARAT,0.1,3500,35000.0,35000.0
ORD_0004420,,,,JAWA BARAT,0.1,2500,25000.0,25000.0
ORD_0004421,,,,KALIMANTAN SELATAN,0.3,18500,61666.66666666667,61666.66666666667
ORD_0004426,,,,SULAWESI TENGGARA,1.3,38000,29230.76923076923,29230.76923076923
ORD_0004428,,,,JAWA TENGAH,4.0,5000,1250.0,1250.0
ORD_0004430,,,,BALI,1.4,21000,15000.000000000002,15000.000000000002
ORD_0004445,,,,BANTEN,0.01,3000,300000.0,170093.75000000035
ORD_0004448,,,,BALI,0.5,14500,29000.0,29000.0
ORD_0004449,,,,LAMPUNG,2.0,1000,500.0,500.0
ORD_0004451,,,,BALI,0.2,13500,67500.0,67500.0
ORD_0004453,,,,NUSA TENGGARA BARAT (NTB),0.4,4500,11250.0,11250.0
ORD_0004457,,,,SULAWESI TENGGARA,1.3,38000,29230.76923076923,29230.76923076923
ORD_0004467,,,,JAWA TIMUR,0.2,1000,5000.0,5000.0
ORD_0004486,,,,JAWA TIMUR,0.1,5500,55000.0,55000.0
ORD_0004505,,,,JAWA BARAT,20.0,5000,250.0,250.0
ORD_0004522,,,,KALIMANTAN BARAT,0.4,1000,2500.0,2500.0
ORD_0004527,,,,JAWA TENGAH,0.1,4500,45000.0,45000.0
ORD_0004530,,,,GORONTALO,0.3,11200,37333.333333333336,37333.333333333336
ORD_0004532,,,,JAWA TENGAH,10.0,21500,2150.0,2150.0
ORD_0004535,,,,RIAU,0.4,400,1000.0,1000.0
ORD_0004549,,,,DKI JAKARTA,10.0,7200,720.0,720.0
ORD_0004570,,,,RIAU,0.2,3200,16000.0,16000.0
ORD_0004575,,,,JAWA BARAT,0.1,10000,100000.0,100000.0
ORD_0004592,,,,BENGKULU,0.4,7000,17500.0,17500.0
ORD_0004593,,,,SUMATERA SELATAN,0.5,2000,4000.0,4000.0
ORD_0004597,,,,JAWA TIMUR,0.2,1000,5000.0,5000.0
ORD_0004599,,,,DKI JAKARTA,32.0,54000,1687.5,1687.5
ORD_0004602,,,,BANTEN,2.0,25500,12750.0,12750.0
ORD_0004603,,,,JAWA TENGAH,0.1,6000,60000.0,60000.0
ORD_0004604,,,,JAWA BARAT,2.0,36000,18000.0,18000.0
ORD_0004608,,,,SULAWESI UTARA,4.4,25000,5681.818181818181,5681.818181818181
ORD_0004610,,,,JAWA BARAT,1.4,7900,5642.857142857143,5642.857142857143
ORD_0004611,,,,JAWA BARAT,0.1,4000,40000.0,40000.0
ORD_0004623,,,,SULAWESI SELATAN,1.56,7500,4807.692307692308,4807.692307692308
ORD_0004625,,,,SUMATERA SELATAN,0.5,2000,4000.0,4000.0
ORD_0004628,,,,SULAWESI TENGAH,0.4,26500,66250.0,66250.0
ORD_0004631,,,,BANTEN,0.4,8000,20000.0,20000.0
ORD_0004638,,,,BANTEN,0.22,8000,36363.63636363636,36363.63636363636
ORD_0004639,,,,SUMATERA SELATAN,2.8,8600,3071.4285714285716,3071.4285714285716
ORD_0004641,,,,BANTEN,2.0,16500,8250.0,8250.0
ORD_0004643,,,,LAMPUNG,0.2,1000,5000.0,5000.0
ORD_0004645,,,,DI YOGYAKARTA,26.0,62700,2411.5384615384614,2411.5384615384614
ORD_0004646,,,,SUMATERA SELATAN,0.5,100,200.0,200.0
ORD_0004649,,,,DKI JAKARTA,4.0,800,200.0,200.0
ORD_0004651,,,,JAWA BARAT,0.1,12500,125000.0,125000.0
ORD_0004657,,,,BALI,0.1,16800,168000.0,168000.0
ORD_0004661,,,,BANTEN,0.5,8000,16000.0,16000.0
ORD_0004662,,,,JAWA TIMUR,0.1,6000,60000.0,60000.0
ORD_0004663,,,,BANTEN,0.1,8000,80000.0,80000.0
ORD_0004665,,,,DKI JAKARTA,4.0,800,200.0,200.0
ORD_0004668,,,,SUMATERA SELATAN,0.5,2000,4000.0,4000.0
ORD_0004671,,,,JAWA BARAT,0.1,8000,80000.0,80000.0
ORD_0004673,,,,LAMPUNG,0.2,15000,75000.0,75000.0
ORD_0004674,,,,JAWA TIMUR,0.2,1000,5000.0,5000.0
ORD_0004676,,,,JAWA BARAT,0.08,8000,100000.0,100000.0
ORD_0004679,,,,BANGKA BELITUNG,0.2,28000,140000.0,140000.0
ORD_0004683,,,,JAWA BARAT,0.1,8000,80000.0,80000.0
ORD_0004687,,,,DKI JAKARTA,3.0,800,266.6666666666667,266.6666666666667
ORD_0004690,,,,SUMATERA SELATAN,0.5,33500,67000.0,67000.0
ORD_0004701,,,,RIAU,0.25,1000,4000.0,4000.0
ORD_0004704,,,,DKI JAKARTA,0.5,8000,16000.0,16000.0
ORD_0004711,,,,JAWA TENGAH,3.4,25000,7352.941176470588,7352.941176470588
ORD_0004713,,,,NANGGROE ACEH DARUSSALAM (NAD),1.2,4000,3333.3333333333335,3333.3333333333335
ORD_0004716,,,,DKI JAKARTA,0.5,6500,13000.0,13000.0
ORD_0004721,,,,MALUKU UTARA,0.5,18000,36000.0,36000.0
ORD_0004722,,,,SULAWESI SELATAN,0.4,8300,20750.0,20750.0
ORD_0004724,,,,JAWA BARAT,4.4,3400,772.7272727272726,772.7272727272726
ORD_0004725,,,,BANTEN,1.7,4400,2588.2352941176473,2588.2352941176473
ORD_0004726,,,,BALI,4.0,32000,8000.0,8000.0
ORD_0004727,,,,JAWA TIMUR,1.0,1000,1000.0,1000.0
ORD_0004735,,,,JAWA TENGAH,0.2,1000,5000.0,5000.0
ORD_0004736,,,,JAWA BARAT,0.1,500,5000.0,5000.0
ORD_0004737,,,,JAWA BARAT,0.2,6700,33500.0,33500.0
ORD_0004738,,,,JAWA TIMUR,0.1,14000,140000.0,140000.0
ORD_0004741,,,,KALIMANTAN BARAT,0.4,15200,38000.0,38000.0
ORD_0004742,,,,DKI JAKARTA,0.5,8000,16000.0,16000.0
ORD_0004748,,,,JAWA TIMUR,0.08,6000,75000.0,75000.0
ORD_0004752,,,,JAWA TIMUR,0.2,16000,80000.0,80000.0
ORD_0004759,,,,DI YOGYAKARTA,0.2,1000,5000.0,5000.0
ORD_0004760,,,,JAWA TIMUR,0.1,1000,10000.0,10000.0
ORD_0004761,,,,BANTEN,1.5,14894,9929.333333333334,9929.333333333334
ORD_0004773,,,,JAWA BARAT,0.5,8000,16000.0,16000.0
ORD_0004774,,,,DI YOGYAKARTA,0.5,15000,30000.0,30000.0
ORD_0004775,,,,NUSA TENGGARA TIMUR (NTT),0.25,54000,216000.0,170093.75000000035
ORD_0004776,,,,JAWA TIMUR,0.2,6000,30000.0,30000.0
ORD_0004777,,,,JAWA TIMUR,1.0,1000,1000.0,1000.0
ORD_0004779,,,,SUMATERA SELATAN,0.2,15500,77500.0,77500.0
ORD_0004792,,,,JAWA TENGAH,0.1,6000,60000.0,60000.0
ORD_0004798,,,,SULAWESI SELATAN,1.2,11500,9583.333333333334,9583.333333333334
ORD_0004799,,,,JAWA BARAT,3.6,12000,3333.333333333333,3333.333333333333
ORD_0004800,,,,SUMATERA SELATAN,0.4,3500,8750.0,8750.0
ORD_0004803,,,,SUMATERA BARAT,2.4,4000,1666.6666666666667,1666.6666666666667
ORD_0004804,,,,SULAWESI TENGGARA,1.0,22500,22500.0,22500.0
ORD_0004805,,,,BANTEN,0.5,8000,16000.0,16000.0
ORD_0004812,,,,JAWA BARAT,0.2,12500,62500.0,62500.0
ORD_0004814,,,,SUMATERA SELATAN,0.5,17000,34000.0,34000.0
ORD_0004827,,,,LAMPUNG,8.0,5000,625.0,625.0
ORD_0004831,,,,BANTEN,13.8,5000,362.3188405797101,362.3188405797101
ORD_0004834,,,,BANTEN,4.4,17500,3977.272727272727,3977.272727272727
ORD_0004837,,,,BANTEN,0.1,8000,80000.0,80000.0
ORD_0004844,,,,BANTEN,0.5,8000,16000.0,16000.0
ORD_0004847,,,,BANTEN,0.1,13000,130000.0,130000.0
ORD_0004858,,,,SUMATERA BARAT,1.0,12500,12500.0,12500.0
ORD_0004859,,,,BANTEN,4.2,5000,1190.4761904761904,1190.4761904761904
ORD_0004865,,,,KEPULAUAN RIAU,0.4,13000,32500.0,32500.0
ORD_0004866,,,,DKI JAKARTA,3.0,800,266.6666666666667,266.6666666666667
ORD_0004867,,,,BANTEN,0.5,8000,16000.0,16000.0
ORD_0004869,,,,SUMATERA UTARA,4.0,1600,400.0,400.0
ORD_0004870,,,,DKI JAKARTA,0.2,8000,40000.0,40000.0
ORD_0004875,,,,JAWA TENGAH,0.5,1000,2000.0,2000.0
ORD_0004877,,,,JAWA BARAT,0.5,8000,16000.0,16000.0
ORD_0004878,,,,RIAU,0.6,11500,19166.666666666668,19166.666666666668
ORD_0004879,,,,BANTEN,0.4,21000,52500.0,52500.0
ORD_0004882,,,,KALIMANTAN SELATAN,0.1,31500,315000.0,170093.75000000035
ORD_0004886,,,,JAWA BARAT,0.1,8000,80000.0,80000.0
ORD_0004887,,,,BANTEN,10.8,11000,1018.5185185185184,1018.5185185185184
ORD_0004894,,,,JAMBI,0.1,15500,155000.0,155000.0
ORD_0004900,,,,SUMATERA UTARA,12.0,216000,18000.0,18000.0
ORD_0004905,,,,JAWA TENGAH,0.5,1000,2000.0,2000.0
ORD_0004907,,,,BANTEN,2.4,8000,3333.3333333333335,3333.3333333333335
ORD_0004908,,,,KALIMANTAN SELATAN,0.6,6500,10833.333333333334,10833.333333333334
ORD_0004909,,,,SULAWESI TENGAH,0.5,17500,35000.0,35000.0
ORD_0004917,,,,JAMBI,4.0,20000,5000.0,5000.0
ORD_0004920,,,,BANGKA BELITUNG,0.1,6100,61000.0,61000.0
ORD_0004936,,,,JAWA TENGAH,1.4,6100,4357.142857142858,4357.142857142858
ORD_0004938,,,,DKI JAKARTA,141.0,2400,17.02127659574468,17.02127659574468
ORD_0004940,,,,BANTEN,0.5,5500,11000.0,11000.0
ORD_0004942,,,,JAWA BARAT,0.1,12000,120000.0,120000.0
ORD_0004944,,,,JAWA TIMUR,0.1,600,6000.0,6000.0
ORD_0004946,,,,JAWA TIMUR,0.5,1000,2000.0,2000.0
ORD_0004947,,,,JAWA BARAT,2.0,8000,4000.0,4000.0
ORD_0004948,,,,BANTEN,0.14,7500,53571.428571428565,53571.428571428565
ORD_0004952,,,,JAWA TENGAH,5.0,32500,6500.0,6500.0
ORD_0004953,,,,KALIMANTAN TENGAH,0.2,53500,267500.0,170093.75000000035
ORD_0004958,,,,SUMATERA SELATAN,0.6,2000,3333.3333333333335,3333.3333333333335
ORD_0004961,,,,JAWA TIMUR,0.1,6000,60000.0,60000.0
ORD_0004963,,,,SUMATERA SELATAN,0.5,2000,4000.0,4000.0
ORD_0004964,,,,JAWA BARAT,0.1,6000,60000.0,60000.0
ORD_0004972,,,,DI YOGYAKARTA,0.2,500,2500.0,2500.0
ORD_0004981,,,,SULAWESI UTARA,0.5,22500,45000.0,45000.0
ORD_0004988,,,,BANGKA BELITUNG,2.1,3000,1428.5714285714284,1428.5714285714284
ORD_0004991,,,,RIAU,0.5,1000,2000.0,2000.0
ORD_0004994,,,,JAWA TIMUR,0.5,2000,4000.0,4000.0
ORD_0004995,,,,JAWA BARAT,0.5,10000,20000.0,20000.0
ORD_0004997,,,,DKI JAKARTA,1.0,24894,24894.0,24894.0
ORD_0004999,,,,JAWA BARAT,0.1,3500,35000.0,35000.0
ORD_0005003,,,,JAWA TENGAH,0.1,14500,145000.0,145000.0
ORD_0005009,,,,BANTEN,8.0,10500,1312.5,1312.5
ORD_0005017,,,,BANTEN,0.22,8000,36363.63636363636,36363.63636363636
ORD_0005019,,,,BANTEN,4.8,4300,895.8333333333334,895.8333333333334
ORD_0005023,,,,JAWA BARAT,0.24,1000,4166.666666666667,4166.666666666667
ORD_0005025,,,,JAWA BARAT,0.5,8000,16000.0,16000.0
ORD_0005026,,,,JAWA TIMUR,4.0,11000,2750.0,2750.0
ORD_0005027,,,,JAWA BARAT,0.5,8000,16000.0,16000.0
ORD_0005033,,,,KALIMANTAN UTARA,1.0,14300,14300.0,14300.0
ORD_0005034,,,,JAWA BARAT,0.1,9000,90000.0,90000.0
ORD_0005036,,,,SULAWESI SELATAN,0.7,12500,17857.14285714286,17857.14285714286
ORD_0005038,,,,JAWA BARAT,0.1,8000,80000.0,80000.0
ORD_0005039,,,,BANTEN,0.2,8000,40000.0,40000.0
ORD_0005041,,,,KALIMANTAN TENGAH,0.2,8300,41500.0,41500.0
ORD_0005045,,,,JAWA TENGAH,1.7,1000,588.2352941176471,588.2352941176471
ORD_0005046,,,,JAMBI,4.5,16000,3555.5555555555557,3555.5555555555557
ORD_0005053,,,,DKI JAKARTA,0.01,8000,800000.0,170093.75000000035
ORD_0005055,,,,NANGGROE ACEH DARUSSALAM (NAD),1.2,9000,7500.0,7500.0
ORD_0005059,,,,JAWA TENGAH,18.0,47900,2661.1111111111113,2661.1111111111113
ORD_0005060,,,,BANTEN,0.1,8000,80000.0,80000.0
ORD_0005064,,,,JAWA BARAT,0.6,14500,24166.666666666668,24166.666666666668
ORD_0005075,,,,JAWA BARAT,0.2,8000,40000.0,40000.0
ORD_0005077,,,,DKI JAKARTA,15.0,18500,1233.3333333333333,1233.3333333333333
ORD_0005079,,,,JAWA TENGAH,0.5,16500,33000.0,33000.0
ORD_0005084,,,,BANTEN,7.0,25000,3571.4285714285716,3571.4285714285716
ORD_0005086,,,,DKI JAKARTA,2.0,14400,7200.0,7200.0
ORD_0005093,,,,JAWA BARAT,0.1,6000,60000.0,60000.0
ORD_0005094,,,,KALIMANTAN BARAT,1.2,6500,5416.666666666667,5416.666666666667
ORD_0005095,,,,DKI JAKARTA,0.5,8000,16000.0,16000.0
ORD_0005096,,,,SUMATERA SELATAN,0.5,2000,4000.0,4000.0
ORD_0005098,,,,JAWA TENGAH,2.0,6100,3050.0,3050.0
ORD_0005101,,,,KEPULAUAN RIAU,0.6,8500,14166.666666666668,14166.666666666668
ORD_0005102,,,,BANTEN,0.5,5100,10200.0,10200.0
ORD_0005106,,,,JAMBI,0.8,15100,18875.0,18875.0
ORD_0005112,,,,JAWA BARAT,0.1,8000,80000.0,80000.0
ORD_0005114,,,,BANTEN,0.1,13000,130000.0,130000.0
ORD_0005115,,,,DKI JAKARTA,0.01,8000,800000.0,170093.75000000035
ORD_0005121,,,,JAWA BARAT,0.1,8000,80000.0,80000.0
ORD_0005123,,,,JAWA TIMUR,0.1,5500,55000.0,55000.0
ORD_0005125,,,,BANGKA BELITUNG,12.5,32300,2584.0,2584.0
ORD_0005126,,,,BANTEN,0.2,8000,40000.0,40000.0
ORD_0005130,,,,JAWA BARAT,0.2,8000,40000.0,40000.0
ORD_0005135,,,,SULAWESI TENGAH,2.79,29300,10501.79211469534,10501.79211469534
ORD_0005136,,,,SULAWESI TENGGARA,0.25,44500,178000.0,170093.75000000035
ORD_0005137,,,,LAMPUNG,0.4,8000,20000.0,20000.0
ORD_0005140,,,,JAWA BARAT,0.5,9000,18000.0,18000.0
ORD_0005141,,,,BALI,0.4,3000,7500.0,7500.0
ORD_0005142,,,,JAWA BARAT,0.1,8000,80000.0,80000.0
ORD_0005144,,,,JAWA BARAT,4.0,4200,1050.0,1050.0
ORD_0005145,,,,BANTEN,4.5,16500,3666.6666666666665,3666.6666666666665
ORD_0005154,,,,SULAWESI SELATAN,0.5,18000,36000.0,36000.0
ORD_0005157,,,,JAWA BARAT,4.8,40900,8520.833333333334,8520.833333333334
ORD_0005159,,,,JAWA BARAT,0.1,10500,105000.0,105000.0
ORD_0005167,,,,JAWA TENGAH,1.0,1000,1000.0,1000.0
ORD_0005168,,,,JAWA BARAT,0.5,15000,30000.0,30000.0
ORD_0005170,,,,KEPULAUAN RIAU,0.1,4000,40000.0,40000.0
ORD_0005174,,,,JAWA TENGAH,5.0,20000,4000.0,4000.0
ORD_0005175,,,,LAMPUNG,0.5,1000,2000.0,2000.0
ORD_0005176,,,,JAWA TENGAH,2.0,8800,4400.0,4400.0
ORD_0005177,,,,JAWA BARAT,0.1,13500,135000.0,135000.0
ORD_0005178,,,,RIAU,0.4,1000,2500.0,2500.0
ORD_0005180,,,,DKI JAKARTA,0.5,8000,16000.0,16000.0
ORD_0005184,,,,SUMATERA SELATAN,24.2,99301,4103.347107438017,4103.347107438017
ORD_0005189,,,,KALIMANTAN BARAT,1.0,12000,12000.0,12000.0
ORD_0005192,,,,BANTEN,0.66,15500,23484.848484848484,23484.848484848484
ORD_0005194,,,,JAWA TENGAH,0.5,1000,2000.0,2000.0
ORD_0005197,,,,MALUKU,0.2,31500,157500.0,157500.0
ORD_0005206,,,,JAWA BARAT,0.1,10000,100000.0,100000.0
ORD_0005208,,,,SULAWESI SELATAN,1.0,18500,18500.0,18500.0
ORD_0005210,2024-02-01 06:53:00,2024.0,2.0,JAWA BARAT,2.0,8000,4000.0,4000.0
ORD_0005211,2024-02-01 09:03:00,2024.0,2.0,BANTEN,0.8,7500,9375.0,9375.0
ORD_0005212,2024-02-01 10:39:00,2024.0,2.0,NUSA TENGGARA BARAT (NTB),0.2,1000,5000.0,5000.0
ORD_0005213,2024-02-01 11:37:00,2024.0,2.0,JAWA BARAT,2.0,8000,4000.0,4000.0
ORD_0005214,2024-02-01 12:07:00,2024.0,2.0,JAWA BARAT,0.5,8000,16000.0,16000.0
ORD_0005216,2024-02-01 17:27:00,2024.0,2.0,JAWA BARAT,4.5,16000,3555.5555555555557,3555.5555555555557
ORD_0005226,2024-02-02 02:59:00,2024.0,2.0,JAWA BARAT,1.6,500,312.5,312.5
ORD_0005227,2024-02-02 04:35:00,2024.0,2.0,JAWA TIMUR,0.4,19000,47500.0,47500.0
ORD_0005244,2024-02-02 12:16:00,2024.0,2.0,DKI JAKARTA,0.5,16500,33000.0,33000.0
ORD_0005246,2024-02-02 12:39:00,2024.0,2.0,JAWA TIMUR,0.6,500,833.3333333333334,833.3333333333334
ORD_0005253,2024-02-02 14:36:00,2024.0,2.0,SULAWESI BARAT,1.7,49000,28823.529411764703,28823.529411764703
ORD_0005254,2024-02-02 14:51:00,2024.0,2.0,DKI JAKARTA,0.5,8000,16000.0,16000.0
ORD_0005255,2024-02-02 15:59:00,2024.0,2.0,SUMATERA UTARA,0.2,17300,86500.0,86500.0
ORD_0005263,2024-02-02 19:13:00,2024.0,2.0,BALI,2.2,13500,6136.363636363636,6136.363636363636
ORD_0005268,2024-02-02 19:42:00,2024.0,2.0,JAWA TIMUR,0.6,20000,33333.333333333336,33333.333333333336
ORD_0005271,2024-02-02 19:58:00,2024.0,2.0,JAWA BARAT,0.5,12000,24000.0,24000.0
ORD_0005275,2024-02-02 20:33:00,2024.0,2.0,DKI JAKARTA,1.0,8000,8000.0,8000.0
ORD_0005278,2024-02-02 21:22:00,2024.0,2.0,JAMBI,0.4,16200,40500.0,40500.0
ORD_0005279,2024-02-02 23:19:00,2024.0,2.0,JAWA TENGAH,3.05,9000,2950.819672131148,2950.819672131148
ORD_0005280,2024-02-02 23:55:00,2024.0,2.0,JAWA TENGAH,4.44,2000,450.4504504504504,450.4504504504504
ORD_0005281,2024-02-03 00:06:00,2024.0,2.0,BANTEN,4.5,8000,1777.7777777777778,1777.7777777777778
ORD_0005282,2024-02-03 08:30:00,2024.0,2.0,DKI JAKARTA,0.5,8000,16000.0,16000.0
ORD_0005283,2024-02-03 09:04:00,2024.0,2.0,BANTEN,2.4,9000,3750.0,3750.0
ORD_0005284,2024-02-03 10:56:00,2024.0,2.0,JAWA BARAT,0.6,12000,20000.0,20000.0
ORD_0005285,2024-02-03 13:16:00,2024.0,2.0,JAWA BARAT,0.6,1000,1666.6666666666667,1666.6666666666667
ORD_0005286,2024-02-03 13:35:00,2024.0,2.0,BANTEN,0.5,16500,33000.0,33000.0
ORD_0005288,2024-02-03 20:17:00,2024.0,2.0,JAMBI,1.2,16000,13333.333333333334,13333.333333333334
ORD_0005289,2024-02-03 21:10:00,2024.0,2.0,JAWA BARAT,1.4,8000,5714.285714285715,5714.285714285715
ORD_0005290,2024-02-03 21:11:00,2024.0,2.0,SUMATERA SELATAN,1.7,67600,39764.705882352944,39764.705882352944
ORD_0005291,2024-02-03 22:12:00,2024.0,2.0,BANTEN,0.5,7500,15000.0,15000.0
ORD_0005293,2024-02-04 07:18:00,2024.0,2.0,DKI JAKARTA,11.6,8500,732.7586206896552,732.7586206896552
ORD_0005294,2024-02-04 07:52:00,2024.0,2.0,DKI JAKARTA,3.9,8000,2051.2820512820513,2051.2820512820513
ORD_0005295,2024-02-04 08:18:00,2024.0,2.0,JAWA TIMUR,1.7,31000,18235.29411764706,18235.29411764706
ORD_0005296,2024-02-04 10:35:00,2024.0,2.0,DKI JAKARTA,1.02,8000,7843.137254901961,7843.137254901961
ORD_0005297,2024-02-04 12:37:00,2024.0,2.0,JAWA BARAT,0.5,8000,16000.0,16000.0
ORD_0005298,2024-02-04 13:51:00,2024.0,2.0,JAWA BARAT,0.5,8000,16000.0,16000.0
ORD_0005299,2024-02-04 18:09:00,2024.0,2.0,BANTEN,0.3,8000,26666.666666666668,26666.666666666668
ORD_0005300,2024-02-04 18:11:00,2024.0,2.0,BANTEN,0.4,8000,20000.0,20000.0
ORD_0005301,2024-02-04 19:52:00,2024.0,2.0,JAWA BARAT,1.0,8000,8000.0,8000.0
ORD_0005302,2024-02-04 19:53:00,2024.0,2.0,JAWA BARAT,2.0,8000,4000.0,4000.0
ORD_0005303,2024-02-04 22:21:00,2024.0,2.0,JAWA BARAT,0.9,10000,11111.111111111111,11111.111111111111
ORD_0005304,2024-02-05 01:05:00,2024.0,2.0,JAWA TENGAH,1.0,19000,19000.0,19000.0
ORD_0005305,2024-02-05 02:40:00,2024.0,2.0,DKI JAKARTA,0.2,8000,40000.0,40000.0
ORD_0005307,2024-02-05 07:42:00,2024.0,2.0,JAWA BARAT,0.6,8000,13333.333333333334,13333.333333333334
ORD_0005309,2024-02-05 10:53:00,2024.0,2.0,DKI JAKARTA,0.3,8000,26666.666666666668,26666.666666666668
ORD_0005310,2024-02-05 11:36:00,2024.0,2.0,BANTEN,8.0,1000,125.0,125.0
ORD_0005311,2024-02-05 16:42:00,2024.0,2.0,DKI JAKARTA,1.8,8000,4444.444444444444,4444.444444444444
ORD_0005312,2024-02-05 17:09:00,2024.0,2.0,JAWA BARAT,3.03,8000,2640.2640264026404,2640.2640264026404
ORD_0005315,2024-02-06 08:03:00,2024.0,2.0,JAWA BARAT,0.5,8000,16000.0,16000.0
ORD_0005316,2024-02-06 13:31:00,2024.0,2.0,DKI JAKARTA,0.4,8000,20000.0,20000.0
ORD_0005317,2024-02-06 14:08:00,2024.0,2.0,JAWA BARAT,4.0,8000,2000.0,2000.0
ORD_0005318,2024-02-06 16:57:00,2024.0,2.0,SUMATERA UTARA,1.1,3500,3181.8181818181815,3181.8181818181815
ORD_0005319,2024-02-06 17:00:00,2024.0,2.0,JAWA BARAT,0.2,15000,75000.0,75000.0
ORD_0005320,2024-02-06 19:33:00,2024.0,2.0,JAWA BARAT,0.5,10000,20000.0,20000.0
ORD_0005322,2024-02-06 21:04:00,2024.0,2.0,JAWA TENGAH,1.7,32000,18823.529411764703,18823.529411764703
ORD_0005323,2024-02-07 18:38:00,2024.0,2.0,JAWA BARAT,0.3,12000,40000.0,40000.0
ORD_0005324,2024-02-07 21:19:00,2024.0,2.0,JAWA BARAT,0.6,12000,20000.0,20000.0
ORD_0005325,2024-02-06 23:19:00,2024.0,2.0,RIAU,2.4,16900,7041.666666666667,7041.666666666667
ORD_0005327,2024-02-07 10:20:00,2024.0,2.0,BANTEN,0.5,8000,16000.0,16000.0
ORD_0005328,2024-02-07 10:59:00,2024.0,2.0,JAWA BARAT,0.6,1500,2500.0,2500.0
ORD_0005329,2024-02-07 15:27:00,2024.0,2.0,BANTEN,0.6,8000,13333.333333333334,13333.333333333334
ORD_0005330,2024-02-08 12:46:00,2024.0,2.0,SUMATERA SELATAN,0.6,35500,59166.66666666667,59166.66666666667
ORD_0005331,2024-02-08 13:53:00,2024.0,2.0,BANTEN,4.6,8000,1739.1304347826087,1739.1304347826087
ORD_0005332,2024-02-08 14:13:00,2024.0,2.0,JAWA BARAT,0.2,9500,47500.0,47500.0
ORD_0005333,2024-02-08 19:43:00,2024.0,2.0,DKI JAKARTA,0.6,8000,13333.333333333334,13333.333333333334
ORD_0005334,2024-02-08 19:52:00,2024.0,2.0,JAWA BARAT,1.0,8000,8000.0,8000.0
ORD_0005337,2024-02-09 02:04:00,2024.0,2.0,BANTEN,0.2,8000,40000.0,40000.0
ORD_0005340,2024-02-09 09:35:00,2024.0,2.0,JAWA BARAT,0.5,8000,16000.0,16000.0
ORD_0005341,2024-02-09 14:03:00,2024.0,2.0,JAWA BARAT,0.5,8000,16000.0,16000.0
ORD_0005344,2024-02-09 19:52:00,2024.0,2.0,DKI JAKARTA,2.0,8000,4000.0,4000.0
ORD_0005345,2024-02-09 20:08:00,2024.0,2.0,DKI JAKARTA,0.2,8000,40000.0,40000.0
ORD_0005347,2024-02-10 03:54:00,2024.0,2.0,SUMATERA BARAT,5.2,1000,192.3076923076923,192.3076923076923
ORD_0005349,2024-02-10 08:44:00,2024.0,2.0,JAWA BARAT,2.3,8000,3478.2608695652175,3478.2608695652175
ORD_0005350,2024-02-10 14:53:00,2024.0,2.0,BANTEN,0.5,8000,16000.0,16000.0
ORD_0005351,2024-02-10 15:18:00,2024.0,2.0,BANTEN,2.0,6000,3000.0,3000.0
ORD_0005352,2024-02-10 15:47:00,2024.0,2.0,JAWA TENGAH,1.7,46000,27058.82352941177,27058.82352941177
ORD_0005353,2024-02-10 16:18:00,2024.0,2.0,JAWA BARAT,0.9,8000,8888.888888888889,8888.888888888889
ORD_0005354,2024-02-10 18:46:00,2024.0,2.0,SUMATERA BARAT,0.9,21000,23333.333333333332,23333.333333333332
ORD_0005356,2024-02-10 20:09:00,2024.0,2.0,DKI JAKARTA,0.5,8000,16000.0,16000.0
ORD_0005357,2024-02-10 22:36:00,2024.0,2.0,BANTEN,0.5,8000,16000.0,16000.0
ORD_0005358,2024-02-11 07:32:00,2024.0,2.0,JAWA BARAT,2.0,11500,5750.0,5750.0
ORD_0005359,2024-02-11 10:16:00,2024.0,2.0,BANTEN,2.98,16000,5369.127516778523,5369.127516778523
ORD_0005360,2024-02-11 14:43:00,2024.0,2.0,JAWA TENGAH,0.25,7000,28000.0,28000.0
ORD_0005361,2024-02-11 17:29:00,2024.0,2.0,BANTEN,0.5,8000,16000.0,16000.0
ORD_0005362,2024-02-11 18:34:00,2024.0,2.0,BANTEN,0.5,7500,15000.0,15000.0
ORD_0005363,2024-02-11 18:52:00,2024.0,2.0,JAWA TENGAH,2.0,4000,2000.0,2000.0
ORD_0005365,2024-02-12 05:20:00,2024.0,2.0,JAWA BARAT,0.5,8000,16000.0,16000.0
ORD_0005366,2024-02-12 09:29:00,2024.0,2.0,JAWA BARAT,0.7,12000,17142.857142857145,17142.857142857145
ORD_0005367,2024-02-12 11:29:00,2024.0,2.0,JAWA BARAT,0.5,8000,16000.0,16000.0
ORD_0005368,2024-02-12 12:02:00,2024.0,2.0,SULAWESI SELATAN,1.2,12700,10583.333333333334,10583.333333333334
ORD_0005370,2024-02-12 14:52:00,2024.0,2.0,JAWA BARAT,0.2,8000,40000.0,40000.0
ORD_0005371,2024-02-12 15:07:00,2024.0,2.0,BANTEN,0.4,8000,20000.0,20000.0
ORD_0005373,2024-02-12 17:38:00,2024.0,2.0,JAWA BARAT,0.5,9500,19000.0,19000.0
ORD_0005374,2024-02-12 21:15:00,2024.0,2.0,DKI JAKARTA,0.5,8000,16000.0,16000.0
ORD_0005375,2024-02-12 23:13:00,2024.0,2.0,JAWA BARAT,0.5,8000,16000.0,16000.0
ORD_0005378,2024-02-13 09:16:00,2024.0,2.0,DKI JAKARTA,2.0,8000,4000.0,4000.0
ORD_0005379,2024-02-13 11:05:00,2024.0,2.0,DKI JAKARTA,0.5,8000,16000.0,16000.0
ORD_0005380,2024-02-13 13:24:00,2024.0,2.0,SUMATERA UTARA,0.3,52000,173333.33333333334,170093.75000000035
ORD_0005381,2024-02-13 13:53:00,2024.0,2.0,JAWA BARAT,0.5,8000,16000.0,16000.0
ORD_0005383,2024-02-13 15:00:00,2024.0,2.0,BANTEN,0.5,8000,16000.0,16000.0
ORD_0005385,2024-02-13 21:01:00,2024.0,2.0,KALIMANTAN TENGAH,0.4,38700,96750.0,96750.0
ORD_0005388,2024-02-14 01:13:00,2024.0,2.0,BANTEN,0.5,8000,16000.0,16000.0
ORD_0005389,2024-02-14 07:35:00,2024.0,2.0,JAWA TENGAH,3.2,13000,4062.5,4062.5
ORD_0005390,2024-02-14 13:02:00,2024.0,2.0,JAMBI,1.2,16500,13750.0,13750.0
ORD_0005391,2024-02-14 13:52:00,2024.0,2.0,RIAU,0.6,1000,1666.6666666666667,1666.6666666666667
ORD_0005392,2024-02-14 18:21:00,2024.0,2.0,BANTEN,0.5,8000,16000.0,16000.0
ORD_0005397,2024-02-15 10:20:00,2024.0,2.0,JAWA BARAT,2.0,8000,4000.0,4000.0
ORD_0005398,2024-02-15 12:03:00,2024.0,2.0,JAWA BARAT,0.5,5500,11000.0,11000.0
ORD_0005400,2024-02-15 13:33:00,2024.0,2.0,JAWA BARAT,0.5,8000,16000.0,16000.0
ORD_0005401,2024-02-15 14:45:00,2024.0,2.0,BANTEN,0.5,8000,16000.0,16000.0
ORD_0005402,2024-02-15 15:18:00,2024.0,2.0,SUMATERA UTARA,1.7,7000,4117.64705882353,4117.64705882353
ORD_0005403,2024-02-15 16:27:00,2024.0,2.0,DKI JAKARTA,2.0,8000,4000.0,4000.0
ORD_0005404,2024-02-15 17:13:00,2024.0,2.0,LAMPUNG,0.5,35000,70000.0,70000.0
ORD_0005406,2024-02-15 20:22:00,2024.0,2.0,JAWA BARAT,0.5,8000,16000.0,16000.0
ORD_0005407,2024-02-15 20:55:00,2024.0,2.0,SUMATERA SELATAN,1.7,34000,20000.0,20000.0
ORD_0005408,2024-02-16 10:32:00,2024.0,2.0,SULAWESI SELATAN,0.3,1700,5666.666666666667,5666.666666666667
ORD_0005410,2024-02-16 12:42:00,2024.0,2.0,JAWA BARAT,0.3,9000,30000.0,30000.0
ORD_0005411,2024-02-16 14:14:00,2024.0,2.0,BANTEN,1.5,16000,10666.666666666666,10666.666666666666
ORD_0005412,2024-02-16 14:16:00,2024.0,2.0,BANTEN,1.2,13500,11250.0,11250.0
ORD_0005415,2024-02-16 16:37:00,2024.0,2.0,BANTEN,0.5,8000,16000.0,16000.0
ORD_0005416,2024-02-16 19:55:00,2024.0,2.0,DKI JAKARTA,0.5,8000,16000.0,16000.0
ORD_0005418,2024-02-17 08:53:00,2024.0,2.0,DKI JAKARTA,0.5,8000,16000.0,16000.0
ORD_0005419,2024-02-17 09:12:00,2024.0,2.0,KALIMANTAN BARAT,1.0,45000,45000.0,45000.0
ORD_0005420,2024-02-17 09:25:00,2024.0,2.0,DKI JAKARTA,2.0,22500,11250.0,11250.0
ORD_0005424,2024-02-17 20:05:00,2024.0,2.0,BANTEN,0.5,8000,16000.0,16000.0
ORD_0005425,2024-02-17 20:36:00,2024.0,2.0,JAWA BARAT,1.0,8000,8000.0,8000.0
ORD_0005427,2024-02-17 23:26:00,2024.0,2.0,JAWA BARAT,0.5,8000,16000.0,16000.0
ORD_0005429,2024-02-18 08:32:00,2024.0,2.0,BANTEN,4.8,10000,2083.3333333333335,2083.3333333333335
ORD_0005430,2024-02-18 09:42:00,2024.0,2.0,JAWA BARAT,0.5,8000,16000.0,16000.0
ORD_0005432,2024-02-18 12:44:00,2024.0,2.0,BANTEN,0.5,8000,16000.0,16000.0
ORD_0005433,2024-02-18 12:59:00,2024.0,2.0,DKI JAKARTA,1.0,8000,8000.0,8000.0
ORD_0005434,2024-02-18 14:26:00,2024.0,2.0,BANTEN,0.4,13000,32500.0,32500.0
ORD_0005435,2024-02-18 14:57:00,2024.0,2.0,JAWA BARAT,0.6,8000,13333.333333333334,13333.333333333334
ORD_0005436,2024-02-18 15:56:00,2024.0,2.0,BANTEN,7.0,28000,4000.0,4000.0
ORD_0005438,2024-02-18 17:14:00,2024.0,2.0,JAWA BARAT,3.0,4000,1333.3333333333333,1333.3333333333333
ORD_0005440,2024-02-18 21:19:00,2024.0,2.0,JAWA BARAT,1.2,8000,6666.666666666667,6666.666666666667
ORD_0005441,2024-02-18 22:18:00,2024.0,2.0,JAWA TENGAH,1.0,22000,22000.0,22000.0
ORD_0005442,2024-02-19 07:38:00,2024.0,2.0,LAMPUNG,0.6,32300,53833.333333333336,53833.333333333336
ORD_0005443,2024-02-19 09:54:00,2024.0,2.0,SUMATERA SELATAN,24.2,99301,4103.347107438017,4103.347107438017
ORD_0005444,2024-02-19 09:58:00,2024.0,2.0,JAWA BARAT,0.5,8000,16000.0,16000.0
ORD_0005445,2024-02-19 10:45:00,2024.0,2.0,DKI JAKARTA,23.6,4000,169.4915254237288,169.4915254237288
ORD_0005446,2024-02-19 12:09:00,2024.0,2.0,DKI JAKARTA,30.0,65000,2166.6666666666665,2166.6666666666665
ORD_0005447,2024-02-19 13:25:00,2024.0,2.0,JAWA BARAT,0.5,8000,16000.0,16000.0
ORD_0005448,2024-02-19 15:07:00,2024.0,2.0,BANTEN,1.1,8000,7272.727272727272,7272.727272727272
ORD_0005449,2024-02-19 16:10:00,2024.0,2.0,BANTEN,5.2,13000,2500.0,2500.0
ORD_0005450,2024-02-19 19:34:00,2024.0,2.0,JAWA BARAT,1.2,10000,8333.333333333334,8333.333333333334
ORD_0005451,2024-02-19 22:26:00,2024.0,2.0,JAWA TENGAH,0.6,19500,32500.0,32500.0
ORD_0005452,2024-02-19 23:04:00,2024.0,2.0,BANTEN,3.1,25000,8064.516129032258,8064.516129032258
ORD_0005455,2024-02-20 09:33:00,2024.0,2.0,JAWA TIMUR,1.0,20000,20000.0,20000.0
ORD_0005458,2024-02-20 16:49:00,2024.0,2.0,BANTEN,0.5,13000,26000.0,26000.0
ORD_0005461,2024-02-20 21:38:00,2024.0,2.0,JAWA BARAT,0.5,8000,16000.0,16000.0
ORD_0005462,2024-02-20 23:26:00,2024.0,2.0,DKI JAKARTA,4.8,4000,833.3333333333334,833.3333333333334
ORD_0005463,2024-02-21 08:18:00,2024.0,2.0,JAWA BARAT,0.5,8000,16000.0,16000.0
ORD_0005464,2024-02-21 08:23:00,2024.0,2.0,DKI JAKARTA,2.0,8000,4000.0,4000.0
ORD_0005465,2024-02-21 09:26:00,2024.0,2.0,JAWA TENGAH,1.2,14500,12083.333333333334,12083.333333333334
ORD_0005466,2024-02-21 09:38:00,2024.0,2.0,JAWA BARAT,1.7,16000,9411.764705882351,9411.764705882351
ORD_0005467,2024-02-21 12:42:00,2024.0,2.0,JAWA BARAT,0.2,8000,40000.0,40000.0
ORD_0005469,2024-02-21 17:18:00,2024.0,2.0,DKI JAKARTA,11.0,7000,636.3636363636364,636.3636363636364
ORD_0005470,2024-02-21 22:56:00,2024.0,2.0,BANTEN,2.0,8000,4000.0,4000.0
ORD_0005471,2024-02-22 03:48:00,2024.0,2.0,JAWA BARAT,1.7,16000,9411.764705882351,9411.764705882351
ORD_0005473,2024-02-22 07:48:00,2024.0,2.0,BANTEN,0.5,8000,16000.0,16000.0
ORD_0005474,2024-02-22 09:11:00,2024.0,2.0,DKI JAKARTA,0.2,8000,40000.0,40000.0
ORD_0005475,2024-02-22 09:25:00,2024.0,2.0,BANTEN,0.5,10000,20000.0,20000.0
ORD_0005477,2024-02-22 11:17:00,2024.0,2.0,DKI JAKARTA,1.0,8000,8000.0,8000.0
ORD_0005478,2024-02-22 11:56:00,2024.0,2.0,JAWA BARAT,3.75,12500,3333.3333333333335,3333.3333333333335
ORD_0005479,2024-02-22 12:15:00,2024.0,2.0,DI YOGYAKARTA,0.5,5500,11000.0,11000.0
ORD_0005480,2024-02-22 12:47:00,2024.0,2.0,KALIMANTAN UTARA,2.4,52900,22041.666666666668,22041.666666666668
ORD_0005481,2024-02-22 13:57:00,2024.0,2.0,SUMATERA SELATAN,0.9,34500,38333.333333333336,38333.333333333336
ORD_0005482,2024-02-22 14:14:00,2024.0,2.0,JAWA BARAT,0.5,8000,16000.0,16000.0
ORD_0005483,2024-02-22 16:01:00,2024.0,2.0,BANTEN,0.5,8000,16000.0,16000.0
ORD_0005485,2024-02-22 16:07:00,2024.0,2.0,DKI JAKARTA,0.5,8000,16000.0,16000.0
ORD_0005486,2024-02-22 16:13:00,2024.0,2.0,JAWA BARAT,11.1,23300,2099.099099099099,2099.099099099099
ORD_0005487,2024-02-22 16:33:00,2024.0,2.0,DKI JAKARTA,4.5,16000,3555.5555555555557,3555.5555555555557
ORD_0005488,2024-02-22 17:36:00,2024.0,2.0,BANTEN,3.0,1000,333.3333333333333,333.3333333333333
ORD_0005490,2024-02-22 20:44:00,2024.0,2.0,BANTEN,0.5,8000,16000.0,16000.0
ORD_0005491,2024-02-22 21:08:00,2024.0,2.0,DKI JAKARTA,0.6,8000,13333.333333333334,13333.333333333334
ORD_0005492,2024-02-22 21:15:00,2024.0,2.0,JAWA TIMUR,0.35,4000,11428.57142857143,11428.57142857143
ORD_0005493,2024-02-22 22:31:00,2024.0,2.0,BANTEN,1.0,8000,8000.0,8000.0
ORD_0005494,2024-02-23 06:02:00,2024.0,2.0,JAWA BARAT,1.7,24000,14117.64705882353,14117.64705882353
ORD_0005495,2024-02-23 07:03:00,2024.0,2.0,DKI JAKARTA,1.2,10000,8333.333333333334,8333.333333333334
ORD_0005498,2024-02-23 10:19:00,2024.0,2.0,BANTEN,0.5,8000,16000.0,16000.0
ORD_0005499,2024-02-23 11:01:00,2024.0,2.0,JAWA BARAT,0.5,8000,16000.0,16000.0
ORD_0005500,2024-02-23 11:34:00,2024.0,2.0,BANTEN,1.2,8000,6666.666666666667,6666.666666666667
ORD_0005501,2024-02-23 15:12:00,2024.0,2.0,JAWA BARAT,2.85,8000,2807.017543859649,2807.017543859649
ORD_0005502,2024-02-23 19:01:00,2024.0,2.0,BANTEN,7.0,20000,2857.1428571428573,2857.1428571428573
ORD_0005503,2024-02-23 22:20:00,2024.0,2.0,JAWA BARAT,0.6,17000,28333.333333333336,28333.333333333336
ORD_0005504,2024-02-24 01:23:00,2024.0,2.0,JAWA BARAT,0.5,8000,16000.0,16000.0
ORD_0005505,2024-02-24 09:08:00,2024.0,2.0,BANTEN,0.5,25000,50000.0,50000.0
ORD_0005506,2024-02-24 10:32:00,2024.0,2.0,JAWA BARAT,0.35,8000,22857.14285714286,22857.14285714286
ORD_0005507,2024-02-24 11:37:00,2024.0,2.0,BANTEN,7.0,23000,3285.714285714286,3285.714285714286
ORD_0005508,2024-02-24 14:19:00,2024.0,2.0,BANTEN,0.5,7500,15000.0,15000.0
ORD_0005509,2024-02-24 19:31:00,2024.0,2.0,SUMATERA SELATAN,0.3,17000,56666.66666666667,56666.66666666667
ORD_0005512,2024-02-25 00:23:00,2024.0,2.0,DKI JAKARTA,1.6,31000,19375.0,19375.0
ORD_0005516,2024-02-25 07:24:00,2024.0,2.0,BANGKA BELITUNG,1.0,13500,13500.0,13500.0
ORD_0005521,2024-02-25 12:58:00,2024.0,2.0,JAWA BARAT,0.5,500,1000.0,1000.0
ORD_0005522,2024-02-25 14:10:00,2024.0,2.0,DKI JAKARTA,53.6,8500,158.5820895522388,158.5820895522388
ORD_0005531,2024-02-25 17:29:00,2024.0,2.0,JAWA TIMUR,3.0,44500,14833.333333333334,14833.333333333334
ORD_0005537,2024-02-25 18:46:00,2024.0,2.0,JAWA TENGAH,0.5,7000,14000.0,14000.0
ORD_0005542,2024-02-25 21:44:00,2024.0,2.0,NANGGROE ACEH DARUSSALAM (NAD),0.2,32500,162500.0,162500.0
ORD_0005546,2024-02-26 04:09:00,2024.0,2.0,JAWA BARAT,0.4,8000,20000.0,20000.0
ORD_0005547,2024-02-26 07:27:00,2024.0,2.0,JAWA BARAT,0.3,14000,46666.66666666667,46666.66666666667
ORD_0005548,2024-02-26 10:16:00,2024.0,2.0,JAWA BARAT,2.5,4000,1600.0,1600.0
ORD_0005549,2024-02-26 10:45:00,2024.0,2.0,JAWA BARAT,0.5,10000,20000.0,20000.0
ORD_0005550,2024-02-26 13:10:00,2024.0,2.0,KALIMANTAN SELATAN,0.8,31500,39375.0,39375.0
ORD_0005551,2024-02-26 13:19:00,2024.0,2.0,JAWA BARAT,1.0,11500,11500.0,11500.0
ORD_0005552,2024-02-26 14:21:00,2024.0,2.0,DKI JAKARTA,2.0,8000,4000.0,4000.0
ORD_0005553,2024-02-26 15:13:00,2024.0,2.0,DKI JAKARTA,0.4,8000,20000.0,20000.0
ORD_0005554,2024-02-26 17:16:00,2024.0,2.0,LAMPUNG,0.5,9500,19000.0,19000.0
ORD_0005557,2024-02-26 22:27:00,2024.0,2.0,SUMATERA SELATAN,1.7,67600,39764.705882352944,39764.705882352944
ORD_0005558,2024-02-27 00:09:00,2024.0,2.0,SUMATERA SELATAN,1.4,50000,35714.28571428572,35714.28571428572
ORD_0005559,2024-02-27 02:15:00,2024.0,2.0,BANTEN,1.4,8000,5714.285714285715,5714.285714285715
ORD_0005560,2024-02-27 03:13:00,2024.0,2.0,SUMATERA UTARA,1.7,4000,2352.9411764705883,2352.9411764705883
ORD_0005561,2024-02-27 06:48:00,2024.0,2.0,DKI JAKARTA,1.5,28500,19000.0,19000.0
ORD_0005562,2024-02-27 07:26:00,2024.0,2.0,JAWA BARAT,0.5,11500,23000.0,23000.0
ORD_0005563,2024-02-27 12:28:00,2024.0,2.0,DKI JAKARTA,0.5,8000,16000.0,16000.0
ORD_0005566,2024-02-27 17:29:00,2024.0,2.0,JAWA TIMUR,1.0,15500,15500.0,15500.0
ORD_0005569,2024-02-27 18:52:00,2024.0,2.0,JAWA BARAT,1.0,17500,17500.0,17500.0
ORD_0005571,2024-02-27 21:38:00,2024.0,2.0,JAWA TENGAH,8.0,118000,14750.0,14750.0
ORD_0005572,2024-02-27 23:04:00,2024.0,2.0,JAWA BARAT,0.4,8000,20000.0,20000.0
ORD_0005574,2024-02-28 06:32:00,2024.0,2.0,KALIMANTAN TIMUR,2.42,16300,6735.537190082645,6735.537190082645
ORD_0005576,2024-02-28 11:56:00,2024.0,2.0,JAWA BARAT,0.1,8000,80000.0,80000.0
ORD_0005577,2024-02-28 12:41:00,2024.0,2.0,JAWA BARAT,0.5,9000,18000.0,18000.0
ORD_0005578,2024-02-28 18:18:00,2024.0,2.0,JAWA TIMUR,2.4,44500,18541.666666666668,18541.666666666668
ORD_0005580,2024-02-28 19:16:00,2024.0,2.0,BANTEN,0.85,8000,9411.764705882351,9411.764705882351
ORD_0005582,2024-02-28 20:46:00,2024.0,2.0,SUMATERA SELATAN,1.7,67600,39764.705882352944,39764.705882352944
ORD_0005584,2024-02-28 22:02:00,2024.0,2.0,BANTEN,2.0,8000,4000.0,4000.0
ORD_0005585,2024-02-28 23:46:00,2024.0,2.0,JAWA BARAT,0.4,8000,20000.0,20000.0
ORD_0005586,2024-02-29 08:24:00,2024.0,2.0,DKI JAKARTA,1.0,8000,8000.0,8000.0
ORD_0005587,2024-02-29 12:01:00,2024.0,2.0,DKI JAKARTA,1.2,8000,6666.666666666667,6666.666666666667
ORD_0005588,2024-02-29 12:27:00,2024.0,2.0,DKI JAKARTA,0.5,10000,20000.0,20000.0
ORD_0005589,2024-02-29 12:54:00,2024.0,2.0,BANTEN,20.0,11000,550.0,550.0
ORD_0005591,2024-02-29 15:07:00,2024.0,2.0,JAWA TIMUR,2.0,22500,11250.0,11250.0
ORD_0005592,2024-02-29 16:02:00,2024.0,2.0,JAWA TENGAH,0.6,18000,30000.0,30000.0
ORD_0005593,2024-02-29 16:37:00,2024.0,2.0,JAWA BARAT,0.5,12000,24000.0,24000.0
ORD_0005595,2024-02-29 17:18:00,2024.0,2.0,BANTEN,0.5,8000,16000.0,16000.0
ORD_0005597,2024-02-29 22:20:00,2024.0,2.0,JAWA BARAT,0.5,17000,34000.0,34000.0
ORD_0005599,2025-02-01 00:40:00,2025.0,2.0,KALIMANTAN BARAT,1.0,7000,7000.0,7000.0
ORD_0005605,2025-02-01 08:56:00,2025.0,2.0,JAWA BARAT,0.2,3000,15000.0,15000.0
ORD_0005614,2025-02-01 13:43:00,2025.0,2.0,GORONTALO,0.2,11200,56000.0,56000.0
ORD_0005615,2025-02-01 14:45:00,2025.0,2.0,SULAWESI SELATAN,0.4,6500,16250.0,16250.0
ORD_0005618,2025-02-01 15:04:00,2025.0,2.0,SUMATERA SELATAN,0.1,7000,70000.0,70000.0
ORD_0005622,2025-02-01 16:08:00,2025.0,2.0,JAWA BARAT,0.2,17000,85000.0,85000.0
ORD_0005623,2025-02-01 17:41:00,2025.0,2.0,BANTEN,2.0,5100,2550.0,2550.0
ORD_0005628,2025-02-01 19:22:00,2025.0,2.0,NUSA TENGGARA TIMUR (NTT),2.55,16500,6470.588235294118,6470.588235294118
ORD_0005630,2025-02-01 19:46:00,2025.0,2.0,JAWA BARAT,0.5,3000,6000.0,6000.0
ORD_0005635,2025-02-01 21:12:00,2025.0,2.0,JAWA TIMUR,0.2,500,2500.0,2500.0
ORD_0005640,2025-02-01 23:19:00,2025.0,2.0,JAMBI,0.16,13500,84375.0,84375.0
ORD_0005643,2025-02-01 23:24:00,2025.0,2.0,SUMATERA UTARA,0.2,17500,87500.0,87500.0
ORD_0005648,2025-02-02 00:59:00,2025.0,2.0,JAWA TIMUR,8.8,36600,4159.090909090909,4159.090909090909
ORD_0005652,2025-02-02 03:42:00,2025.0,2.0,JAWA TIMUR,2.0,8800,4400.0,4400.0
ORD_0005655,2025-02-02 06:03:00,2025.0,2.0,JAWA BARAT,0.2,8000,40000.0,40000.0
ORD_0005660,2025-02-02 07:49:00,2025.0,2.0,JAWA TENGAH,22.5,63400,2817.777777777778,2817.777777777778
ORD_0005668,2025-02-02 09:47:00,2025.0,2.0,NANGGROE ACEH DARUSSALAM (NAD),6.0,4000,666.6666666666666,666.6666666666666
ORD_0005671,2025-02-02 10:17:00,2025.0,2.0,RIAU,0.5,1000,2000.0,2000.0
ORD_0005675,2025-02-02 10:58:00,2025.0,2.0,JAWA TENGAH,0.1,6000,60000.0,60000.0
ORD_0005686,2025-02-02 13:28:00,2025.0,2.0,JAWA BARAT,1.7,5200,3058.823529411765,3058.823529411765
ORD_0005689,2025-02-02 14:24:00,2025.0,2.0,BANGKA BELITUNG,2.0,2000,1000.0,1000.0
ORD_0005691,2025-02-02 14:46:00,2025.0,2.0,SUMATERA BARAT,0.5,1000,2000.0,2000.0
ORD_0005696,2025-02-02 17:03:00,2025.0,2.0,JAWA TENGAH,0.1,6000,60000.0,60000.0
ORD_0005709,2025-02-02 19:58:00,2025.0,2.0,JAWA BARAT,0.1,5500,55000.0,55000.0
ORD_0005710,2025-02-02 20:23:00,2025.0,2.0,SUMATERA SELATAN,0.25,15500,62000.0,62000.0
ORD_0005733,2025-02-03 08:10:00,2025.0,2.0,JAWA BARAT,1.6,2500,1562.5,1562.5
ORD_0005737,2025-02-03 08:59:00,2025.0,2.0,LAMPUNG,0.4,2500,6250.0,6250.0
ORD_0005754,2025-02-03 16:54:00,2025.0,2.0,DKI JAKARTA,5.0,21000,4200.0,4200.0
ORD_0005759,2025-02-03 19:06:00,2025.0,2.0,SUMATERA UTARA,0.4,6400,16000.0,16000.0
ORD_0005761,2025-02-03 19:26:00,2025.0,2.0,BANTEN,4.2,3000,714.2857142857142,714.2857142857142
ORD_0005763,2025-02-03 19:33:00,2025.0,2.0,BANTEN,8.0,68000,8500.0,8500.0
ORD_0005770,2025-02-03 21:53:00,2025.0,2.0,NUSA TENGGARA TIMUR (NTT),0.8,21000,26250.0,26250.0
ORD_0005776,2025-02-03 23:53:00,2025.0,2.0,RIAU,1.7,33000,19411.764705882353,19411.764705882353
ORD_0005781,2025-02-04 07:30:00,2025.0,2.0,SUMATERA UTARA,0.1,3000,30000.0,30000.0
ORD_0005782,2025-02-04 08:31:00,2025.0,2.0,JAWA TIMUR,0.2,500,2500.0,2500.0
ORD_0005798,2025-02-04 16:00:00,2025.0,2.0,JAWA BARAT,0.3,7700,25666.666666666668,25666.666666666668
ORD_0005800,2025-02-04 16:58:00,2025.0,2.0,JAWA TIMUR,0.1,500,5000.0,5000.0
ORD_0005802,2025-02-04 17:54:00,2025.0,2.0,BANTEN,14.1,13600,964.5390070921986,964.5390070921986
ORD_0005804,2025-02-04 19:10:00,2025.0,2.0,JAWA TIMUR,1.7,9000,5294.117647058823,5294.117647058823
ORD_0005805,2025-02-04 19:29:00,2025.0,2.0,JAWA BARAT,7.0,6000,857.1428571428571,857.1428571428571
ORD_0005809,2025-02-04 19:53:00,2025.0,2.0,SUMATERA SELATAN,0.3,7000,23333.333333333336,23333.333333333336
ORD_0005811,2025-02-04 20:00:00,2025.0,2.0,JAWA TIMUR,0.2,1000,5000.0,5000.0
ORD_0005812,2025-02-04 20:02:00,2025.0,2.0,JAWA BARAT,0.2,1000,5000.0,5000.0
ORD_0005813,2025-02-04 20:05:00,2025.0,2.0,SUMATERA SELATAN,0.4,5500,13750.0,13750.0
ORD_0005816,2025-02-04 21:06:00,2025.0,2.0,RIAU,0.2,1000,5000.0,5000.0
ORD_0005818,2025-02-04 22:00:00,2025.0,2.0,JAWA TENGAH,0.1,1000,10000.0,10000.0
ORD_0005821,2025-02-05 03:52:00,2025.0,2.0,JAWA TENGAH,0.4,1000,2500.0,2500.0
ORD_0005822,2025-02-05 04:58:00,2025.0,2.0,KALIMANTAN TIMUR,1.2,16000,13333.333333333334,13333.333333333334
ORD_0005829,2025-02-05 09:41:00,2025.0,2.0,SUMATERA SELATAN,2.0,8500,4250.0,4250.0
ORD_0005832,2025-02-05 10:17:00,2025.0,2.0,DKI JAKARTA,3.0,5000,1666.6666666666667,1666.6666666666667
ORD_0005840,2025-02-05 14:48:00,2025.0,2.0,KALIMANTAN TENGAH,1.7,53000,31176.470588235297,31176.470588235297
ORD_0005846,2025-02-05 19:15:00,2025.0,2.0,JAWA BARAT,0.4,8000,20000.0,20000.0
ORD_0005863,2025-02-06 09:57:00,2025.0,2.0,RIAU,0.7,6200,8857.142857142857,8857.142857142857
ORD_0005866,2025-02-06 12:44:00,2025.0,2.0,DKI JAKARTA,7.0,20500,2928.5714285714284,2928.5714285714284
ORD_0005868,2025-02-06 14:00:00,2025.0,2.0,DKI JAKARTA,0.3,8000,26666.666666666668,26666.666666666668
ORD_0005870,2025-02-06 15:50:00,2025.0,2.0,JAWA TENGAH,9.0,21600,2400.0,2400.0
ORD_0005875,2025-02-06 18:51:00,2025.0,2.0,JAWA TIMUR,0.08,16000,200000.0,170093.75000000035
ORD_0005877,2025-02-06 20:40:00,2025.0,2.0,BANTEN,0.36,5100,14166.666666666668,14166.666666666668
ORD_0005878,2025-02-06 21:19:00,2025.0,2.0,BANTEN,0.28,8000,28571.42857142857,28571.42857142857
ORD_0005883,2025-02-07 08:01:00,2025.0,2.0,SUMATERA SELATAN,24.2,98301,4062.0247933884298,4062.0247933884298
ORD_0005885,2025-02-07 10:10:00,2025.0,2.0,BANTEN,0.8,17500,21875.0,21875.0
ORD_0005888,2025-02-07 10:46:00,2025.0,2.0,BANTEN,24.6,68000,2764.2276422764226,2764.2276422764226
ORD_0005896,2025-02-07 16:01:00,2025.0,2.0,JAWA BARAT,12.0,38400,3200.0,3200.0
ORD_0005899,2025-02-07 17:05:00,2025.0,2.0,JAWA TIMUR,4.0,10000,2500.0,2500.0
ORD_0005900,2025-02-07 17:15:00,2025.0,2.0,SUMATERA BARAT,0.4,1000,2500.0,2500.0
ORD_0005903,2025-02-07 18:05:00,2025.0,2.0,BANTEN,0.4,8000,20000.0,20000.0
ORD_0005907,2025-02-07 19:29:00,2025.0,2.0,BANGKA BELITUNG,0.4,7000,17500.0,17500.0
ORD_0005908,2025-02-07 20:33:00,2025.0,2.0,KALIMANTAN SELATAN,1.0,7000,7000.0,7000.0
ORD_0005912,2025-02-07 23:39:00,2025.0,2.0,JAWA TENGAH,0.8,16000,20000.0,20000.0
ORD_0005913,2025-02-07 23:43:00,2025.0,2.0,BANTEN,0.2,8000,40000.0,40000.0
ORD_0005914,2025-02-08 00:23:00,2025.0,2.0,JAWA BARAT,0.5,8000,16000.0,16000.0
ORD_0005919,2025-02-08 07:07:00,2025.0,2.0,KALIMANTAN TENGAH,0.2,19100,95500.0,95500.0
ORD_0005924,2025-02-08 09:01:00,2025.0,2.0,RIAU,0.2,16500,82500.0,82500.0
ORD_0005925,2025-02-08 09:44:00,2025.0,2.0,DKI JAKARTA,0.5,6300,12600.0,12600.0
ORD_0005932,2025-02-08 11:42:00,2025.0,2.0,JAWA BARAT,4.0,15000,3750.0,3750.0
ORD_0005933,2025-02-08 11:54:00,2025.0,2.0,DKI JAKARTA,5.0,20000,4000.0,4000.0
ORD_0005940,2025-02-08 13:28:00,2025.0,2.0,BANTEN,7.0,18000,2571.4285714285716,2571.4285714285716
ORD_0005942,2025-02-08 16:06:00,2025.0,2.0,JAWA BARAT,1.0,16000,16000.0,16000.0
ORD_0005943,2025-02-08 16:08:00,2025.0,2.0,JAMBI,10.02,7000,698.6027944111777,698.6027944111777
ORD_0005945,2025-02-08 18:45:00,2025.0,2.0,KALIMANTAN TENGAH,0.4,15000,37500.0,37500.0
ORD_0005946,2025-02-08 18:54:00,2025.0,2.0,KALIMANTAN BARAT,1.0,35500,35500.0,35500.0
ORD_0005948,2025-02-08 19:36:00,2025.0,2.0,SULAWESI TENGGARA,1.0,10000,10000.0,10000.0
ORD_0005950,2025-02-08 20:01:00,2025.0,2.0,JAWA BARAT,1.7,3000,1764.7058823529412,1764.7058823529412
ORD_0005952,2025-02-08 20:55:00,2025.0,2.0,LAMPUNG,0.8,14500,18125.0,18125.0
ORD_0005954,2025-02-08 22:41:00,2025.0,2.0,BANTEN,0.65,8000,12307.692307692309,12307.692307692309
ORD_0005955,2025-02-08 23:14:00,2025.0,2.0,SUMATERA UTARA,0.4,14300,35750.0,35750.0
ORD_0005962,2025-02-09 12:47:00,2025.0,2.0,JAWA TIMUR,0.2,1000,5000.0,5000.0
ORD_0005969,2025-02-09 15:19:00,2025.0,2.0,SUMATERA SELATAN,3.2,60500,18906.25,18906.25
ORD_0005971,2025-02-09 15:56:00,2025.0,2.0,JAMBI,1.7,72000,42352.94117647059,42352.94117647059
ORD_0005972,2025-02-09 16:41:00,2025.0,2.0,SULAWESI UTARA,2.0,17500,8750.0,8750.0
ORD_0005983,2025-02-09 21:21:00,2025.0,2.0,DKI JAKARTA,0.2,8000,40000.0,40000.0
ORD_0005985,2025-02-09 23:28:00,2025.0,2.0,DKI JAKARTA,16.0,37000,2312.5,2312.5
ORD_0005990,2025-02-10 08:21:00,2025.0,2.0,JAWA TIMUR,1.6,8800,5500.0,5500.0
ORD_0005995,2025-02-10 10:44:00,2025.0,2.0,JAMBI,1.5,10200,6800.0,6800.0
ORD_0006000,2025-02-10 11:28:00,2025.0,2.0,SUMATERA BARAT,1.29,14500,11240.31007751938,11240.31007751938
ORD_0006001,2025-02-10 12:40:00,2025.0,2.0,BANTEN,0.5,8000,16000.0,16000.0
ORD_0006003,2025-02-10 13:09:00,2025.0,2.0,BANTEN,16.0,30000,1875.0,1875.0
ORD_0006019,2025-02-10 20:09:00,2025.0,2.0,JAWA TIMUR,0.2,1000,5000.0,5000.0
ORD_0006024,2025-02-10 21:15:00,2025.0,2.0,JAWA TIMUR,0.5,1000,2000.0,2000.0
ORD_0006030,2025-02-10 23:45:00,2025.0,2.0,BANTEN,3.0,14000,4666.666666666667,4666.666666666667
ORD_0006031,2025-02-11 05:14:00,2025.0,2.0,BANTEN,5.8,7000,1206.896551724138,1206.896551724138
ORD_0006032,2025-02-11 06:11:00,2025.0,2.0,JAWA BARAT,0.1,6000,60000.0,60000.0
ORD_0006033,2025-02-11 06:32:00,2025.0,2.0,KALIMANTAN SELATAN,2.0,12000,6000.0,6000.0
ORD_0006034,2025-02-11 07:50:00,2025.0,2.0,DI YOGYAKARTA,1.6,7900,4937.5,4937.5
ORD_0006040,2025-02-11 10:55:00,2025.0,2.0,SUMATERA SELATAN,1.7,7200,4235.294117647059,4235.294117647059
ORD_0006043,2025-02-11 12:44:00,2025.0,2.0,JAWA BARAT,0.1,6500,65000.0,65000.0
ORD_0006049,2025-02-11 16:44:00,2025.0,2.0,KALIMANTAN TENGAH,1.2,27200,22666.666666666668,22666.666666666668
ORD_0006053,2025-02-11 17:45:00,2025.0,2.0,JAWA TENGAH,1.0,1000,1000.0,1000.0
ORD_0006059,2025-02-11 21:08:00,2025.0,2.0,JAWA BARAT,5.0,45100,9020.0,9020.0
ORD_0006062,2025-02-11 22:18:00,2025.0,2.0,SUMATERA BARAT,6.0,2000,333.3333333333333,333.3333333333333
ORD_0006066,2025-02-12 07:43:00,2025.0,2.0,BANTEN,5.2,14894,2864.230769230769,2864.230769230769
ORD_0006068,2025-02-12 08:01:00,2025.0,2.0,BENGKULU,1.0,9500,9500.0,9500.0
ORD_0006070,2025-02-12 09:02:00,2025.0,2.0,JAWA TIMUR,0.15,1000,6666.666666666667,6666.666666666667
ORD_0006075,2025-02-12 10:14:00,2025.0,2.0,BANTEN,12.0,21000,1750.0,1750.0
ORD_0006076,2025-02-12 10:43:00,2025.0,2.0,NUSA TENGGARA BARAT (NTB),0.3,14500,48333.333333333336,48333.333333333336
ORD_0006077,2025-02-12 11:05:00,2025.0,2.0,SUMATERA BARAT,11.1,1400,126.12612612612612,126.12612612612612
ORD_0006078,2025-02-12 11:18:00,2025.0,2.0,JAWA TIMUR,1.7,10600,6235.294117647059,6235.294117647059
ORD_0006079,2025-02-12 11:50:00,2025.0,2.0,DKI JAKARTA,1.5,20000,13333.333333333334,13333.333333333334
ORD_0006095,2025-02-12 18:52:00,2025.0,2.0,JAWA BARAT,4.0,12000,3000.0,3000.0
ORD_0006099,2025-02-12 22:30:00,2025.0,2.0,JAWA BARAT,0.5,1000,2000.0,2000.0
ORD_0006100,2025-02-12 00:08:00,2025.0,2.0,DKI JAKARTA,0.65,8000,12307.692307692309,12307.692307692309
ORD_0006107,2025-02-13 08:07:00,2025.0,2.0,JAWA TIMUR,5.0,45100,9020.0,9020.0
ORD_0006115,2025-02-13 10:32:00,2025.0,2.0,JAWA TIMUR,1.02,1000,980.3921568627452,980.3921568627452
ORD_0006116,2025-02-13 10:35:00,2025.0,2.0,JAWA TENGAH,0.3,1000,3333.3333333333335,3333.3333333333335
ORD_0006131,2025-02-13 23:14:00,2025.0,2.0,KALIMANTAN SELATAN,2.0,6500,3250.0,3250.0
ORD_0006133,2025-02-14 00:42:00,2025.0,2.0,SUMATERA UTARA,0.5,14300,28600.0,28600.0
ORD_0006134,2025-02-14 08:50:00,2025.0,2.0,JAWA TENGAH,0.2,1000,5000.0,5000.0
ORD_0006142,2025-02-14 12:03:00,2025.0,2.0,JAWA BARAT,6.0,3300,550.0,550.0
ORD_0006148,2025-02-14 14:54:00,2025.0,2.0,DKI JAKARTA,7.0,16400,2342.8571428571427,2342.8571428571427
ORD_0006155,2025-02-14 16:30:00,2025.0,2.0,JAWA TIMUR,10.5,7700,733.3333333333334,733.3333333333334
ORD_0006163,2025-02-14 18:27:00,2025.0,2.0,KALIMANTAN TIMUR,1.4,28000,20000.0,20000.0
ORD_0006165,2025-02-14 19:58:00,2025.0,2.0,BANTEN,5.0,800,160.0,160.0
ORD_0006167,2025-02-14 20:40:00,2025.0,2.0,BANTEN,7.0,23000,3285.714285714286,3285.714285714286
ORD_0006168,2025-02-14 21:04:00,2025.0,2.0,KALIMANTAN SELATAN,0.6,13400,22333.333333333336,22333.333333333336
ORD_0006169,2025-02-14 21:35:00,2025.0,2.0,JAWA TENGAH,0.1,1000,10000.0,10000.0
ORD_0006170,2025-02-14 21:52:00,2025.0,2.0,KEPULAUAN RIAU,5.6,59000,10535.714285714286,10535.714285714286
ORD_0006173,2025-02-15 08:45:00,2025.0,2.0,BANTEN,2.0,25000,12500.0,12500.0
ORD_0006174,2025-02-15 10:29:00,2025.0,2.0,JAWA BARAT,0.1,5000,50000.0,50000.0
ORD_0006175,2025-02-15 12:01:00,2025.0,2.0,JAWA BARAT,0.16,500,3125.0,3125.0
ORD_0006179,2025-02-15 15:46:00,2025.0,2.0,LAMPUNG,3.0,13200,4400.0,4400.0
ORD_0006181,2025-02-15 15:55:00,2025.0,2.0,BANGKA BELITUNG,1.7,46000,27058.82352941177,27058.82352941177
ORD_0006184,2025-02-15 19:31:00,2025.0,2.0,SUMATERA SELATAN,0.7,5000,7142.857142857143,7142.857142857143
ORD_0006186,2025-02-15 20:51:00,2025.0,2.0,SUMATERA SELATAN,2.0,10000,5000.0,5000.0
ORD_0006187,2025-02-15 21:20:00,2025.0,2.0,JAWA BARAT,6.0,55000,9166.666666666666,9166.666666666666
ORD_0006193,2025-02-16 04:40:00,2025.0,2.0,JAWA TIMUR,0.65,16000,24615.384615384613,24615.384615384613
ORD_0006194,2025-02-16 07:51:00,2025.0,2.0,LAMPUNG,0.2,12300,61500.0,61500.0
ORD_0006198,2025-02-16 11:13:00,2025.0,2.0,JAWA BARAT,3.2,800,250.0,250.0
ORD_0006202,2025-02-16 13:11:00,2025.0,2.0,BANTEN,0.01,3000,300000.0,170093.75000000035
ORD_0006204,2025-02-16 14:08:00,2025.0,2.0,JAWA BARAT,5.0,7200,1440.0,1440.0
ORD_0006207,2025-02-16 17:41:00,2025.0,2.0,JAMBI,4.0,5000,1250.0,1250.0
ORD_0006208,2025-02-16 18:15:00,2025.0,2.0,JAWA BARAT,0.65,18000,27692.30769230769,27692.30769230769
ORD_0006216,2025-02-16 21:33:00,2025.0,2.0,JAWA BARAT,0.1,8000,80000.0,80000.0
ORD_0006217,2025-02-16 21:34:00,2025.0,2.0,DKI JAKARTA,0.3,8000,26666.666666666668,26666.666666666668
ORD_0006218,2025-02-17 03:08:00,2025.0,2.0,BANTEN,0.1,8000,80000.0,80000.0
ORD_0006231,2025-02-17 11:38:00,2025.0,2.0,KALIMANTAN TIMUR,1.7,49000,28823.529411764703,28823.529411764703
ORD_0006232,2025-02-17 12:28:00,2025.0,2.0,BANTEN,4.2,22000,5238.095238095238,5238.095238095238
ORD_0006234,2025-02-17 12:47:00,2025.0,2.0,DI YOGYAKARTA,0.65,1000,1538.4615384615383,1538.4615384615383
ORD_0006239,2025-02-17 15:00:00,2025.0,2.0,JAWA TENGAH,0.2,1000,5000.0,5000.0
ORD_0006240,2025-02-17 15:09:00,2025.0,2.0,DKI JAKARTA,1.3,10000,7692.307692307692,7692.307692307692
ORD_0006242,2025-02-17 16:20:00,2025.0,2.0,JAWA TIMUR,0.36,1000,2777.777777777778,2777.777777777778
ORD_0006251,2025-02-18 05:42:00,2025.0,2.0,JAWA TIMUR,0.1,500,5000.0,5000.0
ORD_0006253,2025-02-18 08:57:00,2025.0,2.0,SUMATERA SELATAN,0.5,2000,4000.0,4000.0
ORD_0006254,2025-02-18 09:46:00,2025.0,2.0,JAWA BARAT,6.0,15000,2500.0,2500.0
ORD_0006258,2025-02-18 11:50:00,2025.0,2.0,KALIMANTAN BARAT,0.5,18500,37000.0,37000.0
ORD_0006263,2025-02-18 13:41:00,2025.0,2.0,LAMPUNG,0.2,16000,80000.0,80000.0
ORD_0006268,2025-02-18 16:58:00,2025.0,2.0,BANGKA BELITUNG,1.5,64000,42666.666666666664,42666.666666666664
ORD_0006285,2025-02-18 23:33:00,2025.0,2.0,SUMATERA SELATAN,1.4,28800,20571.428571428572,20571.428571428572
ORD_0006286,2025-02-19 00:29:00,2025.0,2.0,JAWA BARAT,0.1,1500,15000.0,15000.0
ORD_0006287,2025-02-19 02:02:00,2025.0,2.0,RIAU,0.5,3700,7400.0,7400.0
ORD_0006290,2025-02-19 07:39:00,2025.0,2.0,SUMATERA SELATAN,0.7,17000,24285.714285714286,24285.714285714286
ORD_0006291,2025-02-19 07:44:00,2025.0,2.0,KALIMANTAN TIMUR,0.2,24400,122000.0,122000.0
ORD_0006296,2025-02-19 11:14:00,2025.0,2.0,JAWA BARAT,4.0,27200,6800.0,6800.0
ORD_0006297,2025-02-19 11:38:00,2025.0,2.0,JAMBI,0.5,400,800.0,800.0
ORD_0006299,2025-02-19 12:00:00,2025.0,2.0,JAWA TIMUR,0.5,1000,2000.0,2000.0
ORD_0006301,2025-02-19 12:24:00,2025.0,2.0,BANTEN,4.2,17500,4166.666666666666,4166.666666666666
ORD_0006303,2025-02-19 13:15:00,2025.0,2.0,JAWA BARAT,0.08,1500,18750.0,18750.0
ORD_0006310,2025-02-19 14:26:00,2025.0,2.0,BANGKA BELITUNG,5.0,35000,7000.0,7000.0
ORD_0006311,2025-02-19 14:43:00,2025.0,2.0,RIAU,0.1,6500,65000.0,65000.0
ORD_0006316,2025-02-19 17:17:00,2025.0,2.0,BANTEN,4.0,98000,24500.0,24500.0
ORD_0006319,2025-02-19 18:53:00,2025.0,2.0,JAWA TIMUR,1.7,8800,5176.470588235295,5176.470588235295
ORD_0006324,2025-02-19 22:20:00,2025.0,2.0,JAWA TENGAH,1.125,1000,888.8888888888889,888.8888888888889
ORD_0006325,2025-02-19 22:21:00,2025.0,2.0,BANTEN,0.5,17500,35000.0,35000.0
ORD_0006332,2025-02-20 13:05:00,2025.0,2.0,JAWA BARAT,0.6,14000,23333.333333333336,23333.333333333336
ORD_0006335,2025-02-20 15:24:00,2025.0,2.0,KEPULAUAN RIAU,1.0,8500,8500.0,8500.0
ORD_0006338,2025-02-20 18:05:00,2025.0,2.0,JAWA BARAT,0.5,8000,16000.0,16000.0
ORD_0006339,2025-02-20 18:33:00,2025.0,2.0,KALIMANTAN BARAT,0.8,13500,16875.0,16875.0
ORD_0006342,2025-02-20 22:30:00,2025.0,2.0,DKI JAKARTA,4.2,3000,714.2857142857142,714.2857142857142
ORD_0006348,2025-02-21 07:50:00,2025.0,2.0,NUSA TENGGARA BARAT (NTB),0.24,19000,79166.66666666667,79166.66666666667
ORD_0006350,2025-02-21 08:05:00,2025.0,2.0,SULAWESI TENGAH,0.6,21500,35833.333333333336,35833.333333333336
ORD_0006352,2025-02-21 10:01:00,2025.0,2.0,DKI JAKARTA,14.0,33000,2357.1428571428573,2357.1428571428573
ORD_0006354,2025-02-21 10:18:00,2025.0,2.0,KALIMANTAN SELATAN,1.4,70000,50000.0,50000.0
ORD_0006356,2025-02-21 12:53:00,2025.0,2.0,SULAWESI TENGAH,0.5,36500,73000.0,73000.0
ORD_0006357,2025-02-21 13:06:00,2025.0,2.0,DKI JAKARTA,0.5,5500,11000.0,11000.0
ORD_0006362,2025-02-21 16:42:00,2025.0,2.0,SUMATERA SELATAN,1.0,2500,2500.0,2500.0
ORD_0006363,2025-02-21 16:48:00,2025.0,2.0,LAMPUNG,1.0,1000,1000.0,1000.0
ORD_0006368,2025-02-21 20:50:00,2025.0,2.0,JAWA BARAT,0.2,1000,5000.0,5000.0
ORD_0006370,2025-02-22 01:40:00,2025.0,2.0,BENGKULU,0.5,19500,39000.0,39000.0
ORD_0006373,2025-02-22 06:27:00,2025.0,2.0,JAWA BARAT,0.6,500,833.3333333333334,833.3333333333334
ORD_0006374,2025-02-22 08:41:00,2025.0,2.0,JAWA BARAT,0.1,13000,130000.0,130000.0
ORD_0006378,2025-02-22 09:54:00,2025.0,2.0,DKI JAKARTA,0.08,6500,81250.0,81250.0
ORD_0006379,2025-02-22 10:20:00,2025.0,2.0,JAWA TIMUR,1.0,1000,1000.0,1000.0
ORD_0006381,2025-02-22 11:52:00,2025.0,2.0,JAWA TIMUR,1.7,5200,3058.823529411765,3058.823529411765
ORD_0006384,2025-02-22 18:54:00,2025.0,2.0,JAWA BARAT,5.0,33600,6720.0,6720.0
ORD_0006386,2025-02-22 19:43:00,2025.0,2.0,JAWA BARAT,0.08,4500,56250.0,56250.0
ORD_0006389,2025-02-22 21:48:00,2025.0,2.0,JAWA TIMUR,1.0,1000,1000.0,1000.0
ORD_0006400,2025-02-23 05:32:00,2025.0,2.0,JAWA BARAT,0.65,2000,3076.9230769230767,3076.9230769230767
ORD_0006401,2025-02-23 06:27:00,2025.0,2.0,JAWA TIMUR,4.0,4400,1100.0,1100.0
ORD_0006404,2025-02-23 10:17:00,2025.0,2.0,MALUKU,8.0,228800,28600.0,28600.0
ORD_0006405,2025-02-23 11:01:00,2025.0,2.0,JAWA BARAT,5.0,10600,2120.0,2120.0
ORD_0006406,2025-02-23 11:43:00,2025.0,2.0,DI YOGYAKARTA,1.2,16000,13333.333333333334,13333.333333333334
ORD_0006407,2025-02-23 15:35:00,2025.0,2.0,BANTEN,0.1,8000,80000.0,80000.0
ORD_0006411,2025-02-24 08:15:00,2025.0,2.0,JAWA TENGAH,10.0,21500,2150.0,2150.0
ORD_0006413,2025-02-24 08:32:00,2025.0,2.0,JAWA TENGAH,0.08,6000,75000.0,75000.0
ORD_0006417,2025-02-24 10:24:00,2025.0,2.0,JAWA TIMUR,1.4,5600,4000.000000000001,4000.000000000001
ORD_0006418,2025-02-24 10:40:00,2025.0,2.0,DKI JAKARTA,49.0,29500,602.0408163265306,602.0408163265306
ORD_0006420,2025-02-24 11:12:00,2025.0,2.0,JAWA TIMUR,8.0,62300,7787.5,7787.5
ORD_0006422,2025-02-24 11:59:00,2025.0,2.0,JAWA BARAT,0.2,2000,10000.0,10000.0
ORD_0006424,2025-02-24 14:19:00,2025.0,2.0,JAWA TENGAH,0.5,1000,2000.0,2000.0
ORD_0006425,2025-02-24 15:31:00,2025.0,2.0,SUMATERA UTARA,0.4,3000,7500.0,7500.0
ORD_0006427,2025-02-24 17:56:00,2025.0,2.0,DKI JAKARTA,144.45,9000,62.30529595015577,62.30529595015577
ORD_0006431,2025-02-24 19:13:00,2025.0,2.0,BANTEN,3.0,4000,1333.3333333333333,1333.3333333333333
ORD_0006441,2025-02-25 00:30:00,2025.0,2.0,SULAWESI TENGGARA,1.4,15000,10714.285714285716,10714.285714285716
ORD_0006443,2025-02-25 01:44:00,2025.0,2.0,BANTEN,0.1,3000,30000.0,30000.0
ORD_0006449,2025-02-25 11:58:00,2025.0,2.0,JAWA TENGAH,5.0,4000,800.0,800.0
ORD_0006456,2025-02-25 15:29:00,2025.0,2.0,BANTEN,5.0,13600,2720.0,2720.0
ORD_0006460,2025-02-25 16:35:00,2025.0,2.0,BANTEN,1.5,6500,4333.333333333333,4333.333333333333
ORD_0006469,2025-02-25 21:17:00,2025.0,2.0,BENGKULU,1.0,9500,9500.0,9500.0
ORD_0006471,2025-02-26 01:00:00,2025.0,2.0,JAWA BARAT,3.0,800,266.6666666666667,266.6666666666667
ORD_0006473,2025-02-26 04:21:00,2025.0,2.0,BANTEN,3.0,19000,6333.333333333333,6333.333333333333
ORD_0006474,2025-02-26 04:44:00,2025.0,2.0,NUSA TENGGARA BARAT (NTB),0.6,14500,24166.666666666668,24166.666666666668
ORD_0006479,2025-02-26 09:23:00,2025.0,2.0,JAWA BARAT,1.0,500,500.0,500.0
ORD_0006480,2025-02-26 09:42:00,2025.0,2.0,JAWA BARAT,0.65,8000,12307.692307692309,12307.692307692309
ORD_0006484,2025-02-26 11:34:00,2025.0,2.0,JAWA BARAT,0.5,1000,2000.0,2000.0
ORD_0006485,2025-02-26 11:46:00,2025.0,2.0,JAWA BARAT,4.0,4200,1050.0,1050.0
ORD_0006487,2025-02-26 12:41:00,2025.0,2.0,SUMATERA SELATAN,24.2,99301,4103.347107438017,4103.347107438017
ORD_0006496,2025-02-26 16:29:00,2025.0,2.0,RIAU,0.4,17500,43750.0,43750.0
ORD_0006498,2025-02-26 17:09:00,2025.0,2.0,SULAWESI SELATAN,1.0,12200,12200.0,12200.0
ORD_0006502,2025-02-26 19:39:00,2025.0,2.0,JAWA TIMUR,1.0,1000,1000.0,1000.0
ORD_0006508,2025-02-26 20:55:00,2025.0,2.0,BANTEN,1.7,6000,3529.4117647058824,3529.4117647058824
ORD_0006513,2025-02-27 09:27:00,2025.0,2.0,JAWA BARAT,0.08,5500,68750.0,68750.0
ORD_0006516,2025-02-27 10:28:00,2025.0,2.0,JAWA TIMUR,0.5,1000,2000.0,2000.0
ORD_0006517,2025-02-27 10:44:00,2025.0,2.0,SULAWESI SELATAN,1.6,9000,5625.0,5625.0
ORD_0006519,2025-02-27 10:51:00,2025.0,2.0,JAWA TIMUR,0.3,1000,3333.3333333333335,3333.3333333333335
ORD_0006520,2025-02-27 11:38:00,2025.0,2.0,BANTEN,0.5,8000,16000.0,16000.0
ORD_0006522,2025-02-27 12:48:00,2025.0,2.0,JAWA TIMUR,0.3,1000,3333.3333333333335,3333.3333333333335
ORD_0006524,2025-02-27 16:22:00,2025.0,2.0,DKI JAKARTA,5.25,13600,2590.4761904761904,2590.4761904761904
ORD_0006525,2025-02-27 16:55:00,2025.0,2.0,BANTEN,20.0,5000,250.0,250.0
ORD_0006527,2025-02-27 18:10:00,2025.0,2.0,JAWA BARAT,4.95,7900,1595.9595959595958,1595.9595959595958
ORD_0006537,2025-02-27 23:20:00,2025.0,2.0,RIAU,1.0,11200,11200.0,11200.0
ORD_0006542,2025-02-28 10:13:00,2025.0,2.0,JAWA BARAT,1.0,10000,10000.0,10000.0
ORD_0006548,2025-02-28 15:22:00,2025.0,2.0,JAWA TIMUR,0.5,1000,2000.0,2000.0
ORD_0006551,2025-02-28 16:09:00,2025.0,2.0,DKI JAKARTA,0.08,3000,37500.0,37500.0
ORD_0006553,2025-02-28 20:01:00,2025.0,2.0,JAWA BARAT,0.2,8000,40000.0,40000.0
ORD_0006569,2024-01-01 11:15:00,2024.0,1.0,JAWA TENGAH,1.7,9000,5294.117647058823,5294.117647058823
ORD_0006571,2024-01-01 11:36:00,2024.0,1.0,JAWA TIMUR,0.2,4500,22500.0,22500.0
ORD_0006572,2024-01-01 11:40:00,2024.0,1.0,SUMATERA UTARA,1.0,5000,5000.0,5000.0
ORD_0006581,2024-01-01 15:21:00,2024.0,1.0,JAWA BARAT,4.5,3000,666.6666666666666,666.6666666666666
ORD_0006582,2024-01-01 15:22:00,2024.0,1.0,JAWA BARAT,0.5,2000,4000.0,4000.0
ORD_0006583,2024-01-01 15:24:00,2024.0,1.0,JAWA BARAT,0.5,6500,13000.0,13000.0
ORD_0006585,2024-01-01 15:51:00,2024.0,1.0,BANTEN,2.0,17500,8750.0,8750.0
ORD_0006587,2024-01-01 16:21:00,2024.0,1.0,DKI JAKARTA,152.0,33000,217.1052631578947,217.1052631578947
ORD_0006589,2024-01-01 16:41:00,2024.0,1.0,JAWA BARAT,0.3,5500,18333.333333333336,18333.333333333336
ORD_0006603,2024-01-01 20:49:00,2024.0,1.0,JAWA BARAT,0.5,2000,4000.0,4000.0
ORD_0006606,2024-01-01 21:52:00,2024.0,1.0,JAWA BARAT,0.5,1000,2000.0,2000.0
ORD_0006609,2024-01-02 00:46:00,2024.0,1.0,SUMATERA SELATAN,24.2,99301,4103.347107438017,4103.347107438017
ORD_0006611,2024-01-02 08:37:00,2024.0,1.0,JAWA BARAT,0.5,8000,16000.0,16000.0
ORD_0006613,2024-01-02 09:47:00,2024.0,1.0,SUMATERA BARAT,0.2,38500,192500.0,170093.75000000035
ORD_0006614,2024-01-02 10:25:00,2024.0,1.0,JAWA BARAT,0.5,8000,16000.0,16000.0
ORD_0006615,2024-01-02 12:59:00,2024.0,1.0,JAWA BARAT,1.0,12500,12500.0,12500.0
ORD_0006617,2024-01-02 16:06:00,2024.0,1.0,JAMBI,0.7,3500,5000.0,5000.0
ORD_0006618,2024-01-02 18:20:00,2024.0,1.0,DI YOGYAKARTA,0.3,16000,53333.333333333336,53333.333333333336
ORD_0006619,2024-01-02 18:35:00,2024.0,1.0,SUMATERA SELATAN,0.4,46000,115000.0,115000.0
ORD_0006620,2024-01-02 21:09:00,2024.0,1.0,JAWA BARAT,0.35,8000,22857.14285714286,22857.14285714286
ORD_0006621,2024-01-02 22:12:00,2024.0,1.0,BANTEN,7.0,8000,1142.857142857143,1142.857142857143
ORD_0006624,2024-01-03 06:05:00,2024.0,1.0,JAWA BARAT,0.8,8000,10000.0,10000.0
ORD_0006625,2024-01-03 11:16:00,2024.0,1.0,BANTEN,0.5,8000,16000.0,16000.0
ORD_0006626,2024-01-03 11:23:00,2024.0,1.0,DKI JAKARTA,2.0,8000,4000.0,4000.0
ORD_0006627,2024-01-03 12:12:00,2024.0,1.0,KALIMANTAN TIMUR,2.56,14500,5664.0625,5664.0625
ORD_0006628,2024-01-03 13:04:00,2024.0,1.0,NUSA TENGGARA BARAT (NTB),1.7,89000,52352.94117647059,52352.94117647059
ORD_0006629,2024-01-03 15:08:00,2024.0,1.0,DKI JAKARTA,1.0,8000,8000.0,8000.0
ORD_0006630,2024-01-03 15:10:00,2024.0,1.0,DKI JAKARTA,1.0,8000,8000.0,8000.0
ORD_0006631,2024-01-03 15:24:00,2024.0,1.0,BANTEN,0.5,8000,16000.0,16000.0
ORD_0006632,2024-01-03 15:36:00,2024.0,1.0,JAWA BARAT,0.7,9000,12857.14285714286,12857.14285714286
ORD_0006635,2024-01-03 18:02:00,2024.0,1.0,DKI JAKARTA,10.0,72000,7200.0,7200.0
ORD_0006636,2024-01-03 18:04:00,2024.0,1.0,DKI JAKARTA,10.0,72000,7200.0,7200.0
ORD_0006637,2024-01-03 19:14:00,2024.0,1.0,SUMATERA SELATAN,0.4,38000,95000.0,95000.0
ORD_0006638,2024-01-03 20:13:00,2024.0,1.0,BANTEN,0.4,8000,20000.0,20000.0
ORD_0006639,2024-01-03 22:10:00,2024.0,1.0,DKI JAKARTA,0.4,8000,20000.0,20000.0
ORD_0006641,2024-01-04 04:29:00,2024.0,1.0,BANTEN,0.5,7500,15000.0,15000.0
ORD_0006642,2024-01-04 06:27:00,2024.0,1.0,BANTEN,0.4,8000,20000.0,20000.0
ORD_0006644,2024-01-04 09:28:00,2024.0,1.0,KALIMANTAN SELATAN,2.0,31500,15750.0,15750.0
ORD_0006645,2024-01-04 09:34:00,2024.0,1.0,JAWA BARAT,46.0,48401,1052.195652173913,1052.195652173913
ORD_0006646,2024-01-04 10:27:00,2024.0,1.0,JAWA BARAT,0.25,10000,40000.0,40000.0
ORD_0006647,2024-01-04 11:50:00,2024.0,1.0,DKI JAKARTA,1.0,8000,8000.0,8000.0
ORD_0006648,2024-01-04 11:55:00,2024.0,1.0,SUMATERA SELATAN,0.4,35500,88750.0,88750.0
ORD_0006649,2024-01-04 12:55:00,2024.0,1.0,DKI JAKARTA,1.6,8000,5000.0,5000.0
ORD_0006650,2024-01-04 13:06:00,2024.0,1.0,DKI JAKARTA,0.5,8000,16000.0,16000.0
ORD_0006651,2024-01-04 14:10:00,2024.0,1.0,DKI JAKARTA,2.0,16000,8000.0,8000.0
ORD_0006652,2024-01-04 14:16:00,2024.0,1.0,DKI JAKARTA,0.2,8000,40000.0,40000.0
ORD_0006653,2024-01-04 14:32:00,2024.0,1.0,SUMATERA BARAT,0.4,21000,52500.0,52500.0
ORD_0006655,2024-01-04 16:51:00,2024.0,1.0,BANTEN,1.0,8000,8000.0,8000.0
ORD_0006656,2024-01-04 17:40:00,2024.0,1.0,DKI JAKARTA,1.7,16000,9411.764705882351,9411.764705882351
ORD_0006658,2024-01-04 19:12:00,2024.0,1.0,DKI JAKARTA,1.0,8000,8000.0,8000.0
ORD_0006659,2024-01-04 19:23:00,2024.0,1.0,KALIMANTAN BARAT,1.4,60000,42857.14285714286,42857.14285714286
ORD_0006662,2024-01-04 21:12:00,2024.0,1.0,BANTEN,0.4,13000,32500.0,32500.0
ORD_0006663,2024-01-04 21:58:00,2024.0,1.0,JAWA BARAT,0.2,9500,47500.0,47500.0
ORD_0006664,2024-01-04 23:10:00,2024.0,1.0,JAWA BARAT,8.0,1000,125.0,125.0
ORD_0006665,2024-01-05 06:45:00,2024.0,1.0,BANTEN,1.0,8000,8000.0,8000.0
ORD_0006666,2024-01-05 08:15:00,2024.0,1.0,BANTEN,0.5,8000,16000.0,16000.0
ORD_0006667,2024-01-05 09:46:00,2024.0,1.0,DKI JAKARTA,0.5,8000,16000.0,16000.0
ORD_0006668,2024-01-05 14:17:00,2024.0,1.0,JAWA TIMUR,0.15,15500,103333.33333333334,103333.33333333334
ORD_0006670,2024-01-05 15:51:00,2024.0,1.0,BANTEN,0.5,9500,19000.0,19000.0
ORD_0006671,2024-01-05 16:30:00,2024.0,1.0,BANTEN,0.6,7500,12500.0,12500.0
ORD_0006672,2024-01-05 19:51:00,2024.0,1.0,DKI JAKARTA,0.15,8000,53333.333333333336,53333.333333333336
ORD_0006673,2024-01-05 20:19:00,2024.0,1.0,BANTEN,0.2,8000,40000.0,40000.0
ORD_0006676,2024-01-05 23:46:00,2024.0,1.0,JAWA TIMUR,0.7,19500,27857.14285714286,27857.14285714286
ORD_0006677,2024-01-06 01:40:00,2024.0,1.0,JAWA BARAT,0.5,10000,20000.0,20000.0
ORD_0006679,2024-01-06 12:10:00,2024.0,1.0,BANTEN,0.6,8000,13333.333333333334,13333.333333333334
ORD_0006680,2024-01-06 13:47:00,2024.0,1.0,BANTEN,2.0,17500,8750.0,8750.0
ORD_0006681,2024-01-06 16:54:00,2024.0,1.0,JAWA BARAT,2.0,8000,4000.0,4000.0
ORD_0006683,2024-01-06 19:16:00,2024.0,1.0,JAWA BARAT,0.2,10000,50000.0,50000.0
ORD_0006684,2024-01-06 19:50:00,2024.0,1.0,JAWA BARAT,10.9,16000,1467.8899082568807,1467.8899082568807
ORD_0006687,2024-01-06 22:16:00,2024.0,1.0,BANTEN,0.9,8000,8888.888888888889,8888.888888888889
ORD_0006688,2024-01-06 22:23:00,2024.0,1.0,DKI JAKARTA,0.5,8000,16000.0,16000.0
ORD_0006689,2024-01-06 22:56:00,2024.0,1.0,JAWA BARAT,0.3,12500,41666.66666666667,41666.66666666667
ORD_0006690,2024-01-07 00:03:00,2024.0,1.0,DKI JAKARTA,0.5,8000,16000.0,16000.0
ORD_0006691,2024-01-07 01:39:00,2024.0,1.0,JAWA BARAT,1.95,8000,4102.5641025641025,4102.5641025641025
ORD_0006695,2024-01-07 12:39:00,2024.0,1.0,SULAWESI SELATAN,1.7,45000,26470.58823529412,26470.58823529412
ORD_0006696,2024-01-07 12:40:00,2024.0,1.0,DKI JAKARTA,2.0,18000,9000.0,9000.0
ORD_0006697,2024-01-07 12:46:00,2024.0,1.0,BANTEN,0.2,8000,40000.0,40000.0
ORD_0006698,2024-01-07 14:32:00,2024.0,1.0,SUMATERA SELATAN,4.0,30000,7500.0,7500.0
ORD_0006701,2024-01-07 17:16:00,2024.0,1.0,JAWA TIMUR,0.4,15000,37500.0,37500.0
ORD_0006702,2024-01-07 17:45:00,2024.0,1.0,JAWA TENGAH,1.2,21500,17916.666666666668,17916.666666666668
ORD_0006703,2024-01-07 19:43:00,2024.0,1.0,NUSA TENGGARA BARAT (NTB),3.375,21500,6370.37037037037,6370.37037037037
ORD_0006704,2024-01-07 21:41:00,2024.0,1.0,BANTEN,0.5,8000,16000.0,16000.0
ORD_0006707,2024-01-08 06:46:00,2024.0,1.0,JAWA BARAT,1.5,8000,5333.333333333333,5333.333333333333
ORD_0006709,2024-01-08 10:58:00,2024.0,1.0,SUMATERA SELATAN,0.6,46000,76666.66666666667,76666.66666666667
ORD_0006710,2024-01-08 11:14:00,2024.0,1.0,JAWA BARAT,3.85,34000,8831.16883116883,8831.16883116883
ORD_0006711,2024-01-08 12:20:00,2024.0,1.0,JAWA BARAT,0.4,10500,26250.0,26250.0
ORD_0006712,2024-01-08 16:11:00,2024.0,1.0,DKI JAKARTA,0.35,18000,51428.571428571435,51428.571428571435
ORD_0006713,2024-01-08 17:49:00,2024.0,1.0,JAWA BARAT,1.7,16000,9411.764705882351,9411.764705882351
ORD_0006714,2024-01-08 20:07:00,2024.0,1.0,JAWA BARAT,2.0,8000,4000.0,4000.0
ORD_0006715,2024-01-08 21:36:00,2024.0,1.0,KALIMANTAN TENGAH,0.4,9000,22500.0,22500.0
ORD_0006716,2024-01-08 21:46:00,2024.0,1.0,BANTEN,0.4,8000,20000.0,20000.0
ORD_0006719,2024-01-09 09:47:00,2024.0,1.0,JAWA TENGAH,0.6,27000,45000.0,45000.0
ORD_0006720,2024-01-09 11:05:00,2024.0,1.0,RIAU,0.5,21000,42000.0,42000.0
ORD_0006721,2024-01-09 13:10:00,2024.0,1.0,DKI JAKARTA,0.5,8000,16000.0,16000.0
ORD_0006722,2024-01-09 14:47:00,2024.0,1.0,JAWA BARAT,25.8,3000,116.27906976744184,116.27906976744184
ORD_0006723,2024-01-09 15:28:00,2024.0,1.0,BANTEN,0.3,9500,31666.666666666668,31666.666666666668
ORD_0006724,2024-01-09 16:55:00,2024.0,1.0,JAWA BARAT,0.5,9000,18000.0,18000.0
ORD_0006725,2024-01-09 19:31:00,2024.0,1.0,JAWA BARAT,0.5,8000,16000.0,16000.0
ORD_0006727,2024-01-09 20:13:00,2024.0,1.0,DKI JAKARTA,1.0,8000,8000.0,8000.0
ORD_0006728,2024-01-09 22:23:00,2024.0,1.0,SUMATERA UTARA,1.2,10000,8333.333333333334,8333.333333333334
ORD_0006729,2024-01-10 00:04:00,2024.0,1.0,JAWA BARAT,0.5,8000,16000.0,16000.0
ORD_0006730,2024-01-10 00:25:00,2024.0,1.0,JAWA BARAT,0.5,11000,22000.0,22000.0
ORD_0006733,2024-01-10 08:53:00,2024.0,1.0,BANTEN,0.3,8000,26666.666666666668,26666.666666666668
ORD_0006734,2024-01-10 09:43:00,2024.0,1.0,JAWA TIMUR,0.6,19000,31666.666666666668,31666.666666666668
ORD_0006735,2024-01-10 09:57:00,2024.0,1.0,JAWA BARAT,0.8,8000,10000.0,10000.0
ORD_0006736,2024-01-10 11:11:00,2024.0,1.0,DKI JAKARTA,0.5,8000,16000.0,16000.0
ORD_0006737,2024-01-10 20:07:00,2024.0,1.0,JAWA BARAT,0.5,9500,19000.0,19000.0
ORD_0006738,2024-01-10 21:49:00,2024.0,1.0,DKI JAKARTA,0.5,9000,18000.0,18000.0
ORD_0006739,2024-01-10 22:55:00,2024.0,1.0,DKI JAKARTA,25.0,35000,1400.0,1400.0
ORD_0006740,2024-01-10 23:48:00,2024.0,1.0,DKI JAKARTA,0.5,8000,16000.0,16000.0
ORD_0006741,2024-01-11 00:03:00,2024.0,1.0,JAWA BARAT,1.3,8000,6153.846153846153,6153.846153846153
ORD_0006742,2024-01-11 02:31:00,2024.0,1.0,JAWA BARAT,1.0,10000,10000.0,10000.0
ORD_0006743,2024-01-11 12:17:00,2024.0,1.0,JAWA BARAT,0.3,8000,26666.666666666668,26666.666666666668
ORD_0006744,2024-01-11 14:22:00,2024.0,1.0,JAWA BARAT,0.2,8000,40000.0,40000.0
ORD_0006745,2024-01-11 16:20:00,2024.0,1.0,JAWA BARAT,1.7,16000,9411.764705882351,9411.764705882351
ORD_0006746,2024-01-11 16:46:00,2024.0,1.0,BANTEN,1.0,10000,10000.0,10000.0
ORD_0006747,2024-01-11 19:17:00,2024.0,1.0,JAWA BARAT,0.5,8000,16000.0,16000.0
ORD_0006749,2024-01-11 20:32:00,2024.0,1.0,SUMATERA BARAT,3.0,60000,20000.0,20000.0
ORD_0006750,2024-01-11 21:27:00,2024.0,1.0,SUMATERA UTARA,0.2,10000,50000.0,50000.0
ORD_0006751,2024-01-11 21:35:00,2024.0,1.0,BANTEN,2.0,8000,4000.0,4000.0
ORD_0006752,2024-01-11 22:42:00,2024.0,1.0,DKI JAKARTA,3.9,12000,3076.923076923077,3076.923076923077
ORD_0006753,2024-01-12 02:50:00,2024.0,1.0,JAWA TIMUR,1.0,5500,5500.0,5500.0
ORD_0006754,2024-01-12 11:43:00,2024.0,1.0,DKI JAKARTA,0.2,8000,40000.0,40000.0
ORD_0006756,2024-01-12 13:16:00,2024.0,1.0,JAWA TIMUR,9.0,43200,4800.0,4800.0
ORD_0006757,2024-01-12 16:09:00,2024.0,1.0,NUSA TENGGARA BARAT (NTB),2.4,34900,14541.666666666668,14541.666666666668
ORD_0006759,2024-01-12 18:15:00,2024.0,1.0,DKI JAKARTA,1.8,9000,5000.0,5000.0
ORD_0006760,2024-01-12 19:35:00,2024.0,1.0,DKI JAKARTA,0.5,8000,16000.0,16000.0
ORD_0006761,2024-01-12 20:12:00,2024.0,1.0,DKI JAKARTA,1.7,16000,9411.764705882351,9411.764705882351
ORD_0006762,2024-01-12 20:31:00,2024.0,1.0,JAWA BARAT,0.5,11000,22000.0,22000.0
ORD_0006763,2024-01-12 21:10:00,2024.0,1.0,DKI JAKARTA,0.2,8000,40000.0,40000.0
ORD_0006765,2024-01-12 22:52:00,2024.0,1.0,SUMATERA BARAT,0.5,21000,42000.0,42000.0
ORD_0006766,2024-01-13 10:38:00,2024.0,1.0,DKI JAKARTA,0.5,8000,16000.0,16000.0
ORD_0006767,2024-01-13 11:52:00,2024.0,1.0,BANTEN,0.5,8000,16000.0,16000.0
ORD_0006768,2024-01-13 12:48:00,2024.0,1.0,BANTEN,0.5,8000,16000.0,16000.0
ORD_0006770,2024-01-13 13:48:00,2024.0,1.0,BANTEN,1.5,16000,10666.666666666666,10666.666666666666
ORD_0006771,2024-01-13 19:13:00,2024.0,1.0,BANTEN,0.2,8000,40000.0,40000.0
ORD_0006777,2024-01-14 10:01:00,2024.0,1.0,BANTEN,0.5,8000,16000.0,16000.0
ORD_0006778,2024-01-14 10:15:00,2024.0,1.0,BANTEN,0.5,8000,16000.0,16000.0
ORD_0006779,2024-01-14 12:03:00,2024.0,1.0,JAWA BARAT,0.5,8500,17000.0,17000.0
ORD_0006780,2024-01-14 12:55:00,2024.0,1.0,DKI JAKARTA,0.8,8000,10000.0,10000.0
ORD_0006781,2024-01-14 15:09:00,2024.0,1.0,BANTEN,0.5,8000,16000.0,16000.0
ORD_0006782,2024-01-14 18:03:00,2024.0,1.0,JAMBI,0.2,22500,112500.0,112500.0
ORD_0006783,2024-01-14 19:13:00,2024.0,1.0,DKI JAKARTA,0.2,8000,40000.0,40000.0
ORD_0006784,2024-01-14 19:59:00,2024.0,1.0,BANTEN,0.9,10000,11111.111111111111,11111.111111111111
ORD_0006785,2024-01-14 22:47:00,2024.0,1.0,DKI JAKARTA,3.4,15000,4411.764705882353,4411.764705882353
ORD_0006786,2024-01-15 15:25:00,2024.0,1.0,DKI JAKARTA,1.8,8000,4444.444444444444,4444.444444444444
ORD_0006787,2024-01-15 16:51:00,2024.0,1.0,JAWA BARAT,1.7,20000,11764.705882352942,11764.705882352942
ORD_0006788,2024-01-15 20:16:00,2024.0,1.0,JAWA BARAT,0.5,6500,13000.0,13000.0
ORD_0006789,2024-01-15 20:28:00,2024.0,1.0,SUMATERA BARAT,0.8,21000,26250.0,26250.0
ORD_0006791,2024-01-15 21:15:00,2024.0,1.0,JAWA BARAT,0.5,8000,16000.0,16000.0
ORD_0006792,2024-01-14 23:52:00,2024.0,1.0,DKI JAKARTA,0.5,8000,16000.0,16000.0
ORD_0006793,2024-01-15 02:34:00,2024.0,1.0,JAWA BARAT,51.0,42000,823.5294117647059,823.5294117647059
ORD_0006795,2024-01-15 11:00:00,2024.0,1.0,DKI JAKARTA,0.5,8000,16000.0,16000.0
ORD_0006796,2024-01-15 12:11:00,2024.0,1.0,JAWA BARAT,0.15,8000,53333.333333333336,53333.333333333336
ORD_0006798,2024-01-16 07:24:00,2024.0,1.0,DKI JAKARTA,0.5,8000,16000.0,16000.0
ORD_0006799,2024-01-16 09:45:00,2024.0,1.0,BANTEN,0.25,8000,32000.0,32000.0
ORD_0006800,2024-01-16 12:36:00,2024.0,1.0,JAWA BARAT,2.0,10000,5000.0,5000.0
ORD_0006801,2024-01-16 14:07:00,2024.0,1.0,DKI JAKARTA,0.5,9000,18000.0,18000.0
ORD_0006803,2024-01-16 16:49:00,2024.0,1.0,DKI JAKARTA,2.4,4000,1666.6666666666667,1666.6666666666667
ORD_0006804,2024-01-16 17:48:00,2024.0,1.0,BENGKULU,1.2,17300,14416.666666666668,14416.666666666668
ORD_0006805,2024-01-16 20:58:00,2024.0,1.0,RIAU,2.0,22000,11000.0,11000.0
ORD_0006806,2024-01-16 21:20:00,2024.0,1.0,JAWA TIMUR,2.0,14000,7000.0,7000.0
ORD_0006807,2024-01-16 22:01:00,2024.0,1.0,JAWA BARAT,1.25,8000,6400.0,6400.0
ORD_0006808,2024-01-16 22:17:00,2024.0,1.0,DKI JAKARTA,1.0,8000,8000.0,8000.0
ORD_0006809,2024-01-16 22:59:00,2024.0,1.0,JAMBI,1.0,43000,43000.0,43000.0
ORD_0006811,2024-01-17 05:35:00,2024.0,1.0,JAWA BARAT,0.6,12000,20000.0,20000.0
ORD_0006813,2024-01-17 09:04:00,2024.0,1.0,JAWA BARAT,0.5,8000,16000.0,16000.0
ORD_0006815,2024-01-17 13:18:00,2024.0,1.0,JAMBI,3.6,10000,2777.777777777778,2777.777777777778
ORD_0006816,2024-01-17 13:24:00,2024.0,1.0,JAWA BARAT,0.5,8000,16000.0,16000.0
ORD_0006818,2024-01-17 17:16:00,2024.0,1.0,BANTEN,7.0,20000,2857.1428571428573,2857.1428571428573
ORD_0006819,2024-01-17 17:42:00,2024.0,1.0,JAWA BARAT,0.5,8000,16000.0,16000.0
ORD_0006820,2024-01-17 19:44:00,2024.0,1.0,JAWA BARAT,0.5,8000,16000.0,16000.0
ORD_0006821,2024-01-17 20:00:00,2024.0,1.0,DKI JAKARTA,0.2,8000,40000.0,40000.0
ORD_0006822,2024-01-17 20:49:00,2024.0,1.0,DKI JAKARTA,0.6,8000,13333.333333333334,13333.333333333334
ORD_0006823,2024-01-17 21:45:00,2024.0,1.0,JAWA BARAT,0.5,8000,16000.0,16000.0
ORD_0006824,2024-01-17 22:37:00,2024.0,1.0,BANTEN,3.6,8000,2222.222222222222,2222.222222222222
ORD_0006825,2024-01-17 22:41:00,2024.0,1.0,BANTEN,2.5,8500,3400.0,3400.0
ORD_0006827,2024-01-18 05:57:00,2024.0,1.0,BANTEN,1.0,8000,8000.0,8000.0
ORD_0006828,2024-01-18 10:07:00,2024.0,1.0,JAWA TIMUR,4.5,18000,4000.0,4000.0
ORD_0006829,2024-01-18 12:25:00,2024.0,1.0,JAWA BARAT,0.9,8000,8888.888888888889,8888.888888888889
ORD_0006830,2024-01-18 16:17:00,2024.0,1.0,BANTEN,0.2,7500,37500.0,37500.0
ORD_0006831,2024-01-18 19:37:00,2024.0,1.0,JAWA BARAT,0.5,10000,20000.0,20000.0
ORD_0006833,2024-01-18 21:02:00,2024.0,1.0,JAWA BARAT,0.3,8000,26666.666666666668,26666.666666666668
ORD_0006834,2024-01-18 21:25:00,2024.0,1.0,JAWA BARAT,0.6,5500,9166.666666666668,9166.666666666668
ORD_0006838,2024-01-19 10:04:00,2024.0,1.0,BANTEN,0.5,9500,19000.0,19000.0
ORD_0006839,2024-01-19 13:11:00,2024.0,1.0,DKI JAKARTA,1.2,8000,6666.666666666667,6666.666666666667
ORD_0006840,2024-01-19 15:39:00,2024.0,1.0,RIAU,1.3,36500,28076.92307692307,28076.92307692307
ORD_0006841,2024-01-19 16:04:00,2024.0,1.0,JAWA BARAT,1.0,8000,8000.0,8000.0
ORD_0006845,2024-01-19 20:02:00,2024.0,1.0,JAWA BARAT,0.5,10000,20000.0,20000.0
ORD_0006846,2024-01-19 20:25:00,2024.0,1.0,JAWA BARAT,0.6,6500,10833.333333333334,10833.333333333334
ORD_0006847,2024-01-19 20:54:00,2024.0,1.0,KALIMANTAN BARAT,0.8,9000,11250.0,11250.0
ORD_0006850,2024-01-20 11:24:00,2024.0,1.0,JAWA BARAT,0.5,8000,16000.0,16000.0
ORD_0006851,2024-01-20 13:54:00,2024.0,1.0,DKI JAKARTA,0.5,8000,16000.0,16000.0
ORD_0006852,2024-01-20 20:31:00,2024.0,1.0,JAWA BARAT,2.2,8000,3636.363636363636,3636.363636363636
ORD_0006853,2024-01-20 21:01:00,2024.0,1.0,JAWA BARAT,0.6,16000,26666.666666666668,26666.666666666668
ORD_0006854,2024-01-20 21:27:00,2024.0,1.0,BANTEN,0.5,8000,16000.0,16000.0
ORD_0006855,2024-01-20 21:43:00,2024.0,1.0,BANTEN,1.7,16000,9411.764705882351,9411.764705882351
ORD_0006856,2024-01-20 22:04:00,2024.0,1.0,DKI JAKARTA,1.4,8000,5714.285714285715,5714.285714285715
ORD_0006858,2024-01-21 05:38:00,2024.0,1.0,JAWA BARAT,1.5,16000,10666.666666666666,10666.666666666666
ORD_0006859,2024-01-21 11:34:00,2024.0,1.0,JAWA TENGAH,0.9,20500,22777.777777777777,22777.777777777777
ORD_0006862,2024-01-21 15:53:00,2024.0,1.0,JAWA TIMUR,0.8,22000,27500.0,27500.0
ORD_0006863,2024-01-21 17:22:00,2024.0,1.0,BANTEN,0.6,8000,13333.333333333334,13333.333333333334
ORD_0006864,2024-01-21 19:48:00,2024.0,1.0,JAWA BARAT,0.4,13500,33750.0,33750.0
ORD_0006865,2024-01-21 21:15:00,2024.0,1.0,BANTEN,2.0,18000,9000.0,9000.0
ORD_0006866,2024-01-21 21:48:00,2024.0,1.0,DKI JAKARTA,0.6,8000,13333.333333333334,13333.333333333334
ORD_0006867,2024-01-22 04:57:00,2024.0,1.0,DKI JAKARTA,0.2,10000,50000.0,50000.0
ORD_0006868,2024-01-22 06:47:00,2024.0,1.0,BANTEN,0.5,8000,16000.0,16000.0
ORD_0006869,2024-01-22 09:25:00,2024.0,1.0,DI YOGYAKARTA,0.4,19000,47500.0,47500.0
ORD_0006870,2024-01-22 13:50:00,2024.0,1.0,BANTEN,0.3,8000,26666.666666666668,26666.666666666668
ORD_0006871,2024-01-22 15:03:00,2024.0,1.0,JAWA BARAT,0.5,8000,16000.0,16000.0
ORD_0006874,2024-01-23 08:07:00,2024.0,1.0,RIAU,65.6,24101,367.39329268292687,367.39329268292687
ORD_0006876,2024-01-23 09:39:00,2024.0,1.0,DKI JAKARTA,1.5,8000,5333.333333333333,5333.333333333333
ORD_0006879,2024-01-23 14:14:00,2024.0,1.0,DKI JAKARTA,0.5,10000,20000.0,20000.0
ORD_0006881,2024-01-23 15:56:00,2024.0,1.0,DKI JAKARTA,0.5,45000,90000.0,90000.0
ORD_0006882,2024-01-23 19:05:00,2024.0,1.0,BANTEN,0.4,8000,20000.0,20000.0
ORD_0006883,2024-01-24 04:38:00,2024.0,1.0,JAWA BARAT,0.6,8000,13333.333333333334,13333.333333333334
ORD_0006884,2024-01-24 10:26:00,2024.0,1.0,JAWA BARAT,0.5,8000,16000.0,16000.0
ORD_0006885,2024-01-24 13:11:00,2024.0,1.0,JAWA BARAT,2.0,11000,5500.0,5500.0
ORD_0006886,2024-01-24 15:07:00,2024.0,1.0,DKI JAKARTA,0.6,8000,13333.333333333334,13333.333333333334
ORD_0006893,2024-01-25 08:07:00,2024.0,1.0,SUMATERA SELATAN,2.25,16000,7111.111111111111,7111.111111111111
ORD_0006895,2024-01-25 09:16:00,2024.0,1.0,LAMPUNG,1.75,5000,2857.1428571428573,2857.1428571428573
ORD_0006898,2024-01-25 10:18:00,2024.0,1.0,BANTEN,1.5,16500,11000.0,11000.0
ORD_0006910,2024-01-25 15:58:00,2024.0,1.0,JAWA BARAT,0.5,1500,3000.0,3000.0
ORD_0006912,2024-01-25 20:15:00,2024.0,1.0,DKI JAKARTA,2.1,8000,3809.523809523809,3809.523809523809
ORD_0006915,2024-01-25 23:07:00,2024.0,1.0,JAWA TIMUR,0.6,4500,7500.0,7500.0
ORD_0006917,2024-01-26 01:46:00,2024.0,1.0,DKI JAKARTA,0.6,8000,13333.333333333334,13333.333333333334
ORD_0006918,2024-01-26 09:43:00,2024.0,1.0,DKI JAKARTA,2.0,8000,4000.0,4000.0
ORD_0006919,2024-01-26 11:04:00,2024.0,1.0,JAWA BARAT,1.0,10000,10000.0,10000.0
ORD_0006921,2024-01-26 13:14:00,2024.0,1.0,JAWA BARAT,4.5,16000,3555.5555555555557,3555.5555555555557
ORD_0006925,2024-01-26 15:14:00,2024.0,1.0,JAWA BARAT,6.2,20000,3225.806451612903,3225.806451612903
ORD_0006927,2024-01-26 19:05:00,2024.0,1.0,KALIMANTAN BARAT,1.2,48000,40000.0,40000.0
ORD_0006928,2024-01-26 21:00:00,2024.0,1.0,JAWA TIMUR,4.0,54000,13500.0,13500.0
ORD_0006929,2024-01-26 21:37:00,2024.0,1.0,JAWA TENGAH,0.4,4000,10000.0,10000.0
ORD_0006930,2024-01-27 07:32:00,2024.0,1.0,DKI JAKARTA,0.3,8000,26666.666666666668,26666.666666666668
ORD_0006932,2024-01-27 09:45:00,2024.0,1.0,DKI JAKARTA,2.1,8000,3809.523809523809,3809.523809523809
ORD_0006936,2024-01-27 13:03:00,2024.0,1.0,JAWA BARAT,0.2,2500,12500.0,12500.0
ORD_0006938,2024-01-27 13:30:00,2024.0,1.0,JAWA BARAT,0.5,8000,16000.0,16000.0
ORD_0006939,2024-01-27 14:56:00,2024.0,1.0,JAWA BARAT,0.5,8000,16000.0,16000.0
ORD_0006940,2024-01-27 16:23:00,2024.0,1.0,BANTEN,0.2,8000,40000.0,40000.0
ORD_0006941,2024-01-27 16:30:00,2024.0,1.0,BANTEN,0.5,8000,16000.0,16000.0
ORD_0006942,2024-01-27 16:32:00,2024.0,1.0,SUMATERA SELATAN,0.4,53000,132500.0,132500.0
ORD_0006943,2024-01-27 18:17:00,2024.0,1.0,BANTEN,0.6,8000,13333.333333333334,13333.333333333334
ORD_0006946,2024-01-27 22:50:00,2024.0,1.0,JAWA BARAT,0.6,10000,16666.666666666668,16666.666666666668
ORD_0006948,2024-01-27 23:36:00,2024.0,1.0,JAWA TIMUR,4.0,60000,15000.0,15000.0
ORD_0006951,2024-01-28 11:25:00,2024.0,1.0,BANTEN,2.0,8000,4000.0,4000.0
ORD_0006954,2024-01-28 16:22:00,2024.0,1.0,DKI JAKARTA,63.35,3000,47.355958958168905,47.355958958168905
ORD_0006955,2024-01-28 17:23:00,2024.0,1.0,JAWA BARAT,0.5,8000,16000.0,16000.0
ORD_0006956,2024-01-28 19:35:00,2024.0,1.0,JAWA BARAT,2.0,8000,4000.0,4000.0
ORD_0006957,2024-01-28 20:04:00,2024.0,1.0,JAWA BARAT,2.0,11000,5500.0,5500.0
ORD_0006959,2024-01-29 00:43:00,2024.0,1.0,JAWA TIMUR,0.15,15500,103333.33333333334,103333.33333333334
ORD_0006960,2024-01-29 06:49:00,2024.0,1.0,DKI JAKARTA,0.5,8000,16000.0,16000.0
ORD_0006961,2024-01-29 08:50:00,2024.0,1.0,JAWA TENGAH,3.2,16000,5000.0,5000.0
ORD_0006962,2024-01-29 10:11:00,2024.0,1.0,JAWA TENGAH,0.6,22000,36666.66666666667,36666.66666666667
ORD_0006964,2024-01-29 11:34:00,2024.0,1.0,JAWA BARAT,1.0,10000,10000.0,10000.0
ORD_0006965,2024-01-29 11:51:00,2024.0,1.0,BANTEN,5.4,39000,7222.222222222222,7222.222222222222
ORD_0006966,2024-01-29 12:08:00,2024.0,1.0,DKI JAKARTA,0.5,8000,16000.0,16000.0
ORD_0006967,2024-01-29 15:29:00,2024.0,1.0,BANTEN,0.3,8000,26666.666666666668,26666.666666666668
ORD_0006968,2024-01-29 18:17:00,2024.0,1.0,JAWA TENGAH,3.0,31000,10333.333333333334,10333.333333333334
ORD_0006969,2024-01-29 18:44:00,2024.0,1.0,JAWA BARAT,1.02,8000,7843.137254901961,7843.137254901961
ORD_0006970,2024-01-29 19:09:00,2024.0,1.0,DKI JAKARTA,3.6,8000,2222.222222222222,2222.222222222222
ORD_0006971,2024-01-29 20:40:00,2024.0,1.0,SUMATERA BARAT,0.2,39500,197500.0,170093.75000000035
ORD_0006972,2024-01-30 07:40:00,2024.0,1.0,JAWA BARAT,0.7,15500,22142.857142857145,22142.857142857145
ORD_0006973,2024-01-30 16:34:00,2024.0,1.0,JAWA BARAT,8.0,20000,2500.0,2500.0
ORD_0006974,2024-01-30 17:07:00,2024.0,1.0,JAWA BARAT,0.5,16500,33000.0,33000.0
ORD_0006975,2024-01-30 20:41:00,2024.0,1.0,DKI JAKARTA,0.5,8000,16000.0,16000.0
ORD_0006976,2024-01-30 23:33:00,2024.0,1.0,JAWA TIMUR,0.6,18500,30833.333333333336,30833.333333333336
ORD_0006977,2024-01-31 06:53:00,2024.0,1.0,BANTEN,0.8,8000,10000.0,10000.0
ORD_0006979,2024-01-31 10:29:00,2024.0,1.0,JAWA BARAT,0.5,8000,16000.0,16000.0
ORD_0006980,2024-01-31 15:12:00,2024.0,1.0,BALI,2.1,46000,21904.761904761905,21904.761904761905
ORD_0006981,2024-01-31 15:35:00,2024.0,1.0,JAWA TENGAH,0.8,22000,27500.0,27500.0
ORD_0006982,2024-01-31 16:40:00,2024.0,1.0,DKI JAKARTA,2.0,8000,4000.0,4000.0
ORD_0006983,2024-01-31 19:31:00,2024.0,1.0,BANTEN,3.24,8000,2469.135802469136,2469.135802469136
ORD_0006984,2024-01-31 22:09:00,2024.0,1.0,JAWA BARAT,0.5,8000,16000.0,16000.0
ORD_0006985,2024-01-31 22:23:00,2024.0,1.0,KALIMANTAN TIMUR,0.2,49400,247000.0,170093.75000000035
ORD_0006986,2024-01-31 22:56:00,2024.0,1.0,BANTEN,8.0,16500,2062.5,2062.5
ORD_0006987,2025-01-01 00:05:00,2025.0,1.0,SUMATERA SELATAN,0.5,10500,21000.0,21000.0
ORD_0006988,2025-01-01 00:17:00,2025.0,1.0,KALIMANTAN BARAT,0.8,5500,6875.0,6875.0
ORD_0006990,2025-01-01 00:37:00,2025.0,1.0,JAWA BARAT,0.1,1500,15000.0,15000.0
ORD_0006996,2025-01-01 06:05:00,2025.0,1.0,JAMBI,0.6,9500,15833.333333333334,15833.333333333334
ORD_0006999,2025-01-01 07:08:00,2025.0,1.0,BALI,0.1,3000,30000.0,30000.0
ORD_0007000,2025-01-01 07:48:00,2025.0,1.0,SULAWESI TENGAH,1.0,7500,7500.0,7500.0
ORD_0007003,2025-01-01 08:34:00,2025.0,1.0,JAWA TIMUR,0.1,6000,60000.0,60000.0
ORD_0007006,2025-01-01 09:55:00,2025.0,1.0,KALIMANTAN TENGAH,0.2,16300,81500.0,81500.0
ORD_0007012,2025-01-01 12:28:00,2025.0,1.0,BENGKULU,0.5,2000,4000.0,4000.0
ORD_0007017,2025-01-01 13:25:00,2025.0,1.0,SUMATERA SELATAN,2.4,10500,4375.0,4375.0
ORD_0007018,2025-01-01 13:25:00,2025.0,1.0,JAWA BARAT,0.1,500,5000.0,5000.0
ORD_0007025,2025-01-01 15:07:00,2025.0,1.0,GORONTALO,0.3,6200,20666.666666666668,20666.666666666668
ORD_0007031,2025-01-01 17:38:00,2025.0,1.0,JAWA BARAT,2.6,800,307.6923076923077,307.6923076923077
ORD_0007036,2025-01-01 19:14:00,2025.0,1.0,SUMATERA UTARA,1.0,17300,17300.0,17300.0
ORD_0007045,2025-01-01 21:02:00,2025.0,1.0,JAWA BARAT,0.1,2000,20000.0,20000.0
ORD_0007046,2025-01-01 21:03:00,2025.0,1.0,JAWA TIMUR,2.0,7900,3950.0,3950.0
ORD_0007058,2025-01-02 06:28:00,2025.0,1.0,JAWA BARAT,1.7,8000,4705.882352941177,4705.882352941177
ORD_0007059,2025-01-02 07:20:00,2025.0,1.0,JAWA BARAT,12.0,38400,3200.0,3200.0
ORD_0007062,2025-01-02 07:56:00,2025.0,1.0,BANTEN,4.2,17500,4166.666666666666,4166.666666666666
ORD_0007064,2025-01-02 08:22:00,2025.0,1.0,SUMATERA BARAT,1.0,1000,1000.0,1000.0
ORD_0007069,2025-01-02 09:38:00,2025.0,1.0,BANTEN,2.0,25500,12750.0,12750.0
ORD_0007074,2025-01-02 10:31:00,2025.0,1.0,SUMATERA BARAT,1.0,7500,7500.0,7500.0
ORD_0007076,2025-01-02 11:11:00,2025.0,1.0,LAMPUNG,0.5,1000,2000.0,2000.0
ORD_0007088,2025-01-02 14:00:00,2025.0,1.0,DI YOGYAKARTA,9.6,21500,2239.5833333333335,2239.5833333333335
ORD_0007098,2025-01-02 16:44:00,2025.0,1.0,JAWA BARAT,0.1,4000,40000.0,40000.0
ORD_0007102,2025-01-02 18:10:00,2025.0,1.0,JAWA TIMUR,1.0,1000,1000.0,1000.0
ORD_0007112,2025-01-02 19:39:00,2025.0,1.0,SUMATERA SELATAN,0.4,10500,26250.0,26250.0
ORD_0007115,2025-01-02 20:06:00,2025.0,1.0,SUMATERA SELATAN,0.5,2000,4000.0,4000.0
ORD_0007120,2025-01-02 21:06:00,2025.0,1.0,BANTEN,0.8,7500,9375.0,9375.0
ORD_0007126,2025-01-02 23:01:00,2025.0,1.0,JAWA TIMUR,0.5,500,1000.0,1000.0
ORD_0007128,2025-01-02 23:10:00,2025.0,1.0,KALIMANTAN BARAT,1.0,11000,11000.0,11000.0
ORD_0007138,2025-01-03 09:51:00,2025.0,1.0,BALI,3.0,8600,2866.6666666666665,2866.6666666666665
ORD_0007148,2025-01-03 14:09:00,2025.0,1.0,JAWA BARAT,0.1,2500,25000.0,25000.0
ORD_0007151,2025-01-03 14:44:00,2025.0,1.0,BANTEN,0.5,8000,16000.0,16000.0
ORD_0007155,2025-01-03 15:41:00,2025.0,1.0,BALI,0.2,11500,57500.0,57500.0
ORD_0007156,2025-01-03 15:44:00,2025.0,1.0,JAWA BARAT,0.5,8000,16000.0,16000.0
ORD_0007161,2025-01-03 18:34:00,2025.0,1.0,BANTEN,12.0,13600,1133.3333333333333,1133.3333333333333
ORD_0007162,2025-01-03 18:42:00,2025.0,1.0,KALIMANTAN TIMUR,0.8,8500,10625.0,10625.0
ORD_0007166,2025-01-03 20:02:00,2025.0,1.0,JAWA TENGAH,0.1,16000,160000.0,160000.0
ORD_0007175,2025-01-03 22:45:00,2025.0,1.0,SUMATERA BARAT,1.2,5100,4250.0,4250.0
ORD_0007181,2025-01-04 06:04:00,2025.0,1.0,SUMATERA BARAT,2.4,38000,15833.333333333334,15833.333333333334
ORD_0007184,2025-01-04 07:52:00,2025.0,1.0,BANTEN,19.2,2000,104.16666666666669,104.16666666666669
ORD_0007188,2025-01-04 09:52:00,2025.0,1.0,BENGKULU,0.6,9600,16000.0,16000.0
ORD_0007191,2025-01-04 10:34:00,2025.0,1.0,BANTEN,3.03,20000,6600.6600660066015,6600.6600660066015
ORD_0007196,2025-01-04 14:47:00,2025.0,1.0,NUSA TENGGARA TIMUR (NTT),0.4,38900,97250.0,97250.0
ORD_0007200,2025-01-04 15:05:00,2025.0,1.0,SULAWESI SELATAN,0.2,18000,90000.0,90000.0
ORD_0007207,2025-01-04 18:10:00,2025.0,1.0,SULAWESI TENGAH,0.14,54300,387857.1428571429,170093.75000000035
ORD_0007212,2025-01-04 19:12:00,2025.0,1.0,JAWA TIMUR,0.2,4000,20000.0,20000.0
ORD_0007213,2025-01-04 19:24:00,2025.0,1.0,JAWA BARAT,0.5,8000,16000.0,16000.0
ORD_0007215,2025-01-04 19:55:00,2025.0,1.0,NANGGROE ACEH DARUSSALAM (NAD),0.4,4000,10000.0,10000.0
ORD_0007223,2025-01-04 22:07:00,2025.0,1.0,DKI JAKARTA,0.1,8000,80000.0,80000.0
ORD_0007227,2025-01-04 23:38:00,2025.0,1.0,JAWA TIMUR,1.0,16000,16000.0,16000.0
ORD_0007228,2025-01-04 23:50:00,2025.0,1.0,KALIMANTAN BARAT,8.0,3100,387.5,387.5
ORD_0007229,2025-01-05 02:33:00,2025.0,1.0,SUMATERA BARAT,0.4,9500,23750.0,23750.0
ORD_0007230,2025-01-05 03:22:00,2025.0,1.0,NANGGROE ACEH DARUSSALAM (NAD),0.5,15200,30400.0,30400.0
ORD_0007239,2025-01-05 11:23:00,2025.0,1.0,JAWA BARAT,2.0,8000,4000.0,4000.0
ORD_0007242,2025-01-05 12:49:00,2025.0,1.0,SUMATERA SELATAN,0.1,3800,38000.0,38000.0
ORD_0007247,2025-01-05 14:24:00,2025.0,1.0,DKI JAKARTA,7.2,800,111.11111111111111,111.11111111111111
ORD_0007256,2025-01-05 18:25:00,2025.0,1.0,BANTEN,0.5,1000,2000.0,2000.0
ORD_0007265,2025-01-05 21:39:00,2025.0,1.0,JAWA BARAT,0.4,10500,26250.0,26250.0
ORD_0007270,2025-01-06 00:02:00,2025.0,1.0,RIAU,1.2,4000,3333.3333333333335,3333.3333333333335
ORD_0007271,2025-01-06 00:58:00,2025.0,1.0,JAWA TENGAH,1.62,17000,10493.827160493827,10493.827160493827
ORD_0007273,2025-01-06 01:54:00,2025.0,1.0,KALIMANTAN SELATAN,2.0,6500,3250.0,3250.0
ORD_0007274,2025-01-06 07:39:00,2025.0,1.0,NANGGROE ACEH DARUSSALAM (NAD),1.2,4000,3333.3333333333335,3333.3333333333335
ORD_0007281,2025-01-06 10:19:00,2025.0,1.0,JAWA BARAT,0.1,6300,63000.0,63000.0
ORD_0007288,2025-01-06 12:50:00,2025.0,1.0,KALIMANTAN BARAT,0.7,25000,35714.28571428572,35714.28571428572
ORD_0007290,2025-01-06 14:00:00,2025.0,1.0,JAWA TENGAH,0.1,6000,60000.0,60000.0
ORD_0007295,2025-01-06 16:58:00,2025.0,1.0,DKI JAKARTA,1.5,18000,12000.0,12000.0
ORD_0007296,2025-01-06 17:01:00,2025.0,1.0,LAMPUNG,4.5,12000,2666.6666666666665,2666.6666666666665
ORD_0007303,2025-01-06 18:27:00,2025.0,1.0,JAWA BARAT,0.1,8000,80000.0,80000.0
ORD_0007304,2025-01-06 18:39:00,2025.0,1.0,JAWA BARAT,4.0,12700,3175.0,3175.0
ORD_0007305,2025-01-06 18:55:00,2025.0,1.0,JAWA BARAT,3.0,11200,3733.3333333333335,3733.3333333333335
ORD_0007307,2025-01-06 19:42:00,2025.0,1.0,JAWA TIMUR,1.7,9000,5294.117647058823,5294.117647058823
ORD_0007312,2025-01-06 20:24:00,2025.0,1.0,JAWA TIMUR,0.2,1000,5000.0,5000.0
ORD_0007314,2025-01-06 21:02:00,2025.0,1.0,JAWA BARAT,0.5,8000,16000.0,16000.0
ORD_0007315,2025-01-06 22:38:00,2025.0,1.0,BENGKULU,0.4,7000,17500.0,17500.0
ORD_0007321,2025-01-07 05:29:00,2025.0,1.0,JAWA TIMUR,0.1,6000,60000.0,60000.0
ORD_0007323,2025-01-07 06:54:00,2025.0,1.0,DKI JAKARTA,0.5,8000,16000.0,16000.0
ORD_0007326,2025-01-07 07:45:00,2025.0,1.0,KALIMANTAN SELATAN,0.6,1000,1666.6666666666667,1666.6666666666667
ORD_0007340,2025-01-07 12:24:00,2025.0,1.0,JAWA TIMUR,0.08,1000,12500.0,12500.0
ORD_0007341,2025-01-07 12:26:00,2025.0,1.0,BANTEN,0.5,8000,16000.0,16000.0
ORD_0007343,2025-01-07 12:37:00,2025.0,1.0,SUMATERA UTARA,2.2,2300,1045.4545454545453,1045.4545454545453
ORD_0007346,2025-01-07 13:38:00,2025.0,1.0,SUMATERA BARAT,0.5,1000,2000.0,2000.0
ORD_0007352,2025-01-07 16:54:00,2025.0,1.0,JAWA TENGAH,3.0,9700,3233.3333333333335,3233.3333333333335
ORD_0007354,2025-01-07 17:28:00,2025.0,1.0,NANGGROE ACEH DARUSSALAM (NAD),2.0,11500,5750.0,5750.0
ORD_0007357,2025-01-07 18:20:00,2025.0,1.0,JAWA TIMUR,0.4,16000,40000.0,40000.0
ORD_0007358,2025-01-07 18:29:00,2025.0,1.0,BANTEN,5.0,13600,2720.0,2720.0
ORD_0007362,2025-01-07 18:55:00,2025.0,1.0,JAWA BARAT,0.5,8000,16000.0,16000.0
ORD_0007363,2025-01-07 19:32:00,2025.0,1.0,BANTEN,8.0,33000,4125.0,4125.0
ORD_0007365,2025-01-07 20:06:00,2025.0,1.0,BENGKULU,0.1,38500,385000.0,170093.75000000035
ORD_0007376,2025-01-08 12:02:00,2025.0,1.0,DKI JAKARTA,7.0,20500,2928.5714285714284,2928.5714285714284
ORD_0007378,2025-01-08 12:19:00,2025.0,1.0,JAWA TIMUR,0.2,16000,80000.0,80000.0
ORD_0007383,2025-01-08 13:50:00,2025.0,1.0,BANTEN,0.1,8000,80000.0,80000.0
ORD_0007384,2025-01-08 14:09:00,2025.0,1.0,DKI JAKARTA,4.2,21000,5000.0,5000.0
ORD_0007385,2025-01-08 14:11:00,2025.0,1.0,KEPULAUAN RIAU,3.6,8000,2222.222222222222,2222.222222222222
ORD_0007386,2025-01-08 14:30:00,2025.0,1.0,BANTEN,0.5,8000,16000.0,16000.0
ORD_0007388,2025-01-08 15:32:00,2025.0,1.0,DKI JAKARTA,8.0,17500,2187.5,2187.5
ORD_0007393,2025-01-08 17:27:00,2025.0,1.0,JAMBI,2.0,12000,6000.0,6000.0
ORD_0007397,2025-01-08 20:23:00,2025.0,1.0,JAMBI,0.4,6200,15500.0,15500.0
ORD_0007401,2025-01-08 21:44:00,2025.0,1.0,SUMATERA SELATAN,0.75,15100,20133.333333333332,20133.333333333332
ORD_0007407,2025-01-08 23:52:00,2025.0,1.0,DKI JAKARTA,0.5,8000,16000.0,16000.0
ORD_0007408,2025-01-09 00:00:00,2025.0,1.0,JAWA TENGAH,1.7,8800,5176.470588235295,5176.470588235295
ORD_0007410,2025-01-09 06:00:00,2025.0,1.0,DKI JAKARTA,0.1,8000,80000.0,80000.0
ORD_0007412,2025-01-09 08:39:00,2025.0,1.0,JAWA TIMUR,0.4,1000,2500.0,2500.0
ORD_0007415,2025-01-09 10:25:00,2025.0,1.0,BANTEN,0.5,8000,16000.0,16000.0
ORD_0007418,2025-01-09 11:31:00,2025.0,1.0,JAMBI,1.7,30800,18117.64705882353,18117.64705882353
ORD_0007419,2025-01-09 11:35:00,2025.0,1.0,JAWA BARAT,0.8,18000,22500.0,22500.0
ORD_0007420,2025-01-09 12:07:00,2025.0,1.0,BANTEN,4.0,59000,14750.0,14750.0
ORD_0007421,2025-01-09 12:16:00,2025.0,1.0,BANTEN,1.0,14000,14000.0,14000.0
ORD_0007422,2025-01-09 12:33:00,2025.0,1.0,NANGGROE ACEH DARUSSALAM (NAD),0.4,7000,17500.0,17500.0
ORD_0007426,2025-01-09 14:36:00,2025.0,1.0,JAWA BARAT,4.5,14400,3200.0,3200.0
ORD_0007427,2025-01-09 15:10:00,2025.0,1.0,JAWA BARAT,0.1,8000,80000.0,80000.0
ORD_0007440,2025-01-09 21:22:00,2025.0,1.0,NANGGROE ACEH DARUSSALAM (NAD),0.8,11500,14375.0,14375.0
ORD_0007441,2025-01-09 21:36:00,2025.0,1.0,RIAU,0.8,600,750.0,750.0
ORD_0007446,2025-01-09 22:53:00,2025.0,1.0,SULAWESI SELATAN,0.4,7200,18000.0,18000.0
ORD_0007449,2025-01-10 05:15:00,2025.0,1.0,DKI JAKARTA,0.15,8000,53333.333333333336,53333.333333333336
ORD_0007451,2025-01-10 06:04:00,2025.0,1.0,JAWA TENGAH,0.08,9900,123750.0,123750.0
ORD_0007455,2025-01-10 12:09:00,2025.0,1.0,BANTEN,0.54,31500,58333.33333333333,58333.33333333333
ORD_0007457,2025-01-10 13:54:00,2025.0,1.0,JAWA TIMUR,0.2,1000,5000.0,5000.0
ORD_0007459,2025-01-10 14:08:00,2025.0,1.0,JAWA TIMUR,4.0,3600,900.0,900.0
ORD_0007463,2025-01-10 17:09:00,2025.0,1.0,BANTEN,0.4,8000,20000.0,20000.0
ORD_0007464,2025-01-10 17:09:00,2025.0,1.0,KALIMANTAN SELATAN,0.8,12000,15000.0,15000.0
ORD_0007465,2025-01-10 17:16:00,2025.0,1.0,BANTEN,7.0,10000,1428.571428571429,1428.571428571429
ORD_0007468,2025-01-10 18:30:00,2025.0,1.0,SUMATERA UTARA,0.5,3000,6000.0,6000.0
ORD_0007470,2025-01-10 18:44:00,2025.0,1.0,JAWA BARAT,0.1,10000,100000.0,100000.0
ORD_0007472,2025-01-10 18:56:00,2025.0,1.0,JAWA BARAT,0.5,8000,16000.0,16000.0
ORD_0007473,2025-01-10 19:29:00,2025.0,1.0,JAWA BARAT,1.0,10000,10000.0,10000.0
ORD_0007475,2025-01-10 21:00:00,2025.0,1.0,DKI JAKARTA,0.5,8000,16000.0,16000.0
ORD_0007476,2025-01-10 21:43:00,2025.0,1.0,JAWA BARAT,0.1,10000,100000.0,100000.0
ORD_0007484,2025-01-11 08:32:00,2025.0,1.0,SUMATERA UTARA,0.5,5500,11000.0,11000.0
ORD_0007490,2025-01-11 12:28:00,2025.0,1.0,JAWA BARAT,3.0,16000,5333.333333333333,5333.333333333333
ORD_0007492,2025-01-11 12:33:00,2025.0,1.0,SULAWESI TENGAH,0.5,12500,25000.0,25000.0
ORD_0007496,2025-01-11 13:52:00,2025.0,1.0,KALIMANTAN SELATAN,0.2,33500,167500.0,167500.0
ORD_0007499,2025-01-11 16:49:00,2025.0,1.0,JAWA BARAT,0.2,1000,5000.0,5000.0
ORD_0007501,2025-01-11 17:57:00,2025.0,1.0,BANTEN,0.5,5600,11200.0,11200.0
ORD_0007502,2025-01-11 19:11:00,2025.0,1.0,DKI JAKARTA,2.6,4000,1538.4615384615383,1538.4615384615383
ORD_0007503,2025-01-11 21:37:00,2025.0,1.0,BANGKA BELITUNG,0.5,5000,10000.0,10000.0
ORD_0007504,2025-01-11 22:45:00,2025.0,1.0,KALIMANTAN BARAT,1.2,4500,3750.0,3750.0
ORD_0007505,2025-01-11 22:48:00,2025.0,1.0,KALIMANTAN BARAT,0.2,15500,77500.0,77500.0
ORD_0007506,2025-01-12 00:43:00,2025.0,1.0,JAWA BARAT,5.0,18000,3600.0,3600.0
ORD_0007507,2025-01-12 07:37:00,2025.0,1.0,BANGKA BELITUNG,2.0,7000,3500.0,3500.0
ORD_0007510,2025-01-12 10:13:00,2025.0,1.0,SULAWESI SELATAN,17.0,388500,22852.941176470587,22852.941176470587
ORD_0007511,2025-01-12 10:15:00,2025.0,1.0,BANTEN,0.2,8000,40000.0,40000.0
ORD_0007512,2025-01-12 10:17:00,2025.0,1.0,BALI,0.5,23000,46000.0,46000.0
ORD_0007514,2025-01-12 11:06:00,2025.0,1.0,DKI JAKARTA,0.5,8000,16000.0,16000.0
ORD_0007519,2025-01-12 13:09:00,2025.0,1.0,DKI JAKARTA,1.7,6000,3529.4117647058824,3529.4117647058824
ORD_0007523,2025-01-12 14:07:00,2025.0,1.0,BANTEN,0.1,8000,80000.0,80000.0
ORD_0007537,2025-01-13 06:23:00,2025.0,1.0,SULAWESI TENGAH,4.0,40000,10000.0,10000.0
ORD_0007538,2025-01-13 07:46:00,2025.0,1.0,JAWA BARAT,0.1,6700,67000.0,67000.0
ORD_0007544,2025-01-13 09:47:00,2025.0,1.0,JAWA BARAT,10.8,20000,1851.8518518518515,1851.8518518518515
ORD_0007548,2025-01-13 12:13:00,2025.0,1.0,BANTEN,0.5,13000,26000.0,26000.0
ORD_0007550,2025-01-13 13:26:00,2025.0,1.0,JAWA TIMUR,8.0,14400,1800.0,1800.0
ORD_0007554,2025-01-13 15:02:00,2025.0,1.0,DKI JAKARTA,1.5,16000,10666.666666666666,10666.666666666666
ORD_0007555,2025-01-13 15:11:00,2025.0,1.0,SULAWESI SELATAN,45.55,75240,1651.8111964873767,1651.8111964873767
ORD_0007565,2025-01-13 19:52:00,2025.0,1.0,SUMATERA BARAT,1.0,10100,10100.0,10100.0
ORD_0007575,2025-01-14 08:22:00,2025.0,1.0,BANTEN,0.1,8000,80000.0,80000.0
ORD_0007580,2025-01-14 12:30:00,2025.0,1.0,JAWA TIMUR,87.6,33100,377.8538812785389,377.8538812785389
ORD_0007586,2025-01-14 14:28:00,2025.0,1.0,DKI JAKARTA,0.5,8000,16000.0,16000.0
ORD_0007587,2025-01-14 15:10:00,2025.0,1.0,GORONTALO,0.8,11200,14000.0,14000.0
ORD_0007589,2025-01-14 16:04:00,2025.0,1.0,BANTEN,1.0,16500,16500.0,16500.0
ORD_0007592,2025-01-14 17:42:00,2025.0,1.0,SUMATERA SELATAN,10.0,33501,3350.1,3350.1
ORD_0007594,2025-01-14 20:15:00,2025.0,1.0,SUMATERA SELATAN,0.2,17000,85000.0,85000.0
ORD_0007595,2025-01-14 21:05:00,2025.0,1.0,KALIMANTAN TIMUR,0.72,17000,23611.111111111113,23611.111111111113
ORD_0007601,2025-01-15 09:40:00,2025.0,1.0,KALIMANTAN TENGAH,0.5,21300,42600.0,42600.0
ORD_0007604,2025-01-15 10:06:00,2025.0,1.0,BANTEN,0.1,13000,130000.0,130000.0
ORD_0007609,2025-01-15 11:03:00,2025.0,1.0,SUMATERA BARAT,1.7,72000,42352.94117647059,42352.94117647059
ORD_0007611,2025-01-15 12:38:00,2025.0,1.0,SULAWESI TENGGARA,1.5,12500,8333.333333333334,8333.333333333334
ORD_0007612,2025-01-15 12:55:00,2025.0,1.0,NUSA TENGGARA BARAT (NTB),0.3,4400,14666.666666666668,14666.666666666668
ORD_0007615,2025-01-15 13:48:00,2025.0,1.0,DKI JAKARTA,5.5,3000,545.4545454545455,545.4545454545455
ORD_0007617,2025-01-15 14:22:00,2025.0,1.0,JAWA TIMUR,0.1,6000,60000.0,60000.0
ORD_0007618,2025-01-15 14:41:00,2025.0,1.0,JAWA BARAT,1.5,4300,2866.6666666666665,2866.6666666666665
ORD_0007620,2025-01-15 15:06:00,2025.0,1.0,KALIMANTAN BARAT,0.1,18500,185000.0,170093.75000000035
ORD_0007623,2025-01-15 17:38:00,2025.0,1.0,JAWA BARAT,5.0,20000,4000.0,4000.0
ORD_0007624,2025-01-15 17:38:00,2025.0,1.0,NUSA TENGGARA BARAT (NTB),4.0,10000,2500.0,2500.0
ORD_0007626,2025-01-15 18:38:00,2025.0,1.0,JAWA BARAT,0.1,4000,40000.0,40000.0
ORD_0007632,2025-01-15 21:26:00,2025.0,1.0,SUMATERA UTARA,3.45,11300,3275.3623188405795,3275.3623188405795
ORD_0007633,2025-01-15 21:31:00,2025.0,1.0,BENGKULU,2.8,4000,1428.571428571429,1428.571428571429
ORD_0007635,2025-01-15 22:22:00,2025.0,1.0,SULAWESI SELATAN,1.0,18500,18500.0,18500.0
ORD_0007638,2025-01-16 04:06:00,2025.0,1.0,JAWA BARAT,1.0,16000,16000.0,16000.0
ORD_0007640,2025-01-16 06:10:00,2025.0,1.0,JAWA BARAT,0.08,8000,100000.0,100000.0
ORD_0007642,2025-01-16 10:48:00,2025.0,1.0,JAWA BARAT,0.1,8000,80000.0,80000.0
ORD_0007643,2025-01-16 10:58:00,2025.0,1.0,BANTEN,5.0,13600,2720.0,2720.0
ORD_0007645,2025-01-16 13:23:00,2025.0,1.0,JAWA BARAT,0.25,9000,36000.0,36000.0
ORD_0007651,2025-01-16 14:39:00,2025.0,1.0,BANTEN,1.2,38000,31666.666666666668,31666.666666666668
ORD_0007652,2025-01-16 15:07:00,2025.0,1.0,SULAWESI SELATAN,1.7,4400,2588.2352941176473,2588.2352941176473
ORD_0007653,2025-01-16 16:38:00,2025.0,1.0,JAWA TIMUR,6.0,13300,2216.6666666666665,2216.6666666666665
ORD_0007660,2025-01-16 21:37:00,2025.0,1.0,BANTEN,2.0,25500,12750.0,12750.0
ORD_0007667,2025-01-17 08:11:00,2025.0,1.0,DKI JAKARTA,0.5,8000,16000.0,16000.0
ORD_0007669,2025-01-17 13:47:00,2025.0,1.0,SULAWESI SELATAN,2.0,9000,4500.0,4500.0
ORD_0007671,2025-01-17 14:23:00,2025.0,1.0,SUMATERA UTARA,1.0,4100,4100.0,4100.0
ORD_0007672,2025-01-17 14:26:00,2025.0,1.0,SUMATERA UTARA,2.7,4100,1518.5185185185185,1518.5185185185185
ORD_0007674,2025-01-17 17:27:00,2025.0,1.0,JAWA TENGAH,2.0,8800,4400.0,4400.0
ORD_0007678,2025-01-17 21:00:00,2025.0,1.0,BANTEN,0.1,8000,80000.0,80000.0
ORD_0007680,2025-01-17 23:37:00,2025.0,1.0,JAMBI,0.6,7000,11666.666666666668,11666.666666666668
ORD_0007682,2025-01-18 06:40:00,2025.0,1.0,JAWA BARAT,0.1,9000,90000.0,90000.0
ORD_0007683,2025-01-18 08:52:00,2025.0,1.0,JAWA BARAT,0.08,8000,100000.0,100000.0
ORD_0007685,2025-01-18 09:53:00,2025.0,1.0,BANTEN,0.1,8000,80000.0,80000.0
ORD_0007686,2025-01-18 10:42:00,2025.0,1.0,JAWA TIMUR,4.0,1600,400.0,400.0
ORD_0007689,2025-01-18 11:57:00,2025.0,1.0,BENGKULU,1.5,49000,32666.666666666668,32666.666666666668
ORD_0007690,2025-01-18 13:22:00,2025.0,1.0,BANTEN,0.5,9500,19000.0,19000.0
ORD_0007693,2025-01-18 15:00:00,2025.0,1.0,LAMPUNG,0.9,7300,8111.111111111111,8111.111111111111
ORD_0007695,2025-01-18 15:06:00,2025.0,1.0,JAWA BARAT,0.1,7200,72000.0,72000.0
ORD_0007698,2025-01-18 18:02:00,2025.0,1.0,JAWA BARAT,0.5,8000,16000.0,16000.0
ORD_0007701,2025-01-18 19:40:00,2025.0,1.0,DKI JAKARTA,0.4,8000,20000.0,20000.0
ORD_0007702,2025-01-18 19:48:00,2025.0,1.0,NUSA TENGGARA TIMUR (NTT),0.5,14500,29000.0,29000.0
ORD_0007706,2025-01-18 21:38:00,2025.0,1.0,KALIMANTAN BARAT,1.0,14100,14100.0,14100.0
ORD_0007707,2025-01-18 21:58:00,2025.0,1.0,DKI JAKARTA,0.5,8000,16000.0,16000.0
ORD_0007708,2025-01-18 22:10:00,2025.0,1.0,JAWA BARAT,0.1,8000,80000.0,80000.0
ORD_0007709,2025-01-19 22:40:00,2025.0,1.0,JAWA BARAT,0.08,8000,100000.0,100000.0
ORD_0007712,2025-01-19 01:15:00,2025.0,1.0,KALIMANTAN TENGAH,0.5,38500,77000.0,77000.0
ORD_0007713,2025-01-19 01:20:00,2025.0,1.0,JAWA BARAT,0.1,10000,100000.0,100000.0
ORD_0007715,2025-01-19 08:20:00,2025.0,1.0,KALIMANTAN SELATAN,2.0,3000,1500.0,1500.0
ORD_0007717,2025-01-19 10:02:00,2025.0,1.0,BANTEN,0.4,7500,18750.0,18750.0
ORD_0007718,2025-01-19 11:02:00,2025.0,1.0,BANTEN,11.375,25000,2197.802197802198,2197.802197802198
ORD_0007719,2025-01-19 11:08:00,2025.0,1.0,JAWA BARAT,0.5,8000,16000.0,16000.0
ORD_0007720,2025-01-19 12:38:00,2025.0,1.0,JAWA BARAT,0.1,8000,80000.0,80000.0
ORD_0007728,2025-01-19 15:19:00,2025.0,1.0,JAWA BARAT,0.1,1500,15000.0,15000.0
ORD_0007730,2025-01-19 16:02:00,2025.0,1.0,BANTEN,2.5,19000,7600.0,7600.0
ORD_0007734,2025-01-19 18:13:00,2025.0,1.0,BANTEN,0.1,8000,80000.0,80000.0
ORD_0007737,2025-01-19 19:04:00,2025.0,1.0,DKI JAKARTA,0.4,8000,20000.0,20000.0
ORD_0007743,2025-01-19 21:36:00,2025.0,1.0,JAWA TIMUR,0.3,16000,53333.333333333336,53333.333333333336
ORD_0007744,2025-01-19 21:41:00,2025.0,1.0,JAWA BARAT,0.5,10000,20000.0,20000.0
ORD_0007745,2025-01-19 22:19:00,2025.0,1.0,SUMATERA UTARA,0.2,3000,15000.0,15000.0
ORD_0007746,2025-01-19 23:18:00,2025.0,1.0,BENGKULU,3.0,9600,3200.0,3200.0
ORD_0007749,2025-01-20 05:32:00,2025.0,1.0,LAMPUNG,0.1,1000,10000.0,10000.0
ORD_0007756,2025-01-20 10:50:00,2025.0,1.0,DKI JAKARTA,0.1,8000,80000.0,80000.0
ORD_0007761,2025-01-20 12:41:00,2025.0,1.0,KALIMANTAN BARAT,16.24,21000,1293.103448275862,1293.103448275862
ORD_0007762,2025-01-20 13:13:00,2025.0,1.0,JAWA TIMUR,0.4,1000,2500.0,2500.0
ORD_0007769,2025-01-20 18:50:00,2025.0,1.0,KALIMANTAN BARAT,1.7,47000,27647.058823529413,27647.058823529413
ORD_0007778,2025-01-21 00:05:00,2025.0,1.0,JAWA BARAT,0.2,10000,50000.0,50000.0
ORD_0007787,2025-01-21 09:04:00,2025.0,1.0,JAWA TENGAH,10.0,21500,2150.0,2150.0
ORD_0007788,2025-01-21 10:00:00,2025.0,1.0,DKI JAKARTA,0.2,8000,40000.0,40000.0
ORD_0007791,2025-01-21 10:30:00,2025.0,1.0,JAWA BARAT,2.5,800,320.0,320.0
ORD_0007795,2025-01-21 11:20:00,2025.0,1.0,SUMATERA BARAT,1.0,12500,12500.0,12500.0
ORD_0007796,2025-01-21 11:59:00,2025.0,1.0,SUMATERA SELATAN,0.4,14500,36250.0,36250.0
ORD_0007797,2025-01-21 11:59:00,2025.0,1.0,BANTEN,0.93,7500,8064.516129032258,8064.516129032258
ORD_0007798,2025-01-21 12:33:00,2025.0,1.0,BANTEN,8.64,10000,1157.4074074074074,1157.4074074074074
ORD_0007805,2025-01-21 14:54:00,2025.0,1.0,JAWA TIMUR,0.5,1000,2000.0,2000.0
ORD_0007811,2025-01-21 18:05:00,2025.0,1.0,BENGKULU,1.5,1800,1200.0,1200.0
ORD_0007812,2025-01-21 18:38:00,2025.0,1.0,JAMBI,1.2,200,166.66666666666669,166.66666666666669
ORD_0007813,2025-01-21 21:47:00,2025.0,1.0,JAWA BARAT,0.1,2500,25000.0,25000.0
ORD_0007814,2025-01-21 21:56:00,2025.0,1.0,BANTEN,2.0,25500,12750.0,12750.0
ORD_0007825,2025-01-22 13:26:00,2025.0,1.0,KEPULAUAN RIAU,1.0,3500,3500.0,3500.0
ORD_0007826,2025-01-22 14:03:00,2025.0,1.0,DKI JAKARTA,3.0,17500,5833.333333333333,5833.333333333333
ORD_0007832,2025-01-22 18:30:00,2025.0,1.0,JAWA BARAT,5.0,13600,2720.0,2720.0
ORD_0007833,2025-01-22 20:25:00,2025.0,1.0,JAWA TIMUR,1.7,8800,5176.470588235295,5176.470588235295
ORD_0007839,2025-01-23 08:37:00,2025.0,1.0,JAWA TIMUR,0.2,1000,5000.0,5000.0
ORD_0007841,2025-01-23 09:40:00,2025.0,1.0,JAWA TIMUR,1.0,16000,16000.0,16000.0
ORD_0007843,2025-01-23 10:18:00,2025.0,1.0,BANTEN,9.6,800,83.33333333333334,83.33333333333334
ORD_0007844,2025-01-23 10:23:00,2025.0,1.0,JAWA BARAT,0.1,6700,67000.0,67000.0
ORD_0007845,2025-01-23 11:00:00,2025.0,1.0,BANTEN,4.2,7000,1666.6666666666663,1666.6666666666663
ORD_0007846,2025-01-23 12:38:00,2025.0,1.0,DKI JAKARTA,1.0,8000,8000.0,8000.0
ORD_0007847,2025-01-23 12:44:00,2025.0,1.0,JAWA BARAT,0.5,8000,16000.0,16000.0
ORD_0007848,2025-01-23 12:46:00,2025.0,1.0,JAWA TIMUR,1.7,9000,5294.117647058823,5294.117647058823
ORD_0007850,2025-01-23 13:24:00,2025.0,1.0,JAWA BARAT,0.7,8000,11428.57142857143,11428.57142857143
ORD_0007851,2025-01-23 13:30:00,2025.0,1.0,SUMATERA SELATAN,1.0,2000,2000.0,2000.0
ORD_0007853,2025-01-23 15:04:00,2025.0,1.0,KALIMANTAN TIMUR,0.2,37500,187500.0,170093.75000000035
ORD_0007854,2025-01-23 15:19:00,2025.0,1.0,JAWA TIMUR,4.0,14400,3600.0,3600.0
ORD_0007858,2025-01-23 17:18:00,2025.0,1.0,JAWA BARAT,4.0,12000,3000.0,3000.0
ORD_0007859,2025-01-23 17:19:00,2025.0,1.0,KALIMANTAN SELATAN,1.0,14500,14500.0,14500.0
ORD_0007861,2025-01-23 20:56:00,2025.0,1.0,RIAU,0.8,1000,1250.0,1250.0
ORD_0007865,2025-01-23 22:12:00,2025.0,1.0,DKI JAKARTA,0.03,8000,266666.6666666667,170093.75000000035
ORD_0007868,2025-01-24 06:53:00,2025.0,1.0,JAWA BARAT,10.0,17500,1750.0,1750.0
ORD_0007870,2025-01-24 11:08:00,2025.0,1.0,DKI JAKARTA,7.0,20500,2928.5714285714284,2928.5714285714284
ORD_0007872,2025-01-24 12:00:00,2025.0,1.0,BANTEN,24.8,14000,564.516129032258,564.516129032258
ORD_0007876,2025-01-24 18:30:00,2025.0,1.0,BANTEN,133.65,6000,44.893378226711555,44.893378226711555
ORD_0007877,2025-01-24 18:33:00,2025.0,1.0,JAWA TENGAH,1.0,16000,16000.0,16000.0
ORD_0007881,2025-01-24 21:19:00,2025.0,1.0,DKI JAKARTA,0.07,8000,114285.71428571428,114285.71428571428
ORD_0007883,2025-01-24 22:24:00,2025.0,1.0,JAWA BARAT,0.93,8000,8602.150537634408,8602.150537634408
ORD_0007884,2025-01-25 01:54:00,2025.0,1.0,JAMBI,1.76,3500,1988.6363636363635,1988.6363636363635
ORD_0007885,2025-01-25 02:02:00,2025.0,1.0,RIAU,0.5,5100,10200.0,10200.0
ORD_0007888,2025-01-25 08:30:00,2025.0,1.0,JAWA TIMUR,0.4,1000,2500.0,2500.0
ORD_0007891,2025-01-25 09:22:00,2025.0,1.0,KALIMANTAN TIMUR,0.5,14500,29000.0,29000.0
ORD_0007893,2025-01-25 09:42:00,2025.0,1.0,JAWA BARAT,0.4,1000,2500.0,2500.0
ORD_0007896,2025-01-25 10:03:00,2025.0,1.0,JAWA TENGAH,0.4,1000,2500.0,2500.0
ORD_0007897,2025-01-25 10:57:00,2025.0,1.0,JAWA TIMUR,0.4,1000,2500.0,2500.0
ORD_0007899,2025-01-25 12:39:00,2025.0,1.0,KALIMANTAN TIMUR,0.4,12500,31250.0,31250.0
ORD_0007901,2025-01-25 13:15:00,2025.0,1.0,JAWA TIMUR,0.4,2000,5000.0,5000.0
ORD_0007903,2025-01-25 15:05:00,2025.0,1.0,JAWA TIMUR,0.4,1000,2500.0,2500.0
ORD_0007906,2025-01-25 15:55:00,2025.0,1.0,JAWA TENGAH,0.5,500,1000.0,1000.0
ORD_0007908,2025-01-25 16:32:00,2025.0,1.0,RIAU,2.0,11500,5750.0,5750.0
ORD_0007910,2025-01-25 17:06:00,2025.0,1.0,JAWA TENGAH,0.2,1000,5000.0,5000.0
ORD_0007911,2025-01-25 18:48:00,2025.0,1.0,JAWA BARAT,0.75,1000,1333.3333333333333,1333.3333333333333
ORD_0007918,2025-01-25 22:56:00,2025.0,1.0,KALIMANTAN BARAT,1.0,2000,2000.0,2000.0
ORD_0007919,2025-01-25 23:01:00,2025.0,1.0,JAWA TENGAH,0.4,2000,5000.0,5000.0
ORD_0007923,2025-01-26 07:57:00,2025.0,1.0,DKI JAKARTA,1.0,8000,8000.0,8000.0
ORD_0007925,2025-01-26 08:51:00,2025.0,1.0,JAWA BARAT,1.0,8000,8000.0,8000.0
ORD_0007928,2025-01-26 09:53:00,2025.0,1.0,SULAWESI SELATAN,0.4,18000,45000.0,45000.0
ORD_0007932,2025-01-26 12:47:00,2025.0,1.0,JAMBI,0.4,15500,38750.0,38750.0
ORD_0007933,2025-01-26 13:06:00,2025.0,1.0,BANTEN,6.0,8800,1466.6666666666667,1466.6666666666667
ORD_0007936,2025-01-26 15:27:00,2025.0,1.0,LAMPUNG,0.4,14500,36250.0,36250.0
ORD_0007941,2025-01-26 18:37:00,2025.0,1.0,JAWA BARAT,8.0,7200,900.0,900.0
ORD_0007944,2025-01-26 21:46:00,2025.0,1.0,DKI JAKARTA,0.1,8000,80000.0,80000.0
ORD_0007945,2025-01-26 22:17:00,2025.0,1.0,SUMATERA SELATAN,0.5,2000,4000.0,4000.0
ORD_0007948,2025-01-27 00:11:00,2025.0,1.0,JAWA BARAT,0.5,3000,6000.0,6000.0
ORD_0007950,2025-01-27 06:49:00,2025.0,1.0,JAWA BARAT,0.1,4000,40000.0,40000.0
ORD_0007951,2025-01-27 07:39:00,2025.0,1.0,BANTEN,0.22,3000,13636.363636363636,13636.363636363636
ORD_0007957,2025-01-27 11:42:00,2025.0,1.0,JAWA TIMUR,0.2,1000,5000.0,5000.0
ORD_0007960,2025-01-27 13:09:00,2025.0,1.0,DKI JAKARTA,0.5,3000,6000.0,6000.0
ORD_0007961,2025-01-27 14:20:00,2025.0,1.0,BANTEN,0.4,3000,7500.0,7500.0
ORD_0007964,2025-01-27 15:49:00,2025.0,1.0,BANTEN,0.03,8000,266666.6666666667,170093.75000000035
ORD_0007966,2025-01-27 16:08:00,2025.0,1.0,BANTEN,0.1,2500,25000.0,25000.0
ORD_0007967,2025-01-27 16:54:00,2025.0,1.0,BANTEN,0.4,8000,20000.0,20000.0
ORD_0007969,2025-01-27 17:51:00,2025.0,1.0,JAMBI,0.8,15500,19375.0,19375.0
ORD_0007970,2025-01-27 18:10:00,2025.0,1.0,DKI JAKARTA,0.3,3000,10000.0,10000.0
ORD_0007971,2025-01-27 18:38:00,2025.0,1.0,BANTEN,8.0,400,50.0,50.0
ORD_0007973,2025-01-27 20:19:00,2025.0,1.0,DKI JAKARTA,0.2,3000,15000.0,15000.0
ORD_0007975,2025-01-27 21:26:00,2025.0,1.0,JAWA BARAT,2.6,3400,1307.6923076923076,1307.6923076923076
ORD_0007976,2025-01-27 22:34:00,2025.0,1.0,BANTEN,0.1,18000,180000.0,170093.75000000035
ORD_0007977,2025-01-27 23:04:00,2025.0,1.0,JAMBI,2.0,15100,7550.0,7550.0
ORD_0007980,2025-01-28 05:56:00,2025.0,1.0,JAMBI,1.0,17500,17500.0,17500.0
ORD_0007983,2025-01-28 07:09:00,2025.0,1.0,JAWA BARAT,0.08,6500,81250.0,81250.0
ORD_0007984,2025-01-28 07:44:00,2025.0,1.0,JAWA BARAT,0.5,3000,6000.0,6000.0
ORD_0007985,2025-01-28 07:56:00,2025.0,1.0,DKI JAKARTA,0.07,3000,42857.142857142855,42857.142857142855
ORD_0007986,2025-01-28 08:31:00,2025.0,1.0,JAWA TIMUR,0.1,11000,110000.0,110000.0
ORD_0007987,2025-01-28 08:42:00,2025.0,1.0,SULAWESI SELATAN,0.16,27500,171875.0,170093.75000000035
ORD_0007990,2025-01-28 09:59:00,2025.0,1.0,JAWA BARAT,0.1,1100,11000.0,11000.0
ORD_0007991,2025-01-28 10:03:00,2025.0,1.0,JAWA BARAT,0.1,3000,30000.0,30000.0
ORD_0007992,2025-01-28 10:06:00,2025.0,1.0,JAWA TIMUR,0.4,11000,27500.0,27500.0
ORD_0007993,2025-01-28 10:18:00,2025.0,1.0,BANTEN,4.2,17500,4166.666666666666,4166.666666666666
ORD_0007995,2025-01-28 11:46:00,2025.0,1.0,DKI JAKARTA,1.0,23000,23000.0,23000.0
ORD_0007996,2025-01-28 12:03:00,2025.0,1.0,SUMATERA SELATAN,0.6,13500,22500.0,22500.0
ORD_0007997,2025-01-28 12:10:00,2025.0,1.0,JAWA TIMUR,0.08,11000,137500.0,137500.0
ORD_0008000,2025-01-28 13:13:00,2025.0,1.0,JAWA BARAT,0.4,1500,3750.0,3750.0
ORD_0008003,2025-01-28 13:45:00,2025.0,1.0,DI YOGYAKARTA,0.2,1000,5000.0,5000.0
ORD_0008004,2025-01-28 13:47:00,2025.0,1.0,DKI JAKARTA,0.2,3000,15000.0,15000.0
ORD_0008007,2025-01-28 15:58:00,2025.0,1.0,BANTEN,0.2,3000,15000.0,15000.0
ORD_0008008,2025-01-28 16:10:00,2025.0,1.0,SULAWESI SELATAN,0.1,27200,272000.0,170093.75000000035
ORD_0008011,2025-01-28 17:44:00,2025.0,1.0,JAWA BARAT,0.5,3000,6000.0,6000.0
ORD_0008012,2025-01-28 18:15:00,2025.0,1.0,BANTEN,0.8,3000,3750.0,3750.0
ORD_0008013,2025-01-28 18:23:00,2025.0,1.0,DKI JAKARTA,0.1,3000,30000.0,30000.0
ORD_0008014,2025-01-28 18:29:00,2025.0,1.0,BANTEN,0.5,3000,6000.0,6000.0
ORD_0008016,2025-01-28 19:40:00,2025.0,1.0,BANTEN,0.08,3000,37500.0,37500.0
ORD_0008021,2025-01-28 22:32:00,2025.0,1.0,BANTEN,0.5,400,800.0,800.0
ORD_0008024,2025-01-29 03:51:00,2025.0,1.0,JAWA BARAT,0.2,3000,15000.0,15000.0
ORD_0008026,2025-01-29 06:29:00,2025.0,1.0,JAWA TIMUR,0.2,2000,10000.0,10000.0
ORD_0008031,2025-01-29 10:49:00,2025.0,1.0,JAWA BARAT,0.4,3000,7500.0,7500.0
ORD_0008035,2025-01-29 11:19:00,2025.0,1.0,DKI JAKARTA,0.65,3000,4615.384615384615,4615.384615384615
ORD_0008038,2025-01-29 14:05:00,2025.0,1.0,JAWA TENGAH,0.1,10000,100000.0,100000.0
ORD_0008040,2025-01-29 14:28:00,2025.0,1.0,BANTEN,0.4,3000,7500.0,7500.0
ORD_0008041,2025-01-29 15:24:00,2025.0,1.0,JAWA TIMUR,0.4,1000,2500.0,2500.0
ORD_0008042,2025-01-29 15:40:00,2025.0,1.0,JAMBI,0.5,5000,10000.0,10000.0
ORD_0008045,2025-01-29 17:10:00,2025.0,1.0,JAWA TENGAH,0.3,1000,3333.3333333333335,3333.3333333333335
ORD_0008058,2025-01-29 22:10:00,2025.0,1.0,KALIMANTAN BARAT,0.5,14100,28200.0,28200.0
ORD_0008060,2025-01-29 23:30:00,2025.0,1.0,JAMBI,0.6,16200,27000.0,27000.0
ORD_0008062,2025-01-30 04:13:00,2025.0,1.0,SUMATERA SELATAN,7.0,39401,5628.714285714285,5628.714285714285
ORD_0008064,2025-01-30 05:15:00,2025.0,1.0,JAWA BARAT,0.3,7500,25000.0,25000.0
ORD_0008067,2025-01-30 08:08:00,2025.0,1.0,BANTEN,4.5,25500,5666.666666666667,5666.666666666667
ORD_0008069,2025-01-30 09:21:00,2025.0,1.0,DKI JAKARTA,0.3,3000,10000.0,10000.0
ORD_0008071,2025-01-30 10:09:00,2025.0,1.0,DKI JAKARTA,12.5,800,64.0,64.0
ORD_0008074,2025-01-30 11:23:00,2025.0,1.0,SULAWESI SELATAN,2.0,18000,9000.0,9000.0
ORD_0008076,2025-01-30 12:04:00,2025.0,1.0,JAWA BARAT,0.4,3000,7500.0,7500.0
ORD_0008078,2025-01-30 15:13:00,2025.0,1.0,JAWA BARAT,12.0,96000,8000.0,8000.0
ORD_0008080,2025-01-30 16:24:00,2025.0,1.0,DKI JAKARTA,0.1,3000,30000.0,30000.0
ORD_0008081,2025-01-30 17:09:00,2025.0,1.0,JAWA BARAT,0.08,3000,37500.0,37500.0
ORD_0008083,2025-01-30 17:51:00,2025.0,1.0,DKI JAKARTA,0.1,1500,15000.0,15000.0
ORD_0008085,2025-01-30 19:18:00,2025.0,1.0,NUSA TENGGARA TIMUR (NTT),0.8,48500,60625.0,60625.0
ORD_0008086,2025-01-30 19:59:00,2025.0,1.0,JAWA BARAT,0.4,2500,6250.0,6250.0
ORD_0008087,2025-01-30 20:03:00,2025.0,1.0,BANTEN,0.5,4500,9000.0,9000.0
ORD_0008090,2025-01-30 20:51:00,2025.0,1.0,DKI JAKARTA,0.5,3000,6000.0,6000.0
ORD_0008092,2025-01-30 21:05:00,2025.0,1.0,LAMPUNG,0.1,9100,91000.0,91000.0
ORD_0008093,2025-01-30 21:34:00,2025.0,1.0,BANTEN,0.4,3000,7500.0,7500.0
ORD_0008096,2025-01-31 12:22:00,2025.0,1.0,DKI JAKARTA,0.5,5000,10000.0,10000.0
ORD_0008098,2025-01-31 12:32:00,2025.0,1.0,JAWA BARAT,0.1,3000,30000.0,30000.0
ORD_0008101,2025-01-31 13:07:00,2025.0,1.0,DKI JAKARTA,0.4,8000,20000.0,20000.0
ORD_0008102,2025-01-31 13:55:00,2025.0,1.0,JAWA BARAT,0.1,5000,50000.0,50000.0
ORD_0008104,2025-01-31 15:40:00,2025.0,1.0,JAWA BARAT,14.0,3601,257.2142857142857,257.2142857142857
ORD_0008107,2025-01-31 15:51:00,2025.0,1.0,JAWA BARAT,3.0,6100,2033.3333333333333,2033.3333333333333
ORD_0008112,2025-01-31 17:16:00,2025.0,1.0,JAWA BARAT,0.1,4500,45000.0,45000.0
ORD_0008113,2025-01-31 17:25:00,2025.0,1.0,BANGKA BELITUNG,0.4,12000,30000.0,30000.0
ORD_0008114,2025-01-31 17:28:00,2025.0,1.0,JAWA BARAT,0.1,3000,30000.0,30000.0
ORD_0008115,2025-01-31 17:42:00,2025.0,1.0,BANTEN,0.16,8000,50000.0,50000.0
ORD_0008116,2025-01-31 19:01:00,2025.0,1.0,SUMATERA SELATAN,0.2,4900,24500.0,24500.0
ORD_0008117,2025-01-31 19:29:00,2025.0,1.0,JAWA BARAT,1.0,3000,3000.0,3000.0
ORD_0008121,2025-01-31 21:14:00,2025.0,1.0,JAWA BARAT,0.5,1000,2000.0,2000.0
ORD_0008122,2025-01-31 22:14:00,2025.0,1.0,DKI JAKARTA,1.0,3000,3000.0,3000.0
ORD_0008124,2025-01-31 04:23:00,2025.0,1.0,JAWA BARAT,1.0,1700,1700.0,1700.0
ORD_0008129,2025-01-31 08:41:00,2025.0,1.0,DI YOGYAKARTA,1.5,6100,4066.6666666666665,4066.6666666666665
ORD_0008130,2025-01-31 09:59:00,2025.0,1.0,BANTEN,1.2,8000,6666.666666666667,6666.666666666667
ORD_0008131,2025-01-31 10:18:00,2025.0,1.0,DKI JAKARTA,0.5,45000,90000.0,90000.0
ORD_0008132,2025-01-31 10:35:00,2025.0,1.0,SULAWESI SELATAN,0.8,13500,16875.0,16875.0
ORD_0008133,2025-01-31 10:36:00,2025.0,1.0,BANTEN,0.1,3000,30000.0,30000.0
ORD_0008134,2025-01-31 11:12:00,2025.0,1.0,RIAU,0.22,3700,16818.18181818182,16818.18181818182
ORD_0008138,2024-07-01 01:08:00,2024.0,7.0,SUMATERA BARAT,0.08,11000,137500.0,137500.0
ORD_0008139,2024-07-01 01:26:00,2024.0,7.0,JAWA TENGAH,1.7,12000,7058.823529411765,7058.823529411765
ORD_0008142,2024-07-01 08:42:00,2024.0,7.0,BANTEN,2.0,8000,4000.0,4000.0
ORD_0008143,2024-07-01 09:16:00,2024.0,7.0,BANTEN,15.2,20000,1315.7894736842106,1315.7894736842106
ORD_0008144,2024-07-01 11:11:00,2024.0,7.0,LAMPUNG,2.4,34300,14291.666666666668,14291.666666666668
ORD_0008145,2024-07-01 12:08:00,2024.0,7.0,BANTEN,4.0,6000,1500.0,1500.0
ORD_0008151,2024-07-01 13:28:00,2024.0,7.0,JAWA BARAT,1.4,10500,7500.000000000001,7500.000000000001
ORD_0008152,2024-07-01 13:30:00,2024.0,7.0,JAWA BARAT,0.5,2000,4000.0,4000.0
ORD_0008155,2024-07-01 14:40:00,2024.0,7.0,DKI JAKARTA,4.0,12000,3000.0,3000.0
ORD_0008157,2024-07-01 15:12:00,2024.0,7.0,SULAWESI SELATAN,25.0,166000,6640.0,6640.0
ORD_0008160,2024-07-01 16:33:00,2024.0,7.0,JAWA TENGAH,0.2,11500,57500.0,57500.0
ORD_0008161,2024-07-01 16:38:00,2024.0,7.0,DKI JAKARTA,0.6,8000,13333.333333333334,13333.333333333334
ORD_0008164,2024-07-01 18:42:00,2024.0,7.0,DI YOGYAKARTA,1.8,5500,3055.5555555555557,3055.5555555555557
ORD_0008165,2024-07-01 18:44:00,2024.0,7.0,KALIMANTAN TIMUR,0.5,12000,24000.0,24000.0
ORD_0008166,2024-07-01 19:39:00,2024.0,7.0,DI YOGYAKARTA,8.4,12000,1428.5714285714284,1428.5714285714284
ORD_0008168,2024-07-01 20:40:00,2024.0,7.0,JAWA BARAT,0.5,5500,11000.0,11000.0
ORD_0008170,2024-07-01 21:30:00,2024.0,7.0,DKI JAKARTA,12.0,27000,2250.0,2250.0
ORD_0008172,2024-07-02 05:06:00,2024.0,7.0,JAWA BARAT,0.08,1500,18750.0,18750.0
ORD_0008173,2024-07-02 05:48:00,2024.0,7.0,JAWA BARAT,4.0,32000,8000.0,8000.0
ORD_0008174,2024-07-02 06:13:00,2024.0,7.0,JAWA BARAT,0.16,2000,12500.0,12500.0
ORD_0008176,2024-07-02 08:50:00,2024.0,7.0,JAWA TENGAH,0.16,7000,43750.0,43750.0
ORD_0008178,2024-07-02 11:08:00,2024.0,7.0,JAWA TENGAH,0.4,7500,18750.0,18750.0
ORD_0008180,2024-07-02 11:45:00,2024.0,7.0,JAWA BARAT,0.1,8000,80000.0,80000.0
ORD_0008182,2024-07-02 12:36:00,2024.0,7.0,JAWA TIMUR,0.3,9000,30000.0,30000.0
ORD_0008185,2024-07-02 13:24:00,2024.0,7.0,JAWA BARAT,1.2,15500,12916.666666666668,12916.666666666668
ORD_0008187,2024-07-02 15:40:00,2024.0,7.0,JAWA BARAT,0.5,4500,9000.0,9000.0
ORD_0008201,2024-07-02 21:32:00,2024.0,7.0,BANTEN,0.3,8000,26666.666666666668,26666.666666666668
ORD_0008202,2024-07-03 05:41:00,2024.0,7.0,RIAU,4.5,33000,7333.333333333333,7333.333333333333
ORD_0008203,2024-07-03 06:26:00,2024.0,7.0,BENGKULU,1.0,22000,22000.0,22000.0
ORD_0008209,2024-07-03 08:45:00,2024.0,7.0,JAWA BARAT,0.16,10000,62500.0,62500.0
ORD_0008210,2024-07-03 08:54:00,2024.0,7.0,DKI JAKARTA,3.0,16000,5333.333333333333,5333.333333333333
ORD_0008213,2024-07-03 09:36:00,2024.0,7.0,JAWA BARAT,0.08,8000,100000.0,100000.0
ORD_0008220,2024-07-03 11:37:00,2024.0,7.0,BANTEN,1.7,10000,5882.352941176471,5882.352941176471
ORD_0008221,2024-07-03 11:38:00,2024.0,7.0,SULAWESI UTARA,0.8,17500,21875.0,21875.0
ORD_0008229,2024-07-03 16:46:00,2024.0,7.0,JAWA TIMUR,22.5,19900,884.4444444444445,884.4444444444445
ORD_0008230,2024-07-03 16:50:00,2024.0,7.0,JAWA TIMUR,22.5,19900,884.4444444444445,884.4444444444445
ORD_0008231,2024-07-03 17:52:00,2024.0,7.0,SULAWESI SELATAN,1.8,8500,4722.222222222222,4722.222222222222
ORD_0008232,2024-07-03 18:14:00,2024.0,7.0,BALI,0.3,3500,11666.666666666668,11666.666666666668
ORD_0008233,2024-07-03 18:25:00,2024.0,7.0,LAMPUNG,0.4,35000,87500.0,87500.0
ORD_0008234,2024-07-03 18:29:00,2024.0,7.0,BANTEN,0.2,8000,40000.0,40000.0
ORD_0008235,2024-07-03 18:51:00,2024.0,7.0,NUSA TENGGARA BARAT (NTB),0.6,14500,24166.666666666668,24166.666666666668
ORD_0008236,2024-07-03 19:14:00,2024.0,7.0,JAWA BARAT,4.5,1000,222.22222222222223,222.22222222222223
ORD_0008238,2024-07-03 20:53:00,2024.0,7.0,JAWA BARAT,0.5,8000,16000.0,16000.0
ORD_0008245,2024-07-04 07:37:00,2024.0,7.0,BANTEN,0.2,3000,15000.0,15000.0
ORD_0008253,2024-07-04 11:34:00,2024.0,7.0,JAWA BARAT,0.2,8000,40000.0,40000.0
ORD_0008254,2024-07-04 11:34:00,2024.0,7.0,JAWA BARAT,1.5,1000,666.6666666666666,666.6666666666666
ORD_0008255,2024-07-04 11:35:00,2024.0,7.0,DKI JAKARTA,1.4,1000,714.2857142857143,714.2857142857143
ORD_0008257,2024-07-04 15:33:00,2024.0,7.0,BANGKA BELITUNG,1.2,15400,12833.333333333334,12833.333333333334
ORD_0008259,2024-07-04 16:13:00,2024.0,7.0,JAWA BARAT,4.0,15000,3750.0,3750.0
ORD_0008265,2024-07-04 17:17:00,2024.0,7.0,SUMATERA SELATAN,2.0,16000,8000.0,8000.0
ORD_0008270,2024-07-04 19:51:00,2024.0,7.0,JAWA BARAT,0.16,5500,34375.0,34375.0
ORD_0008271,2024-07-04 20:21:00,2024.0,7.0,JAWA BARAT,10.2,32001,3137.3529411764707,3137.3529411764707
ORD_0008272,2024-07-04 20:27:00,2024.0,7.0,JAWA BARAT,0.08,8000,100000.0,100000.0
ORD_0008273,2024-07-04 20:32:00,2024.0,7.0,BANTEN,0.5,8000,16000.0,16000.0
ORD_0008275,2024-07-04 21:23:00,2024.0,7.0,JAWA TENGAH,0.6,2000,3333.3333333333335,3333.3333333333335
ORD_0008278,2024-07-05 05:10:00,2024.0,7.0,JAWA BARAT,2.0,1000,500.0,500.0
ORD_0008281,2024-07-05 09:34:00,2024.0,7.0,JAWA TENGAH,1.0,22000,22000.0,22000.0
ORD_0008285,2024-07-05 12:52:00,2024.0,7.0,JAWA TENGAH,0.2,18500,92500.0,92500.0
ORD_0008286,2024-07-05 13:12:00,2024.0,7.0,BANTEN,0.5,8000,16000.0,16000.0
ORD_0008290,2024-07-05 14:50:00,2024.0,7.0,JAWA BARAT,20.02,5000,249.75024975024976,249.75024975024976
ORD_0008291,2024-07-05 14:58:00,2024.0,7.0,SUMATERA SELATAN,1.0,10000,10000.0,10000.0
ORD_0008292,2024-07-05 16:36:00,2024.0,7.0,BANTEN,56.7,3000,52.910052910052904,52.910052910052904
ORD_0008298,2024-07-05 19:20:00,2024.0,7.0,JAMBI,1.0,15100,15100.0,15100.0
ORD_0008302,2024-07-05 21:42:00,2024.0,7.0,JAWA TENGAH,4.2,48000,11428.571428571428,11428.571428571428
ORD_0008310,2024-07-06 08:31:00,2024.0,7.0,LAMPUNG,0.5,16000,32000.0,32000.0
ORD_0008311,2024-07-06 09:57:00,2024.0,7.0,BALI,0.08,28000,350000.0,170093.75000000035
ORD_0008312,2024-07-06 10:01:00,2024.0,7.0,BALI,0.4,8000,20000.0,20000.0
ORD_0008315,2024-07-06 12:36:00,2024.0,7.0,BANGKA BELITUNG,1.2,2000,1666.6666666666667,1666.6666666666667
ORD_0008316,2024-07-06 12:39:00,2024.0,7.0,DI YOGYAKARTA,1.2,500,416.6666666666667,416.6666666666667
ORD_0008317,2024-07-06 12:51:00,2024.0,7.0,LAMPUNG,2.43,5000,2057.6131687242796,2057.6131687242796
ORD_0008318,2024-07-06 13:11:00,2024.0,7.0,JAWA TIMUR,0.5,16000,32000.0,32000.0
ORD_0008320,2024-07-06 14:16:00,2024.0,7.0,KALIMANTAN BARAT,1.4,51000,36428.57142857143,36428.57142857143
ORD_0008323,2024-07-06 15:52:00,2024.0,7.0,BANTEN,0.3,8000,26666.666666666668,26666.666666666668
ORD_0008325,2024-07-06 17:31:00,2024.0,7.0,JAWA BARAT,0.5,10000,20000.0,20000.0
ORD_0008329,2024-07-06 18:25:00,2024.0,7.0,DKI JAKARTA,2.0,18000,9000.0,9000.0
ORD_0008332,2024-07-06 19:41:00,2024.0,7.0,JAWA BARAT,0.5,8000,16000.0,16000.0
ORD_0008334,2024-07-06 21:49:00,2024.0,7.0,KEPULAUAN RIAU,1.0,4000,4000.0,4000.0
ORD_0008335,2024-07-07 05:29:00,2024.0,7.0,JAWA TENGAH,1.0,6000,6000.0,6000.0
ORD_0008339,2024-07-07 05:59:00,2024.0,7.0,JAWA TIMUR,0.42,3500,8333.333333333334,8333.333333333334
ORD_0008341,2024-07-07 06:38:00,2024.0,7.0,BANGKA BELITUNG,1.0,8000,8000.0,8000.0
ORD_0008343,2024-07-07 08:07:00,2024.0,7.0,JAWA TENGAH,1.0,2000,2000.0,2000.0
ORD_0008345,2024-07-07 08:19:00,2024.0,7.0,JAMBI,2.0,3000,1500.0,1500.0
ORD_0008346,2024-07-07 08:31:00,2024.0,7.0,JAWA TENGAH,3.15,2000,634.9206349206349,634.9206349206349
ORD_0008371,2024-07-07 12:50:00,2024.0,7.0,SULAWESI SELATAN,1.7,77000,45294.117647058825,45294.117647058825
ORD_0008378,2024-07-07 13:57:00,2024.0,7.0,DKI JAKARTA,0.3,40500,135000.0,135000.0
ORD_0008385,2024-07-07 15:07:00,2024.0,7.0,KALIMANTAN BARAT,0.6,200,333.33333333333337,333.33333333333337
ORD_0008387,2024-07-07 15:58:00,2024.0,7.0,SULAWESI SELATAN,1.7,23000,13529.411764705885,13529.411764705885
ORD_0008389,2024-07-07 16:28:00,2024.0,7.0,BANTEN,0.08,3000,37500.0,37500.0
ORD_0008393,2024-07-07 16:58:00,2024.0,7.0,JAWA BARAT,0.08,5500,68750.0,68750.0
ORD_0008394,2024-07-07 17:09:00,2024.0,7.0,BENGKULU,22.5,66601,2960.0444444444443,2960.0444444444443
ORD_0008404,2024-07-07 18:28:00,2024.0,7.0,BENGKULU,0.2,2000,10000.0,10000.0
ORD_0008409,2024-07-07 18:56:00,2024.0,7.0,SUMATERA SELATAN,2.0,15100,7550.0,7550.0
ORD_0008410,2024-07-07 19:29:00,2024.0,7.0,JAWA BARAT,0.5,1000,2000.0,2000.0
ORD_0008431,2024-07-07 03:45:00,2024.0,7.0,DKI JAKARTA,1.0,8000,8000.0,8000.0
ORD_0008433,2024-07-07 04:18:00,2024.0,7.0,JAWA BARAT,0.1,2000,20000.0,20000.0
ORD_0008435,2024-07-08 03:09:00,2024.0,7.0,BANTEN,4.2,1000,238.09523809523807,238.09523809523807
ORD_0008438,2024-07-08 07:58:00,2024.0,7.0,BANTEN,0.2,8000,40000.0,40000.0
ORD_0008439,2024-07-08 08:23:00,2024.0,7.0,JAWA BARAT,0.5,2500,5000.0,5000.0
ORD_0008441,2024-07-08 08:40:00,2024.0,7.0,DKI JAKARTA,3.0,40500,13500.0,13500.0
ORD_0008444,2024-07-08 09:47:00,2024.0,7.0,SUMATERA BARAT,3.9,1000,256.4102564102564,256.4102564102564
ORD_0008445,2024-07-08 09:50:00,2024.0,7.0,MALUKU,9.0,74500,8277.777777777777,8277.777777777777
ORD_0008447,2024-07-08 09:58:00,2024.0,7.0,SUMATERA UTARA,0.4,15500,38750.0,38750.0
ORD_0008448,2024-07-08 10:07:00,2024.0,7.0,JAWA TIMUR,12.0,204000,17000.0,17000.0
ORD_0008454,2024-07-08 12:58:00,2024.0,7.0,BANTEN,29.7,5000,168.35016835016836,168.35016835016836
ORD_0008456,2024-07-08 13:08:00,2024.0,7.0,KALIMANTAN TENGAH,0.4,21500,53750.0,53750.0
ORD_0008457,2024-07-08 13:33:00,2024.0,7.0,JAWA TENGAH,0.4,500,1250.0,1250.0
ORD_0008460,2024-07-08 13:59:00,2024.0,7.0,SUMATERA UTARA,58.0,32200,555.1724137931035,555.1724137931035
ORD_0008471,2024-07-08 18:57:00,2024.0,7.0,JAWA TIMUR,0.3,10000,33333.333333333336,33333.333333333336
ORD_0008472,2024-07-08 19:09:00,2024.0,7.0,BENGKULU,1.0,22000,22000.0,22000.0
ORD_0008478,2024-07-08 21:45:00,2024.0,7.0,JAWA TIMUR,0.3,2500,8333.333333333334,8333.333333333334
ORD_0008482,2024-07-09 02:30:00,2024.0,7.0,JAWA BARAT,0.08,8000,100000.0,100000.0
ORD_0008489,2024-07-09 10:03:00,2024.0,7.0,JAWA BARAT,0.5,1500,3000.0,3000.0
ORD_0008490,2024-07-09 10:16:00,2024.0,7.0,BANTEN,3.5,10500,3000.0,3000.0
ORD_0008495,2024-07-09 12:22:00,2024.0,7.0,KALIMANTAN BARAT,1.0,33500,33500.0,33500.0
ORD_0008497,2024-07-09 12:42:00,2024.0,7.0,JAWA BARAT,0.5,2500,5000.0,5000.0
ORD_0008500,2024-07-09 14:59:00,2024.0,7.0,KALIMANTAN BARAT,4.0,37000,9250.0,9250.0
ORD_0008502,2024-07-09 15:52:00,2024.0,7.0,JAWA BARAT,0.5,8000,16000.0,16000.0
ORD_0008503,2024-07-09 16:41:00,2024.0,7.0,JAWA TENGAH,0.4,2000,5000.0,5000.0
ORD_0008508,2024-07-09 17:20:00,2024.0,7.0,SULAWESI TENGAH,0.6,12500,20833.333333333336,20833.333333333336
ORD_0008512,2024-07-09 18:20:00,2024.0,7.0,JAWA BARAT,0.08,6000,75000.0,75000.0
ORD_0008514,2024-07-09 18:29:00,2024.0,7.0,JAWA BARAT,0.5,1500,3000.0,3000.0
ORD_0008522,2024-07-09 21:22:00,2024.0,7.0,LAMPUNG,6.8,112000,16470.58823529412,16470.58823529412
ORD_0008524,2024-07-09 21:51:00,2024.0,7.0,DKI JAKARTA,0.5,8000,16000.0,16000.0
ORD_0008526,2024-07-09 21:55:00,2024.0,7.0,JAWA BARAT,8.5,57000,6705.882352941177,6705.882352941177
ORD_0008527,2024-07-09 21:56:00,2024.0,7.0,NUSA TENGGARA BARAT (NTB),1.2,14500,12083.333333333334,12083.333333333334
ORD_0008529,2024-07-09 22:07:00,2024.0,7.0,BANTEN,0.2,16500,82500.0,82500.0
ORD_0008531,2024-07-09 23:00:00,2024.0,7.0,DKI JAKARTA,1.5,20000,13333.333333333334,13333.333333333334
ORD_0008535,2024-07-10 03:22:00,2024.0,7.0,DKI JAKARTA,1.0,10000,10000.0,10000.0
ORD_0008537,2024-07-10 06:34:00,2024.0,7.0,BANTEN,18.0,8500,472.22222222222223,472.22222222222223
ORD_0008538,2024-07-10 07:11:00,2024.0,7.0,JAWA BARAT,0.08,8000,100000.0,100000.0
ORD_0008541,2024-07-10 08:08:00,2024.0,7.0,BANTEN,20.0,33000,1650.0,1650.0
ORD_0008544,2024-07-10 09:44:00,2024.0,7.0,JAWA BARAT,10.0,75000,7500.0,7500.0
ORD_0008545,2024-07-10 09:57:00,2024.0,7.0,BANTEN,3.6,3000,833.3333333333333,833.3333333333333
ORD_0008549,2024-07-10 12:40:00,2024.0,7.0,JAWA BARAT,0.25,500,2000.0,2000.0
ORD_0008551,2024-07-10 12:58:00,2024.0,7.0,JAWA BARAT,0.5,2000,4000.0,4000.0
ORD_0008554,2024-07-10 14:22:00,2024.0,7.0,JAWA BARAT,2.0,1000,500.0,500.0
ORD_0008555,2024-07-10 14:44:00,2024.0,7.0,JAWA BARAT,0.5,500,1000.0,1000.0
ORD_0008560,2024-07-10 18:21:00,2024.0,7.0,BANTEN,7.5,2500,333.3333333333333,333.3333333333333
ORD_0008566,2024-07-10 20:39:00,2024.0,7.0,JAWA BARAT,0.56,2500,4464.285714285714,4464.285714285714
ORD_0008568,2024-07-10 20:43:00,2024.0,7.0,JAWA BARAT,0.32,2500,7812.5,7812.5
ORD_0008569,2024-07-10 21:18:00,2024.0,7.0,JAWA TENGAH,0.5,8000,16000.0,16000.0
ORD_0008570,2024-07-10 22:14:00,2024.0,7.0,RIAU,1.2,17500,14583.333333333334,14583.333333333334
ORD_0008572,2024-07-10 22:56:00,2024.0,7.0,JAWA TIMUR,6.0,10000,1666.6666666666667,1666.6666666666667
ORD_0008574,2024-07-11 00:58:00,2024.0,7.0,JAWA BARAT,0.5,2000,4000.0,4000.0
ORD_0008576,2024-07-11 03:53:00,2024.0,7.0,JAWA BARAT,5.4,1000,185.18518518518516,185.18518518518516
ORD_0008577,2024-07-11 04:24:00,2024.0,7.0,JAMBI,0.4,10500,26250.0,26250.0
ORD_0008579,2024-07-11 07:43:00,2024.0,7.0,LAMPUNG,0.9,6000,6666.666666666666,6666.666666666666
ORD_0008581,2024-07-11 08:54:00,2024.0,7.0,KALIMANTAN BARAT,1.2,15400,12833.333333333334,12833.333333333334
ORD_0008586,2024-07-11 10:35:00,2024.0,7.0,JAWA BARAT,0.08,2000,25000.0,25000.0
ORD_0008587,2024-07-11 10:59:00,2024.0,7.0,JAWA BARAT,1.0,8000,8000.0,8000.0
ORD_0008588,2024-07-11 11:14:00,2024.0,7.0,BANTEN,0.6,8000,13333.333333333334,13333.333333333334
ORD_0008590,2024-07-11 11:59:00,2024.0,7.0,JAWA BARAT,0.3,8000,26666.666666666668,26666.666666666668
ORD_0008592,2024-07-11 13:15:00,2024.0,7.0,JAWA TIMUR,39.75,36400,915.7232704402516,915.7232704402516
ORD_0008594,2024-07-11 14:13:00,2024.0,7.0,BANTEN,0.1,3000,30000.0,30000.0
ORD_0008597,2024-07-11 14:57:00,2024.0,7.0,SUMATERA BARAT,1.0,1000,1000.0,1000.0
ORD_0008598,2024-07-11 14:58:00,2024.0,7.0,LAMPUNG,1.8,8200,4555.555555555556,4555.555555555556
ORD_0008599,2024-07-11 15:21:00,2024.0,7.0,JAWA BARAT,1.2,17500,14583.333333333334,14583.333333333334
ORD_0008602,2024-07-11 15:50:00,2024.0,7.0,SUMATERA UTARA,1.0,3500,3500.0,3500.0
ORD_0008606,2024-07-11 16:03:00,2024.0,7.0,JAWA BARAT,1.2,10000,8333.333333333334,8333.333333333334
ORD_0008610,2024-07-11 16:37:00,2024.0,7.0,BANTEN,0.07,22500,321428.5714285714,170093.75000000035
ORD_0008611,2024-07-11 17:08:00,2024.0,7.0,SUMATERA UTARA,0.5,13000,26000.0,26000.0
ORD_0008613,2024-07-11 17:26:00,2024.0,7.0,BANTEN,0.5,8000,16000.0,16000.0
ORD_0008614,2024-07-11 18:40:00,2024.0,7.0,JAWA BARAT,0.5,6500,13000.0,13000.0
ORD_0008616,2024-07-11 18:55:00,2024.0,7.0,JAWA BARAT,0.16,1500,9375.0,9375.0
ORD_0008618,2024-07-11 19:02:00,2024.0,7.0,JAWA BARAT,1.2,9000,7500.0,7500.0
ORD_0008619,2024-07-11 19:07:00,2024.0,7.0,JAWA BARAT,0.08,11500,143750.0,143750.0
ORD_0008621,2024-07-11 20:38:00,2024.0,7.0,DKI JAKARTA,0.5,8000,16000.0,16000.0
ORD_0008624,2024-07-11 22:35:00,2024.0,7.0,JAWA BARAT,0.5,5500,11000.0,11000.0
ORD_0008627,2024-07-11 23:33:00,2024.0,7.0,BANTEN,10.0,9000,900.0,900.0
ORD_0008629,2024-07-12 04:17:00,2024.0,7.0,BALI,0.3,8000,26666.666666666668,26666.666666666668
ORD_0008630,2024-07-12 07:10:00,2024.0,7.0,BALI,2.0,28000,14000.0,14000.0
ORD_0008633,2024-07-12 09:07:00,2024.0,7.0,JAWA BARAT,13.0,11500,884.6153846153846,884.6153846153846
ORD_0008635,2024-07-12 09:10:00,2024.0,7.0,JAWA BARAT,0.08,4500,56250.0,56250.0
ORD_0008636,2024-07-12 09:16:00,2024.0,7.0,KALIMANTAN TENGAH,2.0,37000,18500.0,18500.0
ORD_0008642,2024-07-12 12:44:00,2024.0,7.0,DI YOGYAKARTA,1.7,9000,5294.117647058823,5294.117647058823
ORD_0008645,2024-07-12 14:34:00,2024.0,7.0,BENGKULU,2.0,14000,7000.0,7000.0
ORD_0008647,2024-07-12 15:09:00,2024.0,7.0,JAWA BARAT,0.5,1000,2000.0,2000.0
ORD_0008649,2024-07-12 16:06:00,2024.0,7.0,JAWA BARAT,0.6,8000,13333.333333333334,13333.333333333334
ORD_0008659,2024-07-12 22:33:00,2024.0,7.0,SUMATERA SELATAN,4.3,17000,3953.4883720930234,3953.4883720930234
ORD_0008660,2024-07-12 23:06:00,2024.0,7.0,BANTEN,0.4,8000,20000.0,20000.0
ORD_0008661,2024-07-12 23:43:00,2024.0,7.0,DKI JAKARTA,1.0,10000,10000.0,10000.0
ORD_0008664,2024-07-13 09:28:00,2024.0,7.0,SULAWESI SELATAN,0.2,28500,142500.0,142500.0
ORD_0008665,2024-07-13 09:37:00,2024.0,7.0,JAMBI,0.4,15100,37750.0,37750.0
ORD_0008666,2024-07-13 10:14:00,2024.0,7.0,JAWA BARAT,0.5,5500,11000.0,11000.0
ORD_0008667,2024-07-13 10:51:00,2024.0,7.0,DKI JAKARTA,0.5,8000,16000.0,16000.0
ORD_0008670,2024-07-13 11:58:00,2024.0,7.0,BANTEN,0.5,3000,6000.0,6000.0
ORD_0008671,2024-07-13 13:14:00,2024.0,7.0,JAWA BARAT,0.5,8000,16000.0,16000.0
ORD_0008672,2024-07-13 14:14:00,2024.0,7.0,DKI JAKARTA,0.1,8000,80000.0,80000.0
ORD_0008673,2024-07-13 14:19:00,2024.0,7.0,RIAU,1.7,55000,32352.941176470587,32352.941176470587
ORD_0008675,2024-07-13 15:58:00,2024.0,7.0,JAWA BARAT,0.2,8000,40000.0,40000.0
ORD_0008678,2024-07-13 19:30:00,2024.0,7.0,JAWA TENGAH,29.4,20000,680.2721088435375,680.2721088435375
ORD_0008681,2024-07-13 21:09:00,2024.0,7.0,JAWA TIMUR,0.08,4500,56250.0,56250.0
ORD_0008683,2024-07-13 21:53:00,2024.0,7.0,JAWA BARAT,0.5,1500,3000.0,3000.0
ORD_0008684,2024-07-13 23:20:00,2024.0,7.0,BALI,1.0,3000,3000.0,3000.0
ORD_0008687,2024-07-14 06:13:00,2024.0,7.0,BANTEN,0.5,7500,15000.0,15000.0
ORD_0008688,2024-07-14 06:17:00,2024.0,7.0,GORONTALO,1.2,10400,8666.666666666668,8666.666666666668
ORD_0008689,2024-07-14 08:03:00,2024.0,7.0,DKI JAKARTA,0.1,8000,80000.0,80000.0
ORD_0008691,2024-07-14 08:13:00,2024.0,7.0,JAWA BARAT,0.08,1500,18750.0,18750.0
ORD_0008692,2024-07-14 08:15:00,2024.0,7.0,SUMATERA SELATAN,1.0,51000,51000.0,51000.0
ORD_0008694,2024-07-14 10:15:00,2024.0,7.0,JAWA BARAT,0.1,2000,20000.0,20000.0
ORD_0008696,2024-07-14 12:35:00,2024.0,7.0,GORONTALO,0.6,11200,18666.666666666668,18666.666666666668
ORD_0008697,2024-07-14 12:40:00,2024.0,7.0,JAWA BARAT,25.0,20401,816.04,816.04
ORD_0008699,2024-07-14 13:54:00,2024.0,7.0,JAWA BARAT,3.0,4000,1333.3333333333333,1333.3333333333333
ORD_0008704,2024-07-14 16:37:00,2024.0,7.0,SULAWESI TENGAH,1.0,24300,24300.0,24300.0
ORD_0008705,2024-07-14 16:50:00,2024.0,7.0,DKI JAKARTA,0.5,8000,16000.0,16000.0
ORD_0008707,2024-07-14 17:27:00,2024.0,7.0,DKI JAKARTA,1.2,10000,8333.333333333334,8333.333333333334
ORD_0008708,2024-07-14 17:45:00,2024.0,7.0,JAWA TENGAH,0.4,7500,18750.0,18750.0
ORD_0008709,2024-07-14 18:04:00,2024.0,7.0,JAWA TIMUR,0.16,5000,31250.0,31250.0
ORD_0008710,2024-07-14 18:07:00,2024.0,7.0,BANTEN,24.48,12000,490.19607843137254,490.19607843137254
ORD_0008713,2024-07-14 19:43:00,2024.0,7.0,KALIMANTAN TIMUR,1.7,55000,32352.941176470587,32352.941176470587
ORD_0008721,2024-07-15 00:01:00,2024.0,7.0,JAWA TENGAH,0.3,16000,53333.333333333336,53333.333333333336
ORD_0008723,2024-07-15 02:05:00,2024.0,7.0,JAWA BARAT,0.5,2000,4000.0,4000.0
ORD_0008726,2024-07-15 08:31:00,2024.0,7.0,JAWA TENGAH,1.0,2000,2000.0,2000.0
ORD_0008729,2024-07-15 09:27:00,2024.0,7.0,JAWA TIMUR,4.0,16000,4000.0,4000.0
ORD_0008731,2024-07-15 10:45:00,2024.0,7.0,JAWA BARAT,1.0,1000,1000.0,1000.0
ORD_0008733,2024-07-15 11:44:00,2024.0,7.0,BANTEN,1.0,10000,10000.0,10000.0
ORD_0008737,2024-07-15 13:15:00,2024.0,7.0,BANTEN,0.08,3000,37500.0,37500.0
ORD_0008741,2024-07-15 15:22:00,2024.0,7.0,JAWA BARAT,0.08,1500,18750.0,18750.0
ORD_0008742,2024-07-15 15:39:00,2024.0,7.0,JAWA BARAT,0.4,1000,2500.0,2500.0
ORD_0008746,2024-07-15 17:40:00,2024.0,7.0,BANTEN,0.16,2500,15625.0,15625.0
ORD_0008748,2024-07-15 18:11:00,2024.0,7.0,KALIMANTAN TIMUR,0.6,13500,22500.0,22500.0
ORD_0008750,2024-07-15 19:51:00,2024.0,7.0,JAWA TENGAH,1.04,3500,3365.3846153846152,3365.3846153846152
ORD_0008756,2024-07-15 22:58:00,2024.0,7.0,KALIMANTAN BARAT,0.6,9500,15833.333333333334,15833.333333333334
ORD_0008758,2024-07-16 00:17:00,2024.0,7.0,JAWA TENGAH,0.5,4500,9000.0,9000.0
ORD_0008762,2024-07-16 07:45:00,2024.0,7.0,JAMBI,1.95,15500,7948.717948717949,7948.717948717949
ORD_0008764,2024-07-16 08:45:00,2024.0,7.0,JAWA TIMUR,1.0,4500,4500.0,4500.0
ORD_0008765,2024-07-16 08:51:00,2024.0,7.0,BANTEN,0.5,8000,16000.0,16000.0
ORD_0008766,2024-07-16 09:08:00,2024.0,7.0,JAWA BARAT,1.0,500,500.0,500.0
ORD_0008767,2024-07-16 10:03:00,2024.0,7.0,SULAWESI SELATAN,1.5,43000,28666.666666666668,28666.666666666668
ORD_0008770,2024-07-16 10:23:00,2024.0,7.0,DKI JAKARTA,7.6,2000,263.15789473684214,263.15789473684214
ORD_0008776,2024-07-16 12:31:00,2024.0,7.0,NANGGROE ACEH DARUSSALAM (NAD),1.0,4000,4000.0,4000.0
ORD_0008777,2024-07-16 13:33:00,2024.0,7.0,DKI JAKARTA,0.7,8000,11428.57142857143,11428.57142857143
ORD_0008778,2024-07-16 14:20:00,2024.0,7.0,DKI JAKARTA,0.5,8000,16000.0,16000.0
ORD_0008780,2024-07-16 14:54:00,2024.0,7.0,JAWA BARAT,0.5,7000,14000.0,14000.0
ORD_0008781,2024-07-16 15:31:00,2024.0,7.0,JAWA BARAT,3.2,16000,5000.0,5000.0
ORD_0008791,2024-07-16 19:03:00,2024.0,7.0,SULAWESI SELATAN,1.2,11500,9583.333333333334,9583.333333333334
ORD_0008792,2024-07-16 19:18:00,2024.0,7.0,JAWA TENGAH,0.3,9000,30000.0,30000.0
ORD_0008794,2024-07-16 19:36:00,2024.0,7.0,JAWA TENGAH,1.4,29000,20714.285714285717,20714.285714285717
ORD_0008797,2024-07-16 19:49:00,2024.0,7.0,JAWA BARAT,0.5,8000,16000.0,16000.0
ORD_0008801,2024-07-16 21:18:00,2024.0,7.0,JAWA TIMUR,24.0,92700,3862.5,3862.5
ORD_0008806,2024-07-16 22:10:00,2024.0,7.0,KALIMANTAN BARAT,0.6,13500,22500.0,22500.0
ORD_0008813,2024-07-17 08:33:00,2024.0,7.0,JAWA BARAT,0.9,5000,5555.555555555556,5555.555555555556
ORD_0008814,2024-07-17 09:18:00,2024.0,7.0,JAWA BARAT,0.08,3000,37500.0,37500.0
ORD_0008817,2024-07-17 11:11:00,2024.0,7.0,JAWA BARAT,0.5,8000,16000.0,16000.0
ORD_0008820,2024-07-17 11:50:00,2024.0,7.0,JAWA TENGAH,0.3,6000,20000.0,20000.0
ORD_0008821,2024-07-17 11:51:00,2024.0,7.0,DKI JAKARTA,1.0,7000,7000.0,7000.0
ORD_0008823,2024-07-17 12:19:00,2024.0,7.0,JAWA TIMUR,1.2,2000,1666.6666666666667,1666.6666666666667
ORD_0008826,2024-07-17 13:57:00,2024.0,7.0,BANTEN,5.0,54000,10800.0,10800.0
ORD_0008829,2024-07-17 14:44:00,2024.0,7.0,BANTEN,0.5,8000,16000.0,16000.0
ORD_0008830,2024-07-17 14:56:00,2024.0,7.0,JAWA BARAT,0.08,8000,100000.0,100000.0
ORD_0008833,2024-07-17 16:30:00,2024.0,7.0,JAWA TIMUR,0.05,4000,80000.0,80000.0
ORD_0008835,2024-07-17 17:41:00,2024.0,7.0,JAWA BARAT,8.0,10000,1250.0,1250.0
ORD_0008836,2024-07-17 17:44:00,2024.0,7.0,JAWA BARAT,0.5,500,1000.0,1000.0
ORD_0008838,2024-07-17 18:35:00,2024.0,7.0,BALI,2.5,29000,11600.0,11600.0
ORD_0008839,2024-07-17 20:23:00,2024.0,7.0,SUMATERA BARAT,2.0,1000,500.0,500.0
ORD_0008841,2024-07-17 20:50:00,2024.0,7.0,JAWA BARAT,0.5,500,1000.0,1000.0
ORD_0008846,2024-07-17 22:00:00,2024.0,7.0,BANTEN,2.2,8000,3636.363636363636,3636.363636363636
ORD_0008856,2024-07-18 22:57:00,2024.0,7.0,RIAU,2.0,1000,500.0,500.0
ORD_0008859,2024-07-18 07:54:00,2024.0,7.0,JAWA BARAT,0.08,8000,100000.0,100000.0
ORD_0008862,2024-07-18 09:57:00,2024.0,7.0,DKI JAKARTA,0.1,8000,80000.0,80000.0
ORD_0008864,2024-07-18 11:27:00,2024.0,7.0,DKI JAKARTA,0.5,8000,16000.0,16000.0
ORD_0008866,2024-07-18 12:43:00,2024.0,7.0,LAMPUNG,0.5,6000,12000.0,12000.0
ORD_0008870,2024-07-18 15:35:00,2024.0,7.0,DKI JAKARTA,0.2,8000,40000.0,40000.0
ORD_0008872,2024-07-18 16:48:00,2024.0,7.0,RIAU,2.0,1000,500.0,500.0
ORD_0008873,2024-07-18 17:01:00,2024.0,7.0,NUSA TENGGARA BARAT (NTB),0.4,16000,40000.0,40000.0
ORD_0008874,2024-07-18 17:02:00,2024.0,7.0,BANTEN,0.5,3000,6000.0,6000.0
ORD_0008875,2024-07-18 17:08:00,2024.0,7.0,JAWA BARAT,4.2,38000,9047.619047619048,9047.619047619048
ORD_0008876,2024-07-18 17:23:00,2024.0,7.0,LAMPUNG,1.0,32000,32000.0,32000.0
ORD_0008879,2024-07-19 05:20:00,2024.0,7.0,JAWA TENGAH,1.5,1000,666.6666666666666,666.6666666666666
ORD_0008881,2024-07-19 05:50:00,2024.0,7.0,JAMBI,1.0,15100,15100.0,15100.0
ORD_0008882,2024-07-19 06:04:00,2024.0,7.0,DKI JAKARTA,2.0,1000,500.0,500.0
ORD_0008887,2024-07-19 11:16:00,2024.0,7.0,JAWA BARAT,0.25,7500,30000.0,30000.0
ORD_0008888,2024-07-19 11:35:00,2024.0,7.0,SUMATERA UTARA,2.0,31000,15500.0,15500.0
ORD_0008889,2024-07-19 11:36:00,2024.0,7.0,SUMATERA UTARA,2.0,31000,15500.0,15500.0
ORD_0008892,2024-07-19 12:18:00,2024.0,7.0,NUSA TENGGARA BARAT (NTB),4.2,32000,7619.047619047618,7619.047619047618
ORD_0008894,2024-07-19 13:39:00,2024.0,7.0,JAWA TIMUR,1.0,500,500.0,500.0
ORD_0008896,2024-07-19 14:03:00,2024.0,7.0,JAWA BARAT,0.2,8000,40000.0,40000.0
ORD_0008901,2024-07-19 15:32:00,2024.0,7.0,JAWA BARAT,0.5,2000,4000.0,4000.0
ORD_0008902,2024-07-19 15:59:00,2024.0,7.0,JAWA BARAT,0.5,500,1000.0,1000.0
ORD_0008905,2024-07-19 17:35:00,2024.0,7.0,JAWA TENGAH,0.16,8500,53125.0,53125.0
ORD_0008907,2024-07-19 17:59:00,2024.0,7.0,KALIMANTAN SELATAN,1.0,1500,1500.0,1500.0
ORD_0008908,2024-07-19 18:10:00,2024.0,7.0,KALIMANTAN SELATAN,1.0,2000,2000.0,2000.0
ORD_0008911,2024-07-19 19:17:00,2024.0,7.0,BANTEN,0.08,3000,37500.0,37500.0
ORD_0008912,2024-07-19 19:40:00,2024.0,7.0,BANTEN,0.2,8000,40000.0,40000.0
ORD_0008919,2024-07-20 08:23:00,2024.0,7.0,JAWA TIMUR,1.0,4000,4000.0,4000.0
ORD_0008920,2024-07-20 08:47:00,2024.0,7.0,JAWA BARAT,0.16,3000,18750.0,18750.0
ORD_0008923,2024-07-20 10:10:00,2024.0,7.0,BANTEN,0.08,3000,37500.0,37500.0
ORD_0008924,2024-07-20 10:16:00,2024.0,7.0,BANTEN,0.16,8000,50000.0,50000.0
ORD_0008926,2024-07-20 10:51:00,2024.0,7.0,SUMATERA UTARA,0.8,1000,1250.0,1250.0
ORD_0008927,2024-07-20 11:37:00,2024.0,7.0,JAWA TENGAH,0.5,4500,9000.0,9000.0
ORD_0008931,2024-07-20 12:42:00,2024.0,7.0,DKI JAKARTA,1.0,8000,8000.0,8000.0
ORD_0008941,2024-07-20 19:26:00,2024.0,7.0,SUMATERA SELATAN,0.08,7000,87500.0,87500.0
ORD_0008946,2024-07-20 20:19:00,2024.0,7.0,SUMATERA BARAT,0.5,34500,69000.0,69000.0
ORD_0008947,2024-07-20 20:53:00,2024.0,7.0,DKI JAKARTA,0.3,8000,26666.666666666668,26666.666666666668
ORD_0008949,2024-07-20 21:39:00,2024.0,7.0,JAWA TIMUR,1.1,5500,5000.0,5000.0
ORD_0008954,2024-07-20 22:48:00,2024.0,7.0,BANTEN,4.5,6000,1333.3333333333333,1333.3333333333333
ORD_0008956,2024-07-21 05:19:00,2024.0,7.0,BANTEN,1.0,8000,8000.0,8000.0
ORD_0008957,2024-07-21 08:35:00,2024.0,7.0,JAWA TENGAH,24.0,87700,3654.1666666666665,3654.1666666666665
ORD_0008961,2024-07-21 12:07:00,2024.0,7.0,JAWA TENGAH,1.4,12000,8571.428571428572,8571.428571428572
ORD_0008969,2024-07-21 17:45:00,2024.0,7.0,DKI JAKARTA,0.2,8000,40000.0,40000.0
ORD_0008971,2024-07-21 18:23:00,2024.0,7.0,JAWA BARAT,28.0,41000,1464.2857142857142,1464.2857142857142
ORD_0008974,2024-07-21 20:28:00,2024.0,7.0,BANTEN,0.5,3000,6000.0,6000.0
ORD_0008975,2024-07-21 20:40:00,2024.0,7.0,JAWA BARAT,0.5,8000,16000.0,16000.0
ORD_0008978,2024-07-21 23:11:00,2024.0,7.0,JAWA BARAT,0.2,8000,40000.0,40000.0
ORD_0008981,2024-07-22 07:27:00,2024.0,7.0,BANTEN,1.2,22500,18750.0,18750.0
ORD_0008983,2024-07-22 08:46:00,2024.0,7.0,SUMATERA BARAT,0.4,1000,2500.0,2500.0
ORD_0008986,2024-07-22 09:46:00,2024.0,7.0,JAWA BARAT,0.4,18000,45000.0,45000.0
ORD_0008992,2024-07-22 12:43:00,2024.0,7.0,JAWA BARAT,2.0,1000,500.0,500.0
ORD_0008994,2024-07-22 13:30:00,2024.0,7.0,DKI JAKARTA,5.3,20000,3773.5849056603774,3773.5849056603774
ORD_0008999,2024-07-22 15:06:00,2024.0,7.0,JAWA BARAT,0.5,8000,16000.0,16000.0
ORD_0009002,2024-07-22 16:55:00,2024.0,7.0,JAWA BARAT,2.0,1000,500.0,500.0
ORD_0009004,2024-07-22 18:37:00,2024.0,7.0,JAWA TIMUR,1.0,3500,3500.0,3500.0
ORD_0009005,2024-07-22 18:43:00,2024.0,7.0,JAWA BARAT,0.25,8000,32000.0,32000.0
ORD_0009006,2024-07-22 18:43:00,2024.0,7.0,DKI JAKARTA,0.5,8000,16000.0,16000.0
ORD_0009011,2024-07-22 20:17:00,2024.0,7.0,KEPULAUAN RIAU,1.0,13000,13000.0,13000.0
ORD_0009012,2024-07-22 21:01:00,2024.0,7.0,BANTEN,0.2,8000,40000.0,40000.0
ORD_0009017,2024-07-23 06:30:00,2024.0,7.0,DKI JAKARTA,1.5,22500,15000.0,15000.0
ORD_0009018,2024-07-23 06:47:00,2024.0,7.0,JAWA BARAT,0.2,6500,32500.0,32500.0
ORD_0009019,2024-07-23 07:00:00,2024.0,7.0,BANTEN,4.8,5000,1041.6666666666667,1041.6666666666667
ORD_0009023,2024-07-23 09:47:00,2024.0,7.0,JAWA TENGAH,1.0,1000,1000.0,1000.0
ORD_0009026,2024-07-23 10:35:00,2024.0,7.0,KALIMANTAN BARAT,3.6,14200,3944.444444444444,3944.444444444444
ORD_0009028,2024-07-23 11:10:00,2024.0,7.0,SUMATERA SELATAN,0.4,13500,33750.0,33750.0
ORD_0009029,2024-07-23 11:13:00,2024.0,7.0,JAWA TENGAH,0.8,6500,8125.0,8125.0
ORD_0009030,2024-07-23 11:17:00,2024.0,7.0,LAMPUNG,0.4,4500,11250.0,11250.0
ORD_0009032,2024-07-23 11:35:00,2024.0,7.0,LAMPUNG,0.3,19500,65000.0,65000.0
ORD_0009034,2024-07-23 12:21:00,2024.0,7.0,JAWA TIMUR,0.2,9000,45000.0,45000.0
ORD_0009036,2024-07-23 12:25:00,2024.0,7.0,JAWA BARAT,0.1,13000,130000.0,130000.0
ORD_0009042,2024-07-23 14:53:00,2024.0,7.0,JAWA TIMUR,1.1,3000,2727.272727272727,2727.272727272727
ORD_0009048,2024-07-23 18:36:00,2024.0,7.0,JAWA TENGAH,0.2,4500,22500.0,22500.0
ORD_0009053,2024-07-23 20:21:00,2024.0,7.0,JAWA TENGAH,0.3,3000,10000.0,10000.0
ORD_0009057,2024-07-23 22:03:00,2024.0,7.0,BANGKA BELITUNG,1.7,13000,7647.058823529412,7647.058823529412
ORD_0009062,2024-07-24 10:45:00,2024.0,7.0,JAWA TIMUR,1.0,19000,19000.0,19000.0
ORD_0009064,2024-07-24 11:28:00,2024.0,7.0,LAMPUNG,5.3,58000,10943.396226415094,10943.396226415094
ORD_0009065,2024-07-24 11:29:00,2024.0,7.0,NUSA TENGGARA BARAT (NTB),0.2,24500,122500.0,122500.0
ORD_0009066,2024-07-24 12:22:00,2024.0,7.0,KALIMANTAN BARAT,0.6,15500,25833.333333333336,25833.333333333336
ORD_0009069,2024-07-24 13:02:00,2024.0,7.0,SUMATERA SELATAN,1.7,47000,27647.058823529413,27647.058823529413
ORD_0009071,2024-07-24 13:13:00,2024.0,7.0,JAWA BARAT,0.2,9000,45000.0,45000.0
ORD_0009076,2024-07-24 17:36:00,2024.0,7.0,DKI JAKARTA,1.0,8000,8000.0,8000.0
ORD_0009078,2024-07-24 18:20:00,2024.0,7.0,JAWA BARAT,0.5,8000,16000.0,16000.0
ORD_0009083,2024-07-24 20:29:00,2024.0,7.0,DKI JAKARTA,0.2,8000,40000.0,40000.0
ORD_0009084,2024-07-24 21:08:00,2024.0,7.0,LAMPUNG,16.56,29001,1751.2681159420292,1751.2681159420292
ORD_0009087,2024-07-24 21:52:00,2024.0,7.0,KALIMANTAN BARAT,1.0,15500,15500.0,15500.0
ORD_0009089,2024-07-24 22:45:00,2024.0,7.0,BANTEN,3.3,4000,1212.1212121212122,1212.1212121212122
ORD_0009092,2024-07-24 23:34:00,2024.0,7.0,DI YOGYAKARTA,0.2,6000,30000.0,30000.0
ORD_0009107,2024-07-25 07:42:00,2024.0,7.0,BANTEN,0.08,6000,75000.0,75000.0
ORD_0009110,2024-07-25 08:44:00,2024.0,7.0,DKI JAKARTA,0.6,10000,16666.666666666668,16666.666666666668
ORD_0009115,2024-07-25 09:27:00,2024.0,7.0,BALI,2.0,67000,33500.0,33500.0
ORD_0009122,2024-07-25 11:21:00,2024.0,7.0,JAWA BARAT,1.4,12000,8571.428571428572,8571.428571428572
ORD_0009123,2024-07-25 11:22:00,2024.0,7.0,BANTEN,6.04,18500,3062.9139072847684,3062.9139072847684
ORD_0009127,2024-07-25 11:55:00,2024.0,7.0,KEPULAUAN RIAU,0.5,23500,47000.0,47000.0
ORD_0009128,2024-07-25 12:54:00,2024.0,7.0,SULAWESI TENGGARA,1.5,121000,80666.66666666667,80666.66666666667
ORD_0009130,2024-07-25 13:57:00,2024.0,7.0,BANTEN,2.0,13000,6500.0,6500.0
ORD_0009131,2024-07-25 14:09:00,2024.0,7.0,BANTEN,16.0,42000,2625.0,2625.0
ORD_0009135,2024-07-25 15:05:00,2024.0,7.0,JAWA BARAT,0.2,14000,70000.0,70000.0
ORD_0009138,2024-07-25 16:23:00,2024.0,7.0,SUMATERA UTARA,2.0,6000,3000.0,3000.0
ORD_0009143,2024-07-25 17:57:00,2024.0,7.0,BANTEN,0.08,8000,100000.0,100000.0
ORD_0009149,2024-07-25 19:55:00,2024.0,7.0,JAWA TIMUR,0.6,1500,2500.0,2500.0
ORD_0009162,2024-07-26 02:40:00,2024.0,7.0,DKI JAKARTA,0.3,8000,26666.666666666668,26666.666666666668
ORD_0009164,2024-07-26 09:07:00,2024.0,7.0,DKI JAKARTA,0.08,8000,100000.0,100000.0
ORD_0009166,2024-07-26 11:03:00,2024.0,7.0,JAWA BARAT,0.92,8000,8695.652173913044,8695.652173913044
ORD_0009169,2024-07-26 11:56:00,2024.0,7.0,NANGGROE ACEH DARUSSALAM (NAD),1.2,9000,7500.0,7500.0
ORD_0009170,2024-07-26 12:27:00,2024.0,7.0,JAWA BARAT,0.2,8000,40000.0,40000.0
ORD_0009171,2024-07-26 12:37:00,2024.0,7.0,JAWA TENGAH,0.2,2500,12500.0,12500.0
ORD_0009173,2024-07-26 12:55:00,2024.0,7.0,JAWA BARAT,0.1,6000,60000.0,60000.0
ORD_0009175,2024-07-26 13:43:00,2024.0,7.0,JAWA BARAT,0.14,8000,57142.85714285714,57142.85714285714
ORD_0009176,2024-07-26 14:26:00,2024.0,7.0,JAWA TENGAH,3.8,17000,4473.684210526316,4473.684210526316
ORD_0009182,2024-07-26 17:18:00,2024.0,7.0,JAWA TENGAH,0.08,6000,75000.0,75000.0
ORD_0009183,2024-07-26 17:37:00,2024.0,7.0,JAWA TIMUR,0.2,11500,57500.0,57500.0
ORD_0009188,2024-07-26 21:45:00,2024.0,7.0,KALIMANTAN TIMUR,1.0,14500,14500.0,14500.0
ORD_0009189,2024-07-26 22:24:00,2024.0,7.0,JAWA BARAT,0.32,2500,7812.5,7812.5
ORD_0009192,2024-07-26 22:56:00,2024.0,7.0,BANTEN,1.0,1000,1000.0,1000.0
ORD_0009193,2024-07-26 23:05:00,2024.0,7.0,JAWA BARAT,0.1,8000,80000.0,80000.0
ORD_0009194,2024-07-27 00:08:00,2024.0,7.0,JAWA BARAT,0.5,11500,23000.0,23000.0
ORD_0009196,2024-07-27 01:13:00,2024.0,7.0,JAWA TENGAH,0.5,4500,9000.0,9000.0
ORD_0009199,2024-07-27 06:45:00,2024.0,7.0,DI YOGYAKARTA,2.25,21000,9333.333333333334,9333.333333333334
ORD_0009200,2024-07-27 07:25:00,2024.0,7.0,BENGKULU,0.16,12000,75000.0,75000.0
ORD_0009201,2024-07-27 07:30:00,2024.0,7.0,DKI JAKARTA,15.0,3000,200.0,200.0
ORD_0009205,2024-07-27 10:36:00,2024.0,7.0,SUMATERA UTARA,0.4,14200,35500.0,35500.0
ORD_0009209,2024-07-27 11:38:00,2024.0,7.0,JAWA BARAT,1.0,8000,8000.0,8000.0
ORD_0009215,2024-07-27 12:51:00,2024.0,7.0,JAWA TIMUR,0.6,3000,5000.0,5000.0
ORD_0009226,2024-07-27 20:18:00,2024.0,7.0,JAWA BARAT,1.0,8000,8000.0,8000.0
ORD_0009227,2024-07-27 20:22:00,2024.0,7.0,JAMBI,0.4,15100,37750.0,37750.0
ORD_0009230,2024-07-27 22:06:00,2024.0,7.0,JAWA BARAT,0.5,8000,16000.0,16000.0
ORD_0009231,2024-07-27 22:33:00,2024.0,7.0,DKI JAKARTA,0.14,8000,57142.85714285714,57142.85714285714
ORD_0009233,2024-07-27 22:54:00,2024.0,7.0,JAWA TIMUR,0.4,5500,13750.0,13750.0
ORD_0009234,2024-07-27 23:35:00,2024.0,7.0,JAWA BARAT,0.5,12000,24000.0,24000.0
ORD_0009236,2024-07-28 03:24:00,2024.0,7.0,BANGKA BELITUNG,0.8,26000,32500.0,32500.0
ORD_0009239,2024-07-28 07:39:00,2024.0,7.0,BALI,2.0,22000,11000.0,11000.0
ORD_0009242,2024-07-28 09:03:00,2024.0,7.0,BANTEN,0.5,8000,16000.0,16000.0
ORD_0009243,2024-07-28 09:08:00,2024.0,7.0,JAWA TIMUR,0.2,7000,35000.0,35000.0
ORD_0009247,2024-07-28 09:36:00,2024.0,7.0,BANTEN,5.0,20000,4000.0,4000.0
ORD_0009248,2024-07-28 09:40:00,2024.0,7.0,JAWA TENGAH,0.3,3000,10000.0,10000.0
ORD_0009249,2024-07-28 10:43:00,2024.0,7.0,BALI,0.6,3000,5000.0,5000.0
ORD_0009251,2024-07-28 11:42:00,2024.0,7.0,RIAU,3.6,17500,4861.111111111111,4861.111111111111
ORD_0009256,2024-07-28 13:22:00,2024.0,7.0,JAWA BARAT,0.5,8000,16000.0,16000.0
ORD_0009259,2024-07-28 14:57:00,2024.0,7.0,JAWA TIMUR,2.0,15000,7500.0,7500.0
ORD_0009262,2024-07-28 15:14:00,2024.0,7.0,BANTEN,2.6,10000,3846.153846153846,3846.153846153846
ORD_0009268,2024-07-28 17:43:00,2024.0,7.0,JAWA TENGAH,0.6,7000,11666.666666666668,11666.666666666668
ORD_0009269,2024-07-28 20:33:00,2024.0,7.0,JAWA BARAT,0.16,8000,50000.0,50000.0
ORD_0009270,2024-07-28 20:40:00,2024.0,7.0,JAWA BARAT,0.16,2500,15625.0,15625.0
ORD_0009273,2024-07-28 22:03:00,2024.0,7.0,BANTEN,0.5,8000,16000.0,16000.0
ORD_0009284,2024-07-29 09:45:00,2024.0,7.0,BENGKULU,1.2,2000,1666.6666666666667,1666.6666666666667
ORD_0009285,2024-07-29 10:33:00,2024.0,7.0,JAWA BARAT,0.16,1500,9375.0,9375.0
ORD_0009292,2024-07-29 11:57:00,2024.0,7.0,BANGKA BELITUNG,1.2,12000,10000.0,10000.0
ORD_0009295,2024-07-29 12:41:00,2024.0,7.0,BANTEN,3.5,12000,3428.5714285714284,3428.5714285714284
ORD_0009299,2024-07-29 15:18:00,2024.0,7.0,BANTEN,1.0,8000,8000.0,8000.0
ORD_0009301,2024-07-29 15:40:00,2024.0,7.0,JAWA BARAT,1.0,8000,8000.0,8000.0
ORD_0009303,2024-07-29 16:27:00,2024.0,7.0,KEPULAUAN RIAU,1.2,7400,6166.666666666667,6166.666666666667
ORD_0009308,2024-07-29 17:42:00,2024.0,7.0,JAWA TENGAH,4.0,23000,5750.0,5750.0
ORD_0009309,2024-07-29 17:55:00,2024.0,7.0,JAWA BARAT,0.5,500,1000.0,1000.0
ORD_0009311,2024-07-29 18:18:00,2024.0,7.0,JAWA BARAT,3.0,6000,2000.0,2000.0
ORD_0009314,2024-07-29 19:14:00,2024.0,7.0,SUMATERA UTARA,0.6,3000,5000.0,5000.0
ORD_0009318,2024-07-29 21:52:00,2024.0,7.0,JAWA TENGAH,48.0,146900,3060.4166666666665,3060.4166666666665
ORD_0009323,2024-07-30 08:40:00,2024.0,7.0,BANGKA BELITUNG,1.0,3000,3000.0,3000.0
ORD_0009327,2024-07-30 09:46:00,2024.0,7.0,JAWA TIMUR,2.0,12000,6000.0,6000.0
ORD_0009334,2024-07-30 11:20:00,2024.0,7.0,SUMATERA SELATAN,24.2,99301,4103.347107438017,4103.347107438017
ORD_0009338,2024-07-30 12:43:00,2024.0,7.0,JAWA BARAT,0.1,8000,80000.0,80000.0
ORD_0009341,2024-07-30 13:43:00,2024.0,7.0,JAWA BARAT,0.4,13500,33750.0,33750.0
ORD_0009344,2024-07-30 15:44:00,2024.0,7.0,BANTEN,0.08,8000,100000.0,100000.0
ORD_0009346,2024-07-30 16:18:00,2024.0,7.0,RIAU,3.15,1000,317.46031746031747,317.46031746031747
ORD_0009350,2024-07-30 17:55:00,2024.0,7.0,BANTEN,0.7,7500,10714.285714285716,10714.285714285716
ORD_0009352,2024-07-30 19:22:00,2024.0,7.0,JAWA BARAT,0.3,12000,40000.0,40000.0
ORD_0009354,2024-07-30 19:49:00,2024.0,7.0,SUMATERA BARAT,1.8,1000,555.5555555555555,555.5555555555555
ORD_0009356,2024-07-30 20:44:00,2024.0,7.0,KALIMANTAN BARAT,0.2,23500,117500.0,117500.0
ORD_0009357,2024-07-30 20:55:00,2024.0,7.0,DKI JAKARTA,6.75,1000,148.14814814814815,148.14814814814815
ORD_0009363,2024-07-30 05:47:00,2024.0,7.0,JAWA TIMUR,1.7,26000,15294.117647058823,15294.117647058823
ORD_0009364,2024-07-30 05:49:00,2024.0,7.0,JAWA TENGAH,0.08,8500,106250.0,106250.0
ORD_0009367,2024-07-30 23:45:00,2024.0,7.0,LAMPUNG,0.6,6000,10000.0,10000.0
ORD_0009369,2024-07-31 02:15:00,2024.0,7.0,JAWA TENGAH,5.04,2500,496.031746031746,496.031746031746
ORD_0009374,2024-07-31 08:05:00,2024.0,7.0,JAWA TIMUR,1.0,500,500.0,500.0
ORD_0009377,2024-07-31 09:25:00,2024.0,7.0,DKI JAKARTA,0.6,18000,30000.0,30000.0
ORD_0009381,2024-07-31 11:31:00,2024.0,7.0,JAWA BARAT,4.2,38000,9047.619047619048,9047.619047619048
ORD_0009384,2024-07-31 12:55:00,2024.0,7.0,JAWA BARAT,0.2,10000,50000.0,50000.0
ORD_0009385,2024-07-31 13:01:00,2024.0,7.0,JAWA TENGAH,0.08,6000,75000.0,75000.0
ORD_0009386,2024-07-31 13:04:00,2024.0,7.0,SULAWESI SELATAN,1.2,6500,5416.666666666667,5416.666666666667
ORD_0009387,2024-07-31 13:15:00,2024.0,7.0,BALI,2.0,6000,3000.0,3000.0
ORD_0009388,2024-07-31 14:04:00,2024.0,7.0,SUMATERA SELATAN,1.0,7000,7000.0,7000.0
ORD_0009389,2024-07-31 14:48:00,2024.0,7.0,JAWA BARAT,0.4,500,1250.0,1250.0
ORD_0009390,2024-07-31 15:02:00,2024.0,7.0,DKI JAKARTA,1.0,8000,8000.0,8000.0
ORD_0009392,2024-07-31 16:42:00,2024.0,7.0,SUMATERA SELATAN,0.5,7000,14000.0,14000.0
ORD_0009393,2024-07-31 17:08:00,2024.0,7.0,JAWA BARAT,1.0,8000,8000.0,8000.0
ORD_0009397,2024-07-31 20:33:00,2024.0,7.0,JAWA TIMUR,0.6,18000,30000.0,30000.0
ORD_0009399,2024-07-31 21:00:00,2024.0,7.0,BANTEN,0.5,8000,16000.0,16000.0
ORD_0009401,2024-07-31 21:10:00,2024.0,7.0,DKI JAKARTA,0.4,8000,20000.0,20000.0
ORD_0009404,2024-07-31 22:05:00,2024.0,7.0,BANTEN,0.08,8000,100000.0,100000.0
ORD_0009410,,,,SULAWESI SELATAN,1.2,6500,5416.666666666667,5416.666666666667
ORD_0009412,,,,BANTEN,12.0,10000,833.3333333333334,833.3333333333334
ORD_0009414,,,,JAWA TIMUR,2.0,3800,1900.0,1900.0
ORD_0009426,,,,JAWA BARAT,0.5,3500,7000.0,7000.0
ORD_0009450,,,,BANTEN,3.0,300,100.0,100.0
ORD_0009451,,,,JAWA BARAT,0.16,8000,50000.0,50000.0
ORD_0009455,,,,SUMATERA UTARA,0.8,15500,19375.0,19375.0
ORD_0009459,,,,SUMATERA UTARA,0.86,3000,3488.3720930232557,3488.3720930232557
ORD_0009463,,,,SULAWESI SELATAN,0.84,13000,15476.190476190475,15476.190476190475
ORD_0009464,,,,KALIMANTAN TIMUR,0.6,10500,17500.0,17500.0
ORD_0009476,,,,SUMATERA BARAT,5.2,54000,10384.615384615385,10384.615384615385
ORD_0009479,,,,BANTEN,1.23,10000,8130.081300813008,8130.081300813008
ORD_0009482,,,,SULAWESI SELATAN,2.6,13000,5000.0,5000.0
ORD_0009488,,,,JAWA BARAT,4.0,4000,1000.0,1000.0
ORD_0009494,,,,RIAU,0.2,16500,82500.0,82500.0
ORD_0009498,,,,SULAWESI SELATAN,1.2,11500,9583.333333333334,9583.333333333334
ORD_0009501,,,,KALIMANTAN TIMUR,1.6,38600,24125.0,24125.0
ORD_0009504,,,,LAMPUNG,0.3,12300,41000.0,41000.0
ORD_0009507,,,,JAWA TENGAH,4.0,12000,3000.0,3000.0
ORD_0009522,,,,SULAWESI SELATAN,5.0,20000,4000.0,4000.0
ORD_0009528,,,,DKI JAKARTA,7.0,20500,2928.5714285714284,2928.5714285714284
ORD_0009529,,,,BANTEN,4.0,21000,5250.0,5250.0
ORD_0009541,,,,JAWA BARAT,0.3,11500,38333.333333333336,38333.333333333336
ORD_0009544,,,,BALI,24.02,13081,544.5878434637802,544.5878434637802
ORD_0009549,,,,JAWA BARAT,5.0,2001,400.2,400.2
ORD_0009553,,,,KALIMANTAN BARAT,2.8,71000,25357.14285714286,25357.14285714286
ORD_0009556,,,,DI YOGYAKARTA,0.2,1000,5000.0,5000.0
ORD_0009559,,,,JAMBI,4.0,20400,5100.0,5100.0
ORD_0009572,,,,SULAWESI TENGAH,3.4,25000,7352.941176470588,7352.941176470588
ORD_0009575,,,,SULAWESI SELATAN,2.2,1000,454.5454545454545,454.5454545454545
ORD_0009576,,,,KALIMANTAN SELATAN,0.8,3500,4375.0,4375.0
ORD_0009577,,,,KALIMANTAN SELATAN,0.6,4500,7500.0,7500.0
ORD_0009579,,,,SUMATERA BARAT,0.8,12300,15375.0,15375.0
ORD_0009580,,,,JAWA TIMUR,2.0,6000,3000.0,3000.0
ORD_0009582,,,,JAWA BARAT,12.0,10000,833.3333333333334,833.3333333333334
ORD_0009585,,,,RIAU,1.2,6500,5416.666666666667,5416.666666666667
ORD_0009606,,,,SULAWESI UTARA,0.6,4000,6666.666666666667,6666.666666666667
ORD_0009609,,,,BANTEN,6.0,15000,2500.0,2500.0
ORD_0009617,,,,SUMATERA UTARA,0.2,9200,46000.0,46000.0
ORD_0009621,,,,BANGKA BELITUNG,0.25,3400,13600.0,13600.0
ORD_0009622,,,,SUMATERA UTARA,6.0,3200,533.3333333333334,533.3333333333334
ORD_0009623,,,,KALIMANTAN TENGAH,0.05,16300,326000.0,170093.75000000035
ORD_0009624,,,,KALIMANTAN TENGAH,0.05,16300,326000.0,170093.75000000035
ORD_0009631,,,,DKI JAKARTA,0.1,3500,35000.0,35000.0
ORD_0009632,,,,JAMBI,0.2,21000,105000.0,105000.0
ORD_0009634,,,,SUMATERA SELATAN,0.2,20500,102500.0,102500.0
ORD_0009638,,,,JAWA TIMUR,0.2,1000,5000.0,5000.0
ORD_0009643,,,,SULAWESI SELATAN,2.2,1000,454.5454545454545,454.5454545454545
ORD_0009644,,,,BANTEN,5.0,25000,5000.0,5000.0
ORD_0009647,,,,JAWA BARAT,5.0,5000,1000.0,1000.0
ORD_0009651,,,,KALIMANTAN BARAT,1.8,5300,2944.4444444444443,2944.4444444444443
ORD_0009661,,,,KALIMANTAN SELATAN,0.5,1500,3000.0,3000.0
ORD_0009662,,,,BANTEN,7.0,51000,7285.714285714285,7285.714285714285
ORD_0009665,,,,JAWA BARAT,4.8,2000,416.6666666666667,416.6666666666667
ORD_0009670,,,,JAWA TENGAH,5.0,5000,1000.0,1000.0
ORD_0009674,,,,BANTEN,5.0,23495,4699.0,4699.0
ORD_0009675,,,,DKI JAKARTA,4.2,6000,1428.5714285714284,1428.5714285714284
ORD_0009679,,,,RIAU,0.2,4900,24500.0,24500.0
ORD_0009680,,,,NUSA TENGGARA BARAT (NTB),8.0,95500,11937.5,11937.5
ORD_0009701,,,,SULAWESI SELATAN,4.0,24800,6200.0,6200.0
ORD_0009707,,,,JAWA BARAT,196.0,70000,357.14285714285717,357.14285714285717
ORD_0009716,,,,JAWA TIMUR,24.0,50000,2083.3333333333335,2083.3333333333335
ORD_0009720,,,,JAWA BARAT,0.3,500,1666.6666666666667,1666.6666666666667
ORD_0009727,,,,SUMATERA SELATAN,1.4,7200,5142.857142857143,5142.857142857143
ORD_0009742,,,,BANTEN,0.4,10000,25000.0,25000.0
ORD_0009743,,,,JAWA BARAT,20.0,5000,250.0,250.0
ORD_0009744,,,,BANTEN,4.2,3000,714.2857142857142,714.2857142857142
ORD_0009748,,,,JAMBI,0.9,11000,12222.222222222224,12222.222222222224
ORD_0009752,,,,BANTEN,2.6,2000,769.2307692307692,769.2307692307692
ORD_0009759,,,,JAWA BARAT,0.1,3500,35000.0,35000.0
ORD_0009762,,,,JAWA BARAT,3.0,2000,666.6666666666666,666.6666666666666
ORD_0009765,,,,JAWA TIMUR,6.02,2000,332.22591362126246,332.22591362126246
ORD_0009766,,,,SUMATERA BARAT,0.16,6000,37500.0,37500.0
ORD_0009768,,,,JAWA TENGAH,7.0,4872,696.0,696.0
ORD_0009769,,,,SULAWESI SELATAN,0.9,12500,13888.888888888889,13888.888888888889
ORD_0009772,,,,JAWA TENGAH,0.05,1000,20000.0,20000.0
ORD_0009774,,,,JAMBI,0.8,16200,20250.0,20250.0
ORD_0009777,,,,SUMATERA BARAT,0.4,1000,2500.0,2500.0
ORD_0009786,,,,BANTEN,7.35,2000,272.108843537415,272.108843537415
ORD_0009797,,,,SUMATERA BARAT,0.2,4400,22000.0,22000.0
ORD_0009800,,,,RIAU,0.2,4800,24000.0,24000.0
ORD_0009804,,,,JAWA BARAT,4.0,5000,1250.0,1250.0
ORD_0009812,,,,KEPULAUAN RIAU,1.8,27000,15000.0,15000.0
ORD_0009815,,,,DKI JAKARTA,1.0,25000,25000.0,25000.0
ORD_0009816,,,,DKI JAKARTA,0.5,6500,13000.0,13000.0
ORD_0009817,,,,SUMATERA UTARA,0.8,10500,13125.0,13125.0
ORD_0009823,,,,GORONTALO,0.14,11200,79999.99999999999,79999.99999999999
ORD_0009827,,,,BANTEN,4.5,9500,2111.1111111111113,2111.1111111111113
ORD_0009831,,,,SULAWESI SELATAN,0.4,1500,3750.0,3750.0
ORD_0009832,,,,JAWA TENGAH,10.0,15000,1500.0,1500.0
ORD_0009838,,,,SUMATERA BARAT,1.0,1000,1000.0,1000.0
ORD_0009839,,,,BENGKULU,0.5,2400,4800.0,4800.0
ORD_0009849,,,,SUMATERA BARAT,0.4,2000,5000.0,5000.0
ORD_0009852,,,,BANGKA BELITUNG,0.2,16000,80000.0,80000.0
ORD_0009855,,,,SULAWESI TENGAH,0.4,12500,31250.0,31250.0
ORD_0009859,,,,LAMPUNG,0.2,4500,22500.0,22500.0
ORD_0009869,,,,SULAWESI SELATAN,2.94,5000,1700.6802721088436,1700.6802721088436
ORD_0009875,,,,KALIMANTAN TENGAH,0.2,18100,90500.0,90500.0
ORD_0009881,,,,JAWA TENGAH,4.0,5000,1250.0,1250.0
ORD_0009884,,,,JAWA BARAT,5.0,5000,1000.0,1000.0
ORD_0009896,,,,BANTEN,0.1,6500,65000.0,65000.0
ORD_0009903,,,,JAWA BARAT,4.0,5000,1250.0,1250.0
ORD_0009906,,,,JAWA TENGAH,3.0,5000,1666.6666666666667,1666.6666666666667
ORD_0009907,,,,JAWA TENGAH,3.0,5000,1666.6666666666667,1666.6666666666667
ORD_0009910,,,,NANGGROE ACEH DARUSSALAM (NAD),0.6,11500,19166.666666666668,19166.666666666668
ORD_0009920,,,,JAMBI,1.0,2000,2000.0,2000.0
ORD_0009923,,,,JAWA BARAT,4.0,5000,1250.0,1250.0
ORD_0009924,,,,SUMATERA SELATAN,0.4,13500,33750.0,33750.0
ORD_0009925,,,,SULAWESI SELATAN,0.4,7200,18000.0,18000.0
ORD_0009927,,,,SUMATERA SELATAN,8.0,18100,2262.5,2262.5
ORD_0009932,,,,KALIMANTAN TENGAH,5.0,19649,3929.8,3929.8
ORD_0009941,,,,DKI JAKARTA,4.0,5000,1250.0,1250.0
ORD_0009943,,,,JAWA BARAT,12.0,50000,4166.666666666667,4166.666666666667
ORD_0009944,,,,KALIMANTAN SELATAN,0.8,6500,8125.0,8125.0
ORD_0009951,,,,DKI JAKARTA,7.0,20500,2928.5714285714284,2928.5714285714284
ORD_0009957,,,,RIAU,1.0,3000,3000.0,3000.0
ORD_0009969,,,,JAWA TENGAH,9.0,5000,555.5555555555555,555.5555555555555
ORD_0009973,,,,JAWA TENGAH,5.0,5000,1000.0,1000.0
ORD_0009975,,,,JAWA BARAT,2.4,5000,2083.3333333333335,2083.3333333333335
ORD_0009977,,,,SUMATERA SELATAN,0.4,15000,37500.0,37500.0
ORD_0009982,,,,LAMPUNG,0.2,13900,69500.0,69500.0
ORD_0009983,,,,KEPULAUAN RIAU,0.2,20500,102500.0,102500.0
ORD_0009986,,,,BANTEN,0.1,6500,65000.0,65000.0
ORD_0009988,,,,DKI JAKARTA,0.3,3000,10000.0,10000.0
ORD_0009991,,,,SULAWESI SELATAN,1.4,35000,25000.0,25000.0
ORD_0009997,,,,JAWA TIMUR,0.4,8000,20000.0,20000.0
ORD_0009999,,,,SUMATERA UTARA,0.5,3000,6000.0,6000.0
ORD_0010010,,,,BANTEN,0.1,6500,65000.0,65000.0
ORD_0010011,,,,JAWA BARAT,6.0,15000,2500.0,2500.0
ORD_0010012,,,,BANTEN,1.6,17500,10937.5,10937.5
ORD_0010017,,,,GORONTALO,0.5,11200,22400.0,22400.0
ORD_0010018,,,,JAWA TENGAH,17.02,15000,881.3160987074031,881.3160987074031
ORD_0010023,,,,JAWA TENGAH,12.0,50000,4166.666666666667,4166.666666666667
ORD_0010030,,,,BALI,0.4,3000,7500.0,7500.0
ORD_0010036,,,,DKI JAKARTA,2.0,6500,3250.0,3250.0
ORD_0010037,,,,BALI,4.0,17000,4250.0,4250.0
ORD_0010045,,,,BALI,4.0,10000,2500.0,2500.0
ORD_0010046,,,,JAMBI,0.2,200,1000.0,1000.0
ORD_0010049,,,,JAWA TIMUR,5.0,15000,3000.0,3000.0
ORD_0010053,,,,JAWA BARAT,3.0,5000,1666.6666666666667,1666.6666666666667
ORD_0010065,,,,SUMATERA SELATAN,2.0,4800,2400.0,2400.0
ORD_0010066,,,,JAWA BARAT,8.0,5000,625.0,625.0
ORD_0010072,,,,JAWA TIMUR,3.0,5000,1666.6666666666667,1666.6666666666667
ORD_0010074,,,,BANTEN,5.0,5000,1000.0,1000.0
ORD_0010079,,,,KALIMANTAN TIMUR,1.0,14500,14500.0,14500.0
ORD_0010080,,,,JAMBI,15.0,29979,1998.6,1998.6
ORD_0010094,,,,JAWA BARAT,10.0,15000,1500.0,1500.0
ORD_0010095,,,,JAWA TENGAH,0.08,5000,62500.0,62500.0
ORD_0010097,,,,SUMATERA BARAT,1.0,800,800.0,800.0
ORD_0010105,,,,DKI JAKARTA,3.0,5000,1666.6666666666667,1666.6666666666667
ORD_0010111,,,,JAWA TENGAH,3.0,5000,1666.6666666666667,1666.6666666666667
ORD_0010114,,,,KALIMANTAN SELATAN,0.2,4100,20500.0,20500.0
ORD_0010121,,,,DKI JAKARTA,0.16,6500,40625.0,40625.0
ORD_0010125,,,,BANGKA BELITUNG,0.1,3500,35000.0,35000.0
ORD_0010128,,,,KALIMANTAN BARAT,5.0,37000,7400.0,7400.0
ORD_0010134,,,,BANTEN,4.2,28500,6785.714285714285,6785.714285714285
ORD_0010136,,,,JAWA TIMUR,0.5,8000,16000.0,16000.0
ORD_0010147,,,,BALI,0.75,3000,4000.0,4000.0
ORD_0010149,,,,JAWA TIMUR,13.0,5000,384.61538461538464,384.61538461538464
ORD_0010153,,,,BENGKULU,0.4,2000,5000.0,5000.0
ORD_0010167,,,,BENGKULU,2.0,14600,7300.0,7300.0
ORD_0010169,,,,JAWA TENGAH,5.0,5000,1000.0,1000.0
ORD_0010171,,,,DKI JAKARTA,4.2,3000,714.2857142857142,714.2857142857142
ORD_0010172,,,,SUMATERA SELATAN,0.5,2000,4000.0,4000.0
ORD_0010173,2024-06-01 03:22:00,2024.0,6.0,SUMATERA UTARA,4.0,25000,6250.0,6250.0
ORD_0010174,2024-06-01 06:05:00,2024.0,6.0,JAWA BARAT,1.5,10000,6666.666666666667,6666.666666666667
ORD_0010178,2024-06-01 07:52:00,2024.0,6.0,JAWA BARAT,2.0,7000,3500.0,3500.0
ORD_0010180,2024-06-01 09:31:00,2024.0,6.0,JAWA BARAT,4.5,6000,1333.3333333333333,1333.3333333333333
ORD_0010184,2024-06-01 10:33:00,2024.0,6.0,JAWA TIMUR,5.2,23500,4519.2307692307695,4519.2307692307695
ORD_0010188,2024-06-01 12:39:00,2024.0,6.0,JAWA BARAT,2.5,36000,14400.0,14400.0
ORD_0010189,2024-06-01 13:41:00,2024.0,6.0,JAWA BARAT,1.5,6000,4000.0,4000.0
ORD_0010191,2024-06-01 14:41:00,2024.0,6.0,BANTEN,0.08,3000,37500.0,37500.0
ORD_0010197,2024-06-01 19:11:00,2024.0,6.0,JAWA BARAT,2.0,4000,2000.0,2000.0
ORD_0010199,2024-06-01 19:53:00,2024.0,6.0,JAWA TIMUR,0.2,20000,100000.0,100000.0
ORD_0010205,2024-06-02 13:03:00,2024.0,6.0,KALIMANTAN TENGAH,1.0,19500,19500.0,19500.0
ORD_0010212,2024-06-02 17:35:00,2024.0,6.0,JAWA BARAT,2.0,8000,4000.0,4000.0
ORD_0010214,2024-06-02 18:56:00,2024.0,6.0,DKI JAKARTA,1.0,8000,8000.0,8000.0
ORD_0010215,2024-06-02 18:58:00,2024.0,6.0,JAWA BARAT,1.7,6000,3529.4117647058824,3529.4117647058824
ORD_0010219,2024-06-02 21:38:00,2024.0,6.0,BANTEN,0.5,8000,16000.0,16000.0
ORD_0010220,2024-06-01 23:32:00,2024.0,6.0,DI YOGYAKARTA,0.2,5500,27500.0,27500.0
ORD_0010221,2024-06-02 00:28:00,2024.0,6.0,JAWA BARAT,0.2,4000,20000.0,20000.0
ORD_0010225,2024-06-02 06:54:00,2024.0,6.0,DKI JAKARTA,0.5,8000,16000.0,16000.0
ORD_0010227,2024-06-02 09:11:00,2024.0,6.0,JAWA BARAT,1.4,6000,4285.714285714286,4285.714285714286
ORD_0010229,2024-06-02 10:29:00,2024.0,6.0,SUMATERA BARAT,0.5,26000,52000.0,52000.0
ORD_0010232,2024-06-03 03:23:00,2024.0,6.0,JAWA TENGAH,0.5,12000,24000.0,24000.0
ORD_0010233,2024-06-03 04:27:00,2024.0,6.0,JAWA TIMUR,0.5,14500,29000.0,29000.0
ORD_0010236,2024-06-03 09:01:00,2024.0,6.0,JAWA BARAT,2.0,16000,8000.0,8000.0
ORD_0010238,2024-06-03 11:11:00,2024.0,6.0,JAWA TIMUR,6.6,8000,1212.1212121212122,1212.1212121212122
ORD_0010240,2024-06-03 13:09:00,2024.0,6.0,JAWA BARAT,4.0,48000,12000.0,12000.0
ORD_0010241,2024-06-03 13:28:00,2024.0,6.0,JAWA BARAT,1.2,3500,2916.666666666667,2916.666666666667
ORD_0010242,2024-06-03 13:35:00,2024.0,6.0,KALIMANTAN TIMUR,2.0,28700,14350.0,14350.0
ORD_0010243,2024-06-03 14:38:00,2024.0,6.0,JAWA BARAT,0.5,10000,20000.0,20000.0
ORD_0010244,2024-06-03 15:53:00,2024.0,6.0,BANTEN,4.0,2000,500.0,500.0
ORD_0010247,2024-06-03 17:49:00,2024.0,6.0,DKI JAKARTA,1.4,16000,11428.57142857143,11428.57142857143
ORD_0010249,2024-06-03 18:47:00,2024.0,6.0,BANTEN,0.5,8000,16000.0,16000.0
ORD_0010250,2024-06-03 19:12:00,2024.0,6.0,JAWA BARAT,1.0,8000,8000.0,8000.0
ORD_0010251,2024-06-03 19:29:00,2024.0,6.0,KALIMANTAN TIMUR,1.2,37600,31333.333333333336,31333.333333333336
ORD_0010252,2024-06-03 19:39:00,2024.0,6.0,JAWA BARAT,0.5,9000,18000.0,18000.0
ORD_0010256,2024-06-04 07:46:00,2024.0,6.0,JAWA BARAT,1.2,8000,6666.666666666667,6666.666666666667
ORD_0010257,2024-06-04 09:46:00,2024.0,6.0,BANTEN,0.08,8000,100000.0,100000.0
ORD_0010260,2024-06-04 10:52:00,2024.0,6.0,JAWA TENGAH,0.8,8000,10000.0,10000.0
ORD_0010262,2024-06-04 11:52:00,2024.0,6.0,JAWA BARAT,0.5,8000,16000.0,16000.0
ORD_0010266,2024-06-04 14:28:00,2024.0,6.0,SUMATERA UTARA,0.5,75500,151000.0,151000.0
ORD_0010267,2024-06-04 16:27:00,2024.0,6.0,SUMATERA BARAT,0.6,6000,10000.0,10000.0
ORD_0010273,2024-06-04 21:17:00,2024.0,6.0,JAWA BARAT,0.5,1500,3000.0,3000.0
ORD_0010280,2024-06-05 14:04:00,2024.0,6.0,DKI JAKARTA,6.6,20000,3030.3030303030305,3030.3030303030305
ORD_0010283,2024-06-05 15:00:00,2024.0,6.0,JAWA BARAT,0.5,2000,4000.0,4000.0
ORD_0010284,2024-06-05 16:11:00,2024.0,6.0,JAWA BARAT,5.0,57500,11500.0,11500.0
ORD_0010285,2024-06-05 16:50:00,2024.0,6.0,DKI JAKARTA,0.2,8000,40000.0,40000.0
ORD_0010287,2024-06-05 17:49:00,2024.0,6.0,RIAU,2.4,16500,6875.0,6875.0
ORD_0010291,2024-06-05 19:40:00,2024.0,6.0,BANTEN,0.2,8000,40000.0,40000.0
ORD_0010292,2024-06-05 20:18:00,2024.0,6.0,JAWA TENGAH,0.2,8000,40000.0,40000.0
ORD_0010293,2024-06-05 20:19:00,2024.0,6.0,JAWA BARAT,0.2,15500,77500.0,77500.0
ORD_0010294,2024-06-05 21:55:00,2024.0,6.0,JAWA BARAT,5.0,18000,3600.0,3600.0
ORD_0010295,2024-06-05 22:24:00,2024.0,6.0,DKI JAKARTA,1.8,8000,4444.444444444444,4444.444444444444
ORD_0010300,2024-06-06 00:27:00,2024.0,6.0,DKI JAKARTA,8.0,16000,2000.0,2000.0
ORD_0010314,2024-06-06 05:01:00,2024.0,6.0,BANTEN,1.7,15000,8823.529411764706,8823.529411764706
ORD_0010315,2024-06-06 05:43:00,2024.0,6.0,JAWA BARAT,2.0,13000,6500.0,6500.0
ORD_0010320,2024-06-06 06:56:00,2024.0,6.0,BANTEN,1.7,6000,3529.4117647058824,3529.4117647058824
ORD_0010321,2024-06-06 07:17:00,2024.0,6.0,JAWA TIMUR,0.4,1500,3750.0,3750.0
ORD_0010324,2024-06-06 07:21:00,2024.0,6.0,KALIMANTAN TENGAH,0.2,26300,131500.0,131500.0
ORD_0010330,2024-06-06 09:25:00,2024.0,6.0,JAWA TIMUR,0.2,1000,5000.0,5000.0
ORD_0010340,2024-06-06 11:46:00,2024.0,6.0,GORONTALO,0.5,10400,20800.0,20800.0
ORD_0010343,2024-06-06 12:29:00,2024.0,6.0,RIAU,1.7,2000,1176.470588235294,1176.470588235294
ORD_0010358,2024-06-06 19:33:00,2024.0,6.0,KALIMANTAN BARAT,4.0,19000,4750.0,4750.0
ORD_0010370,2024-06-06 21:25:00,2024.0,6.0,BANTEN,1.0,8000,8000.0,8000.0
ORD_0010378,2024-06-06 22:07:00,2024.0,6.0,BENGKULU,0.3,2000,6666.666666666667,6666.666666666667
ORD_0010383,2024-06-06 23:26:00,2024.0,6.0,JAWA TIMUR,0.2,2000,10000.0,10000.0
ORD_0010387,2024-06-07 06:15:00,2024.0,6.0,JAWA BARAT,1.2,3000,2500.0,2500.0
ORD_0010390,2024-06-07 09:39:00,2024.0,6.0,DKI JAKARTA,0.5,8000,16000.0,16000.0
ORD_0010393,2024-06-07 10:23:00,2024.0,6.0,DKI JAKARTA,0.2,8000,40000.0,40000.0
ORD_0010394,2024-06-07 10:24:00,2024.0,6.0,JAWA BARAT,1.0,8000,8000.0,8000.0
ORD_0010395,2024-06-07 10:45:00,2024.0,6.0,BANTEN,0.08,8000,100000.0,100000.0
ORD_0010397,2024-06-07 11:39:00,2024.0,6.0,BANTEN,18.3,16000,874.3169398907104,874.3169398907104
ORD_0010400,2024-06-07 12:08:00,2024.0,6.0,BANTEN,0.08,13000,162500.0,162500.0
ORD_0010401,2024-06-07 13:38:00,2024.0,6.0,JAWA TIMUR,0.2,18500,92500.0,92500.0
ORD_0010402,2024-06-07 14:14:00,2024.0,6.0,BANTEN,0.4,9500,23750.0,23750.0
ORD_0010403,2024-06-07 17:28:00,2024.0,6.0,BANTEN,0.5,9500,19000.0,19000.0
ORD_0010406,2024-06-07 20:30:00,2024.0,6.0,DKI JAKARTA,2.6,9000,3461.5384615384614,3461.5384615384614
ORD_0010408,2024-06-07 21:49:00,2024.0,6.0,NANGGROE ACEH DARUSSALAM (NAD),1.8,29000,16111.111111111111,16111.111111111111
ORD_0010412,2024-06-08 10:21:00,2024.0,6.0,SULAWESI UTARA,4.0,76000,19000.0,19000.0
ORD_0010413,2024-06-08 11:29:00,2024.0,6.0,JAWA BARAT,1.0,500,500.0,500.0
ORD_0010415,2024-06-08 12:04:00,2024.0,6.0,JAWA TENGAH,0.6,6000,10000.0,10000.0
ORD_0010418,2024-06-08 16:35:00,2024.0,6.0,SULAWESI TENGGARA,1.0,51000,51000.0,51000.0
ORD_0010419,2024-06-08 16:48:00,2024.0,6.0,JAWA TENGAH,0.5,8500,17000.0,17000.0
ORD_0010420,2024-06-08 17:13:00,2024.0,6.0,KALIMANTAN SELATAN,4.0,96000,24000.0,24000.0
ORD_0010421,2024-06-08 17:58:00,2024.0,6.0,JAWA BARAT,0.5,9500,19000.0,19000.0
ORD_0010424,2024-06-08 19:34:00,2024.0,6.0,DKI JAKARTA,3.2,8000,2500.0,2500.0
ORD_0010425,2024-06-08 20:01:00,2024.0,6.0,SULAWESI SELATAN,0.2,32500,162500.0,162500.0
ORD_0010426,2024-06-08 20:29:00,2024.0,6.0,BENGKULU,0.8,34500,43125.0,43125.0
ORD_0010428,2024-06-08 22:43:00,2024.0,6.0,BANTEN,1.16,8000,6896.551724137931,6896.551724137931
ORD_0010432,2024-06-09 07:23:00,2024.0,6.0,DKI JAKARTA,0.5,8000,16000.0,16000.0
ORD_0010433,2024-06-09 10:35:00,2024.0,6.0,BANTEN,1.8,16500,9166.666666666666,9166.666666666666
ORD_0010434,2024-06-09 11:03:00,2024.0,6.0,JAWA BARAT,0.2,8000,40000.0,40000.0
ORD_0010439,2024-06-09 14:34:00,2024.0,6.0,DKI JAKARTA,1.7,20000,11764.705882352942,11764.705882352942
ORD_0010440,2024-06-09 15:15:00,2024.0,6.0,BANTEN,0.5,6000,12000.0,12000.0
ORD_0010442,2024-06-09 18:24:00,2024.0,6.0,BANTEN,4.2,16000,3809.523809523809,3809.523809523809
ORD_0010446,2024-06-09 22:15:00,2024.0,6.0,JAWA TENGAH,2.4,1500,625.0,625.0
ORD_0010447,2024-06-09 23:45:00,2024.0,6.0,JAMBI,0.5,20000,40000.0,40000.0
ORD_0010448,2024-06-10 00:29:00,2024.0,6.0,KALIMANTAN BARAT,0.5,20500,41000.0,41000.0
ORD_0010453,2024-06-10 07:17:00,2024.0,6.0,JAWA TIMUR,1.4,16000,11428.57142857143,11428.57142857143
ORD_0010460,2024-06-10 15:32:00,2024.0,6.0,JAWA BARAT,0.3,4000,13333.333333333334,13333.333333333334
ORD_0010462,2024-06-10 15:52:00,2024.0,6.0,JAWA BARAT,1.2,8000,6666.666666666667,6666.666666666667
ORD_0010466,2024-06-10 17:40:00,2024.0,6.0,BANTEN,0.7,13000,18571.428571428572,18571.428571428572
ORD_0010468,2024-06-10 18:10:00,2024.0,6.0,JAWA BARAT,0.5,2000,4000.0,4000.0
ORD_0010471,2024-06-10 21:54:00,2024.0,6.0,JAWA BARAT,0.5,4000,8000.0,8000.0
ORD_0010473,2024-06-11 00:30:00,2024.0,6.0,SUMATERA SELATAN,0.8,19000,23750.0,23750.0
ORD_0010474,2024-06-11 00:34:00,2024.0,6.0,JAWA TENGAH,1.2,4500,3750.0,3750.0
ORD_0010476,2024-06-11 07:09:00,2024.0,6.0,DKI JAKARTA,1.7,6000,3529.4117647058824,3529.4117647058824
ORD_0010480,2024-06-11 10:16:00,2024.0,6.0,JAWA TENGAH,3.64,23500,6456.043956043955,6456.043956043955
ORD_0010483,2024-06-11 11:42:00,2024.0,6.0,BANTEN,13.5,11000,814.8148148148148,814.8148148148148
ORD_0010484,2024-06-11 12:51:00,2024.0,6.0,BANTEN,20.0,36000,1800.0,1800.0
ORD_0010488,2024-06-11 15:23:00,2024.0,6.0,JAWA BARAT,0.5,1000,2000.0,2000.0
ORD_0010501,2024-06-12 00:31:00,2024.0,6.0,SUMATERA BARAT,2.0,22000,11000.0,11000.0
ORD_0010505,2024-06-12 10:30:00,2024.0,6.0,JAWA TENGAH,1.0,5000,5000.0,5000.0
ORD_0010508,2024-06-12 12:48:00,2024.0,6.0,SUMATERA SELATAN,0.8,7000,8750.0,8750.0
ORD_0010511,2024-06-12 13:29:00,2024.0,6.0,JAWA BARAT,6.0,73000,12166.666666666666,12166.666666666666
ORD_0010512,2024-06-12 13:59:00,2024.0,6.0,DKI JAKARTA,8.0,14000,1750.0,1750.0
ORD_0010516,2024-06-12 16:02:00,2024.0,6.0,JAWA BARAT,1.0,8000,8000.0,8000.0
ORD_0010519,2024-06-12 18:15:00,2024.0,6.0,JAWA TENGAH,0.4,4500,11250.0,11250.0
ORD_0010521,2024-06-12 20:28:00,2024.0,6.0,KALIMANTAN TENGAH,0.5,9500,19000.0,19000.0
ORD_0010522,2024-06-12 22:31:00,2024.0,6.0,SULAWESI SELATAN,1.0,32500,32500.0,32500.0
ORD_0010524,2024-06-13 05:42:00,2024.0,6.0,BANTEN,0.2,8000,40000.0,40000.0
ORD_0010525,2024-06-13 06:46:00,2024.0,6.0,DKI JAKARTA,1.2,8000,6666.666666666667,6666.666666666667
ORD_0010527,2024-06-13 08:28:00,2024.0,6.0,JAWA BARAT,0.5,9000,18000.0,18000.0
ORD_0010528,2024-06-13 08:44:00,2024.0,6.0,DKI JAKARTA,0.08,8000,100000.0,100000.0
ORD_0010530,2024-06-13 10:44:00,2024.0,6.0,JAWA TENGAH,0.25,1000,4000.0,4000.0
ORD_0010531,2024-06-13 11:45:00,2024.0,6.0,BANTEN,0.5,8000,16000.0,16000.0
ORD_0010532,2024-06-13 13:10:00,2024.0,6.0,DKI JAKARTA,0.2,9000,45000.0,45000.0
ORD_0010534,2024-06-13 16:15:00,2024.0,6.0,JAWA TENGAH,1.2,4500,3750.0,3750.0
ORD_0010536,2024-06-13 19:46:00,2024.0,6.0,JAWA BARAT,1.0,1000,1000.0,1000.0
ORD_0010538,2024-06-13 20:25:00,2024.0,6.0,BANTEN,1.5,16000,10666.666666666666,10666.666666666666
ORD_0010540,2024-06-13 21:33:00,2024.0,6.0,BANTEN,4.5,16500,3666.6666666666665,3666.6666666666665
ORD_0010542,2024-06-13 21:37:00,2024.0,6.0,JAWA BARAT,1.0,9000,9000.0,9000.0
ORD_0010546,2024-06-14 06:14:00,2024.0,6.0,JAWA BARAT,0.3,10500,35000.0,35000.0
ORD_0010548,2024-06-14 08:32:00,2024.0,6.0,BANTEN,1.0,3000,3000.0,3000.0
ORD_0010549,2024-06-14 08:38:00,2024.0,6.0,JAWA TENGAH,0.2,7500,37500.0,37500.0
ORD_0010550,2024-06-14 09:12:00,2024.0,6.0,DKI JAKARTA,0.2,8000,40000.0,40000.0
ORD_0010551,2024-06-14 10:15:00,2024.0,6.0,JAWA BARAT,0.5,1500,3000.0,3000.0
ORD_0010552,2024-06-14 11:38:00,2024.0,6.0,JAWA BARAT,0.5,2000,4000.0,4000.0
ORD_0010556,2024-06-14 13:32:00,2024.0,6.0,BANGKA BELITUNG,0.5,27000,54000.0,54000.0
ORD_0010557,2024-06-14 13:35:00,2024.0,6.0,JAWA BARAT,0.2,8000,40000.0,40000.0
ORD_0010558,2024-06-14 15:59:00,2024.0,6.0,JAWA TIMUR,1.0,9000,9000.0,9000.0
ORD_0010564,2024-06-14 21:23:00,2024.0,6.0,JAWA BARAT,0.3,8000,26666.666666666668,26666.666666666668
ORD_0010565,2024-06-14 21:33:00,2024.0,6.0,JAWA BARAT,0.16,11000,68750.0,68750.0
ORD_0010567,2024-06-14 22:46:00,2024.0,6.0,DKI JAKARTA,0.2,8000,40000.0,40000.0
ORD_0010568,2024-06-15 05:58:00,2024.0,6.0,BANTEN,20.0,36000,1800.0,1800.0
ORD_0010569,2024-06-15 08:14:00,2024.0,6.0,JAWA BARAT,0.2,2000,10000.0,10000.0
ORD_0010570,2024-06-15 09:07:00,2024.0,6.0,BANTEN,0.5,8000,16000.0,16000.0
ORD_0010571,2024-06-15 11:15:00,2024.0,6.0,JAWA BARAT,0.4,2500,6250.0,6250.0
ORD_0010573,2024-06-15 11:37:00,2024.0,6.0,JAWA TIMUR,1.2,5500,4583.333333333334,4583.333333333334
ORD_0010574,2024-06-15 12:33:00,2024.0,6.0,JAWA BARAT,0.6,9000,15000.0,15000.0
ORD_0010575,2024-06-15 12:41:00,2024.0,6.0,JAWA BARAT,0.5,11000,22000.0,22000.0
ORD_0010578,2024-06-15 15:43:00,2024.0,6.0,JAWA BARAT,0.08,500,6250.0,6250.0
ORD_0010580,2024-06-15 16:34:00,2024.0,6.0,NUSA TENGGARA BARAT (NTB),0.6,34500,57500.0,57500.0
ORD_0010582,2024-06-15 19:00:00,2024.0,6.0,JAWA BARAT,4.0,30000,7500.0,7500.0
ORD_0010584,2024-06-15 22:19:00,2024.0,6.0,DKI JAKARTA,0.56,8000,14285.714285714284,14285.714285714284
ORD_0010585,2024-06-16 05:59:00,2024.0,6.0,JAWA TENGAH,1.0,22000,22000.0,22000.0
ORD_0010586,2024-06-16 08:08:00,2024.0,6.0,DKI JAKARTA,4.2,16500,3928.571428571429,3928.571428571429
ORD_0010590,2024-06-16 13:13:00,2024.0,6.0,BANTEN,0.08,7500,93750.0,93750.0
ORD_0010591,2024-06-16 13:17:00,2024.0,6.0,JAWA BARAT,0.5,5500,11000.0,11000.0
ORD_0010594,2024-06-16 13:49:00,2024.0,6.0,JAWA BARAT,4.2,48000,11428.571428571428,11428.571428571428
ORD_0010595,2024-06-16 14:08:00,2024.0,6.0,JAWA BARAT,0.5,8500,17000.0,17000.0
ORD_0010596,2024-06-16 14:13:00,2024.0,6.0,JAWA BARAT,0.2,9000,45000.0,45000.0
ORD_0010598,2024-06-16 15:02:00,2024.0,6.0,BANTEN,0.2,8000,40000.0,40000.0
ORD_0010599,2024-06-16 15:07:00,2024.0,6.0,BANTEN,0.16,8000,50000.0,50000.0
ORD_0010604,2024-06-16 21:50:00,2024.0,6.0,JAWA BARAT,0.7,8000,11428.57142857143,11428.57142857143
ORD_0010607,2024-06-16 23:51:00,2024.0,6.0,SULAWESI SELATAN,1.2,21500,17916.666666666668,17916.666666666668
ORD_0010609,2024-06-17 09:01:00,2024.0,6.0,JAWA BARAT,7.5,66000,8800.0,8800.0
ORD_0010610,2024-06-17 09:39:00,2024.0,6.0,DKI JAKARTA,3.0,24000,8000.0,8000.0
ORD_0010612,2024-06-17 11:40:00,2024.0,6.0,BENGKULU,1.2,2000,1666.6666666666667,1666.6666666666667
ORD_0010613,2024-06-17 11:43:00,2024.0,6.0,BANTEN,0.2,3000,15000.0,15000.0
ORD_0010618,2024-06-17 12:28:00,2024.0,6.0,BANTEN,0.2,8000,40000.0,40000.0
ORD_0010619,2024-06-17 14:14:00,2024.0,6.0,LAMPUNG,0.32,29500,92187.5,92187.5
ORD_0010629,2024-06-18 00:16:00,2024.0,6.0,JAWA BARAT,0.16,8000,50000.0,50000.0
ORD_0010630,2024-06-18 06:59:00,2024.0,6.0,DKI JAKARTA,1.7,6000,3529.4117647058824,3529.4117647058824
ORD_0010632,2024-06-18 09:04:00,2024.0,6.0,JAWA BARAT,0.3,6500,21666.666666666668,21666.666666666668
ORD_0010634,2024-06-18 10:59:00,2024.0,6.0,SUMATERA SELATAN,0.2,23500,117500.0,117500.0
ORD_0010635,2024-06-18 11:11:00,2024.0,6.0,BANTEN,4.2,20000,4761.9047619047615,4761.9047619047615
ORD_0010638,2024-06-18 11:24:00,2024.0,6.0,JAWA BARAT,0.5,6500,13000.0,13000.0
ORD_0010640,2024-06-18 11:32:00,2024.0,6.0,JAWA TENGAH,1.0,4500,4500.0,4500.0
ORD_0010644,2024-06-18 13:32:00,2024.0,6.0,JAWA BARAT,0.08,8000,100000.0,100000.0
ORD_0010646,2024-06-18 13:37:00,2024.0,6.0,BANTEN,0.5,17500,35000.0,35000.0
ORD_0010648,2024-06-18 14:09:00,2024.0,6.0,JAWA BARAT,0.5,8000,16000.0,16000.0
ORD_0010649,2024-06-18 14:32:00,2024.0,6.0,JAWA BARAT,0.3,8000,26666.666666666668,26666.666666666668
ORD_0010655,2024-06-18 17:33:00,2024.0,6.0,DKI JAKARTA,1.0,18000,18000.0,18000.0
ORD_0010656,2024-06-18 18:09:00,2024.0,6.0,JAWA BARAT,0.08,2500,31250.0,31250.0
ORD_0010658,2024-06-18 19:21:00,2024.0,6.0,JAWA BARAT,0.5,500,1000.0,1000.0
ORD_0010663,2024-06-19 08:43:00,2024.0,6.0,JAWA BARAT,2.0,13000,6500.0,6500.0
ORD_0010664,2024-06-19 09:37:00,2024.0,6.0,SULAWESI SELATAN,0.7,28500,40714.28571428572,40714.28571428572
ORD_0010667,2024-06-19 11:55:00,2024.0,6.0,BANTEN,0.5,8000,16000.0,16000.0
ORD_0010669,2024-06-19 14:28:00,2024.0,6.0,SULAWESI TENGAH,1.0,54300,54300.0,54300.0
ORD_0010675,2024-06-19 18:52:00,2024.0,6.0,SULAWESI SELATAN,1.2,13200,11000.0,11000.0
ORD_0010677,2024-06-20 06:22:00,2024.0,6.0,DKI JAKARTA,4.4,16000,3636.363636363636,3636.363636363636
ORD_0010678,2024-06-20 06:27:00,2024.0,6.0,JAWA BARAT,0.2,13500,67500.0,67500.0
ORD_0010679,2024-06-20 07:57:00,2024.0,6.0,SUMATERA SELATAN,0.6,7000,11666.666666666668,11666.666666666668
ORD_0010680,2024-06-20 08:35:00,2024.0,6.0,BANTEN,4.0,8000,2000.0,2000.0
ORD_0010681,2024-06-20 09:06:00,2024.0,6.0,BANTEN,0.5,8000,16000.0,16000.0
ORD_0010682,2024-06-20 10:51:00,2024.0,6.0,BANTEN,1.0,8000,8000.0,8000.0
ORD_0010683,2024-06-20 11:00:00,2024.0,6.0,BANTEN,1.12,3000,2678.5714285714284,2678.5714285714284
ORD_0010684,2024-06-20 12:24:00,2024.0,6.0,BANTEN,0.08,3000,37500.0,37500.0
ORD_0010687,2024-06-20 15:57:00,2024.0,6.0,JAWA BARAT,8.0,2501,312.625,312.625
ORD_0010692,2024-06-20 20:47:00,2024.0,6.0,JAWA TENGAH,0.2,16000,80000.0,80000.0
ORD_0010693,2024-06-20 21:22:00,2024.0,6.0,JAWA TENGAH,0.9,23000,25555.555555555555,25555.555555555555
ORD_0010697,2024-06-21 02:31:00,2024.0,6.0,JAWA BARAT,0.15,1500,10000.0,10000.0
ORD_0010699,2024-06-21 06:01:00,2024.0,6.0,JAWA BARAT,0.5,7500,15000.0,15000.0
ORD_0010700,2024-06-21 06:09:00,2024.0,6.0,JAWA BARAT,0.2,9000,45000.0,45000.0
ORD_0010701,2024-06-21 07:18:00,2024.0,6.0,BANTEN,0.5,8000,16000.0,16000.0
ORD_0010704,2024-06-21 09:16:00,2024.0,6.0,JAWA TIMUR,0.07,4500,64285.71428571428,64285.71428571428
ORD_0010705,2024-06-21 09:59:00,2024.0,6.0,JAWA BARAT,0.5,8000,16000.0,16000.0
ORD_0010706,2024-06-21 10:07:00,2024.0,6.0,BANTEN,0.5,8000,16000.0,16000.0
ORD_0010707,2024-06-21 10:44:00,2024.0,6.0,BANTEN,0.5,17500,35000.0,35000.0
ORD_0010711,2024-06-21 13:44:00,2024.0,6.0,BANGKA BELITUNG,0.5,27000,54000.0,54000.0
ORD_0010714,2024-06-21 16:06:00,2024.0,6.0,DKI JAKARTA,0.5,8000,16000.0,16000.0
ORD_0010715,2024-06-21 17:19:00,2024.0,6.0,JAWA BARAT,0.3,6000,20000.0,20000.0
ORD_0010716,2024-06-21 18:58:00,2024.0,6.0,JAWA BARAT,1.0,5000,5000.0,5000.0
ORD_0010718,2024-06-21 20:45:00,2024.0,6.0,BANTEN,7.0,20000,2857.1428571428573,2857.1428571428573
ORD_0010719,2024-06-21 20:56:00,2024.0,6.0,DKI JAKARTA,1.0,17500,17500.0,17500.0
ORD_0010721,2024-06-22 04:59:00,2024.0,6.0,KALIMANTAN BARAT,1.2,9500,7916.666666666667,7916.666666666667
ORD_0010722,2024-06-22 05:56:00,2024.0,6.0,JAWA BARAT,1.2,8000,6666.666666666667,6666.666666666667
ORD_0010725,2024-06-22 09:28:00,2024.0,6.0,BANTEN,0.5,3000,6000.0,6000.0
ORD_0010727,2024-06-22 09:48:00,2024.0,6.0,JAWA BARAT,0.5,4500,9000.0,9000.0
ORD_0010728,2024-06-22 10:24:00,2024.0,6.0,JAWA TENGAH,0.9,6000,6666.666666666666,6666.666666666666
ORD_0010729,2024-06-22 12:23:00,2024.0,6.0,JAWA TENGAH,0.32,6000,18750.0,18750.0
ORD_0010730,2024-06-22 12:58:00,2024.0,6.0,JAWA BARAT,0.5,3000,6000.0,6000.0
ORD_0010733,2024-06-22 14:30:00,2024.0,6.0,JAWA BARAT,0.2,8000,40000.0,40000.0
ORD_0010736,2024-06-22 17:10:00,2024.0,6.0,JAMBI,1.0,20000,20000.0,20000.0
ORD_0010737,2024-06-22 18:23:00,2024.0,6.0,JAWA BARAT,0.25,8000,32000.0,32000.0
ORD_0010739,2024-06-22 20:42:00,2024.0,6.0,JAWA BARAT,4.0,42000,10500.0,10500.0
ORD_0010740,2024-06-22 21:24:00,2024.0,6.0,JAMBI,0.4,10000,25000.0,25000.0
ORD_0010741,2024-06-22 21:42:00,2024.0,6.0,BANTEN,0.4,9500,23750.0,23750.0
ORD_0010743,2024-06-23 07:49:00,2024.0,6.0,JAWA BARAT,0.4,8000,20000.0,20000.0
ORD_0010745,2024-06-23 10:42:00,2024.0,6.0,LAMPUNG,0.6,33200,55333.333333333336,55333.333333333336
ORD_0010747,2024-06-23 12:00:00,2024.0,6.0,DI YOGYAKARTA,0.8,14500,18125.0,18125.0
ORD_0010748,2024-06-23 12:08:00,2024.0,6.0,JAWA TENGAH,0.2,8000,40000.0,40000.0
ORD_0010753,2024-06-23 14:28:00,2024.0,6.0,LAMPUNG,2.0,16000,8000.0,8000.0
ORD_0010754,2024-06-23 16:07:00,2024.0,6.0,SUMATERA SELATAN,0.6,23500,39166.66666666667,39166.66666666667
ORD_0010755,2024-06-23 18:36:00,2024.0,6.0,JAWA BARAT,0.5,8000,16000.0,16000.0
ORD_0010757,2024-06-23 20:16:00,2024.0,6.0,LAMPUNG,0.4,45000,112500.0,112500.0
ORD_0010758,2024-06-23 20:46:00,2024.0,6.0,BANTEN,2.5,8500,3400.0,3400.0
ORD_0010761,2024-06-23 23:27:00,2024.0,6.0,SUMATERA UTARA,0.2,4500,22500.0,22500.0
ORD_0010762,2024-06-24 08:42:00,2024.0,6.0,BANTEN,0.5,8000,16000.0,16000.0
ORD_0010764,2024-06-24 11:27:00,2024.0,6.0,DKI JAKARTA,0.5,8000,16000.0,16000.0
ORD_0010765,2024-06-24 12:37:00,2024.0,6.0,JAWA BARAT,0.4,4500,11250.0,11250.0
ORD_0010767,2024-06-24 13:34:00,2024.0,6.0,BANTEN,0.6,8000,13333.333333333334,13333.333333333334
ORD_0010768,2024-06-24 16:43:00,2024.0,6.0,JAWA BARAT,34.32,9201,268.0944055944056,268.0944055944056
ORD_0010770,2024-06-24 18:44:00,2024.0,6.0,JAWA BARAT,23.7,20000,843.8818565400844,843.8818565400844
ORD_0010771,2024-06-24 18:54:00,2024.0,6.0,JAWA BARAT,0.3,10000,33333.333333333336,33333.333333333336
ORD_0010772,2024-06-25 14:59:00,2024.0,6.0,JAWA BARAT,0.08,1500,18750.0,18750.0
ORD_0010789,2024-06-25 07:14:00,2024.0,6.0,JAWA BARAT,0.08,500,6250.0,6250.0
ORD_0010804,2024-06-25 10:24:00,2024.0,6.0,SUMATERA UTARA,1.7,28400,16705.88235294118,16705.88235294118
ORD_0010814,2024-06-26 05:43:00,2024.0,6.0,JAWA BARAT,12.0,76000,6333.333333333333,6333.333333333333
ORD_0010817,2024-06-26 08:08:00,2024.0,6.0,JAWA TIMUR,0.3,20000,66666.66666666667,66666.66666666667
ORD_0010821,2024-06-26 10:30:00,2024.0,6.0,BANTEN,2.0,8000,4000.0,4000.0
ORD_0010824,2024-06-26 17:45:00,2024.0,6.0,DKI JAKARTA,0.25,8000,32000.0,32000.0
ORD_0010825,2024-06-26 18:58:00,2024.0,6.0,JAWA TIMUR,0.2,6000,30000.0,30000.0
ORD_0010826,2024-06-26 21:18:00,2024.0,6.0,BANTEN,4.0,28500,7125.0,7125.0
ORD_0010827,2024-06-26 21:52:00,2024.0,6.0,DKI JAKARTA,0.64,8000,12500.0,12500.0
ORD_0010828,2024-06-26 22:16:00,2024.0,6.0,BANTEN,8.0,84000,10500.0,10500.0
ORD_0010829,2024-06-26 22:29:00,2024.0,6.0,JAWA TENGAH,0.32,4500,14062.5,14062.5
ORD_0010830,2024-06-26 22:41:00,2024.0,6.0,BANTEN,0.4,8000,20000.0,20000.0
ORD_0010831,2024-06-27 01:48:00,2024.0,6.0,JAWA TENGAH,4.0,78000,19500.0,19500.0
ORD_0010832,2024-06-27 08:57:00,2024.0,6.0,JAWA BARAT,0.3,17500,58333.333333333336,58333.333333333336
ORD_0010833,2024-06-27 10:09:00,2024.0,6.0,SUMATERA UTARA,1.0,34300,34300.0,34300.0
ORD_0010834,2024-06-27 12:56:00,2024.0,6.0,RIAU,4.4,1,0.2272727272727272,0.2272727272727272
ORD_0010835,2024-06-27 14:02:00,2024.0,6.0,JAWA BARAT,1.0,8000,8000.0,8000.0
ORD_0010836,2024-06-27 15:54:00,2024.0,6.0,JAWA BARAT,0.6,15500,25833.333333333336,25833.333333333336
ORD_0010837,2024-06-27 23:37:00,2024.0,6.0,BANTEN,1.7,15000,8823.529411764706,8823.529411764706
ORD_0010838,2024-06-28 07:23:00,2024.0,6.0,JAWA TIMUR,10.0,26500,2650.0,2650.0
ORD_0010839,2024-06-28 08:59:00,2024.0,6.0,JAMBI,0.16,7500,46875.0,46875.0
ORD_0010840,2024-06-28 13:59:00,2024.0,6.0,BALI,1.0,23000,23000.0,23000.0
ORD_0010843,2024-06-28 17:10:00,2024.0,6.0,JAWA BARAT,0.5,11000,22000.0,22000.0
ORD_0010844,2024-06-28 17:54:00,2024.0,6.0,BANTEN,0.6,8000,13333.333333333334,13333.333333333334
ORD_0010846,2024-06-28 19:56:00,2024.0,6.0,LAMPUNG,0.4,35000,87500.0,87500.0
ORD_0010847,2024-06-28 21:10:00,2024.0,6.0,JAWA BARAT,1.2,10500,8750.0,8750.0
ORD_0010848,2024-06-28 21:14:00,2024.0,6.0,DKI JAKARTA,1.0,8000,8000.0,8000.0
ORD_0010849,2024-06-28 22:12:00,2024.0,6.0,LAMPUNG,1.0,4500,4500.0,4500.0
ORD_0010850,2024-06-28 23:25:00,2024.0,6.0,DKI JAKARTA,4.8,16500,3437.5,3437.5
ORD_0010851,2024-06-29 07:10:00,2024.0,6.0,BALI,0.4,23000,57500.0,57500.0
ORD_0010852,2024-06-29 09:16:00,2024.0,6.0,DKI JAKARTA,0.25,8000,32000.0,32000.0
ORD_0010853,2024-06-29 09:47:00,2024.0,6.0,BANTEN,0.9,17500,19444.444444444445,19444.444444444445
ORD_0010856,2024-06-29 13:23:00,2024.0,6.0,JAWA BARAT,6.8,16000,2352.9411764705883,2352.9411764705883
ORD_0010857,2024-06-29 14:02:00,2024.0,6.0,DKI JAKARTA,0.5,8000,16000.0,16000.0
ORD_0010860,2024-06-29 16:17:00,2024.0,6.0,DKI JAKARTA,0.16,8000,50000.0,50000.0
ORD_0010861,2024-06-29 16:50:00,2024.0,6.0,KALIMANTAN BARAT,4.0,37000,9250.0,9250.0
ORD_0010862,2024-06-30 13:08:00,2024.0,6.0,JAWA BARAT,0.3,8000,26666.666666666668,26666.666666666668
ORD_0010863,2024-06-30 14:58:00,2024.0,6.0,JAWA BARAT,1.0,8000,8000.0,8000.0
ORD_0010864,2024-06-30 17:03:00,2024.0,6.0,JAWA BARAT,1.0,11500,11500.0,11500.0
ORD_0010866,2024-06-30 19:20:00,2024.0,6.0,JAWA BARAT,4.0,48000,12000.0,12000.0
ORD_0010867,2024-06-30 20:26:00,2024.0,6.0,JAWA BARAT,0.5,11000,22000.0,22000.0
ORD_0010868,2024-06-30 21:21:00,2024.0,6.0,JAWA BARAT,0.4,8000,20000.0,20000.0
ORD_0010869,2024-06-30 23:36:00,2024.0,6.0,LAMPUNG,1.04,4400,4230.7692307692305,4230.7692307692305
ORD_0010872,2025-06-01 07:10:00,2025.0,6.0,JAWA BARAT,4.2,12000,2857.142857142857,2857.142857142857
ORD_0010878,2025-06-01 10:08:00,2025.0,6.0,DI YOGYAKARTA,14.02,2000,142.65335235378032,142.65335235378032
ORD_0010880,2025-06-01 15:06:00,2025.0,6.0,SUMATERA BARAT,1.4,1400,1000.0,1000.0
ORD_0010883,2025-06-01 17:52:00,2025.0,6.0,JAWA TENGAH,4.0,8000,2000.0,2000.0
ORD_0010887,2025-06-02 00:07:00,2025.0,6.0,DKI JAKARTA,0.4,8000,20000.0,20000.0
ORD_0010891,2025-06-02 08:48:00,2025.0,6.0,BALI,4.0,32000,8000.0,8000.0
ORD_0010893,2025-06-02 09:19:00,2025.0,6.0,BANGKA BELITUNG,0.5,14000,28000.0,28000.0
ORD_0010894,2025-06-02 11:05:00,2025.0,6.0,KALIMANTAN SELATAN,0.4,15100,37750.0,37750.0
ORD_0010898,2025-06-02 12:38:00,2025.0,6.0,JAWA BARAT,0.4,9500,23750.0,23750.0
ORD_0010912,2025-06-03 01:36:00,2025.0,6.0,KALIMANTAN TIMUR,0.5,9500,19000.0,19000.0
ORD_0010921,2025-06-03 12:29:00,2025.0,6.0,KALIMANTAN SELATAN,0.8,5000,6250.0,6250.0
ORD_0010925,2025-06-03 16:18:00,2025.0,6.0,SULAWESI SELATAN,1.7,24400,14352.94117647059,14352.94117647059
ORD_0010926,2025-06-03 16:19:00,2025.0,6.0,SULAWESI SELATAN,1.0,3500,3500.0,3500.0
ORD_0010927,2025-06-03 17:22:00,2025.0,6.0,DKI JAKARTA,7.0,5000,714.2857142857143,714.2857142857143
ORD_0010938,2025-06-04 02:07:00,2025.0,6.0,KALIMANTAN SELATAN,1.6,1000,625.0,625.0
ORD_0010963,2025-06-05 00:13:00,2025.0,6.0,JAWA TENGAH,5.0,10000,2000.0,2000.0
ORD_0010967,2025-06-05 09:37:00,2025.0,6.0,KALIMANTAN BARAT,0.1,1500,15000.0,15000.0
ORD_0010969,2025-06-05 11:24:00,2025.0,6.0,JAWA TENGAH,2.0,14000,7000.0,7000.0
ORD_0010971,2025-06-05 13:38:00,2025.0,6.0,BANTEN,6.0,28500,4750.0,4750.0
ORD_0010993,2025-06-06 10:15:00,2025.0,6.0,NANGGROE ACEH DARUSSALAM (NAD),0.6,400,666.6666666666667,666.6666666666667
ORD_0010998,2025-06-06 14:33:00,2025.0,6.0,KALIMANTAN BARAT,3.8,1000,263.15789473684214,263.15789473684214
ORD_0011006,2025-06-06 20:05:00,2025.0,6.0,KALIMANTAN SELATAN,0.5,11500,23000.0,23000.0
ORD_0011007,2025-06-06 21:02:00,2025.0,6.0,BANTEN,11.8,17500,1483.050847457627,1483.050847457627
ORD_0011008,2025-06-06 22:17:00,2025.0,6.0,SUMATERA SELATAN,1.4,27000,19285.714285714286,19285.714285714286
ORD_0011012,2025-06-07 21:00:00,2025.0,6.0,RIAU,0.1,26200,262000.0,170093.75000000035
ORD_0011014,2025-06-07 22:48:00,2025.0,6.0,JAWA TENGAH,4.0,24000,6000.0,6000.0
ORD_0011017,2025-06-07 06:03:00,2025.0,6.0,KALIMANTAN BARAT,2.58,3200,1240.3100775193798,1240.3100775193798
ORD_0011021,2025-06-07 10:57:00,2025.0,6.0,JAWA BARAT,6.0,5000,833.3333333333334,833.3333333333334
ORD_0011023,2025-06-07 11:27:00,2025.0,6.0,BANTEN,9.7,7956,820.2061855670104,820.2061855670104
ORD_0011028,2025-06-07 15:09:00,2025.0,6.0,NANGGROE ACEH DARUSSALAM (NAD),0.5,11000,22000.0,22000.0
ORD_0011033,2025-06-07 17:57:00,2025.0,6.0,JAWA BARAT,4.0,4000,1000.0,1000.0
ORD_0011034,2025-06-07 18:04:00,2025.0,6.0,NUSA TENGGARA BARAT (NTB),0.4,4500,11250.0,11250.0
ORD_0011045,2025-06-08 10:25:00,2025.0,6.0,SULAWESI SELATAN,1.0,17400,17400.0,17400.0
ORD_0011067,2025-06-09 11:14:00,2025.0,6.0,LAMPUNG,0.5,12300,24600.0,24600.0
ORD_0011070,2025-06-09 15:05:00,2025.0,6.0,JAWA BARAT,3.4,4000,1176.470588235294,1176.470588235294
ORD_0011093,2025-06-10 18:55:00,2025.0,6.0,JAWA BARAT,0.08,1500,18750.0,18750.0
ORD_0011100,2025-06-11 10:52:00,2025.0,6.0,JAWA TENGAH,6.0,8300,1383.3333333333333,1383.3333333333333
ORD_0011112,2025-06-12 12:20:00,2025.0,6.0,SULAWESI SELATAN,1.2,12200,10166.666666666668,10166.666666666668
ORD_0011120,2025-06-12 14:59:00,2025.0,6.0,JAWA BARAT,5.1,2001,392.3529411764706,392.3529411764706
ORD_0011122,2025-06-12 15:57:00,2025.0,6.0,JAWA BARAT,0.2,8000,40000.0,40000.0
ORD_0011130,2025-06-13 09:52:00,2025.0,6.0,JAWA BARAT,0.08,2500,31250.0,31250.0
ORD_0011131,2025-06-13 11:04:00,2025.0,6.0,JAWA TIMUR,1.4,12000,8571.428571428572,8571.428571428572
ORD_0011134,2025-06-13 18:18:00,2025.0,6.0,DKI JAKARTA,2.1,2980,1419.047619047619,1419.047619047619
ORD_0011137,2025-06-13 20:53:00,2025.0,6.0,DKI JAKARTA,0.08,8000,100000.0,100000.0
ORD_0011144,2025-06-14 06:40:00,2025.0,6.0,BANTEN,3.4,4000,1176.470588235294,1176.470588235294
ORD_0011151,2025-06-14 14:02:00,2025.0,6.0,SUMATERA SELATAN,1.5,8600,5733.333333333333,5733.333333333333
ORD_0011152,2025-06-14 14:03:00,2025.0,6.0,SUMATERA SELATAN,1.5,8600,5733.333333333333,5733.333333333333
ORD_0011153,2025-06-14 14:08:00,2025.0,6.0,SUMATERA SELATAN,1.5,8600,5733.333333333333,5733.333333333333
ORD_0011185,2025-06-15 23:04:00,2025.0,6.0,BANTEN,1.8,6500,3611.111111111111,3611.111111111111
ORD_0011211,2025-06-17 09:22:00,2025.0,6.0,SUMATERA BARAT,0.1,8700,87000.0,87000.0
ORD_0011214,2025-06-17 11:15:00,2025.0,6.0,JAWA BARAT,8.0,22000,2750.0,2750.0
ORD_0011218,2025-06-17 14:39:00,2025.0,6.0,SUMATERA SELATAN,0.1,17000,170000.0,170000.0
ORD_0011220,2025-06-17 14:51:00,2025.0,6.0,BANTEN,33.0,30958,938.121212121212,938.121212121212
ORD_0011224,2025-06-17 16:09:00,2025.0,6.0,JAMBI,0.7,6200,8857.142857142857,8857.142857142857
ORD_0011234,2025-06-17 19:58:00,2025.0,6.0,JAWA BARAT,0.2,2500,12500.0,12500.0
ORD_0011238,2025-06-18 02:42:00,2025.0,6.0,BANTEN,0.22,17500,79545.45454545454,79545.45454545454
ORD_0011240,2025-06-18 07:40:00,2025.0,6.0,JAWA BARAT,5.3,2000,377.35849056603774,377.35849056603774
ORD_0011247,2025-06-18 13:16:00,2025.0,6.0,LAMPUNG,0.1,2600,26000.0,26000.0
ORD_0011264,2025-06-18 22:49:00,2025.0,6.0,SUMATERA SELATAN,0.2,13600,68000.0,68000.0
ORD_0011265,2025-06-19 09:44:00,2025.0,6.0,BANTEN,4.0,8000,2000.0,2000.0
ORD_0011268,2025-06-19 13:53:00,2025.0,6.0,SULAWESI SELATAN,3.2,36600,11437.5,11437.5
ORD_0011276,2025-06-19 21:15:00,2025.0,6.0,BANTEN,10.0,54000,5400.0,5400.0
ORD_0011283,2025-06-20 14:43:00,2025.0,6.0,SUMATERA SELATAN,0.1,7000,70000.0,70000.0
ORD_0011299,2025-06-21 18:56:00,2025.0,6.0,MALUKU UTARA,5.1,16000,3137.2549019607845,3137.2549019607845
ORD_0011301,2025-06-21 20:26:00,2025.0,6.0,SUMATERA SELATAN,1.5,4000,2666.6666666666665,2666.6666666666665
ORD_0011319,2025-06-23 10:08:00,2025.0,6.0,JAWA BARAT,150.0,17000,113.33333333333331,113.33333333333331
ORD_0011327,2025-06-23 17:53:00,2025.0,6.0,JAWA BARAT,0.2,3500,17500.0,17500.0
ORD_0011328,2025-06-23 17:55:00,2025.0,6.0,JAWA BARAT,5.1,7000,1372.549019607843,1372.549019607843
ORD_0011336,2025-06-24 08:44:00,2025.0,6.0,BANTEN,4.2,3000,714.2857142857142,714.2857142857142
ORD_0011344,2025-06-24 12:52:00,2025.0,6.0,JAWA BARAT,0.76,1000,1315.7894736842104,1315.7894736842104
ORD_0011354,2025-06-24 19:37:00,2025.0,6.0,BANTEN,7.0,48000,6857.142857142857,6857.142857142857
ORD_0011360,2025-06-25 01:37:00,2025.0,6.0,JAWA BARAT,0.08,2000,25000.0,25000.0
ORD_0011365,2025-06-25 09:33:00,2025.0,6.0,SULAWESI BARAT,6.8,25000,3676.470588235294,3676.470588235294
ORD_0011366,2025-06-25 09:48:00,2025.0,6.0,DI YOGYAKARTA,5.0,21000,4200.0,4200.0
ORD_0011392,2025-06-26 05:37:00,2025.0,6.0,JAWA TIMUR,5.3,2000,377.35849056603774,377.35849056603774
ORD_0011400,2025-06-26 16:34:00,2025.0,6.0,SULAWESI SELATAN,1.2,11000,9166.666666666668,9166.666666666668
ORD_0011409,2025-06-27 04:45:00,2025.0,6.0,SULAWESI SELATAN,1.0,2400,2400.0,2400.0
ORD_0011412,2025-06-27 07:23:00,2025.0,6.0,BANTEN,4.2,9500,2261.904761904762,2261.904761904762
ORD_0011422,2025-06-27 21:26:00,2025.0,6.0,BANTEN,5.0,16500,3300.0,3300.0
ORD_0011424,2025-06-28 01:52:00,2025.0,6.0,DKI JAKARTA,0.05,2980,59600.0,59600.0
ORD_0011429,2025-06-28 11:47:00,2025.0,6.0,JAWA TENGAH,0.4,1000,2500.0,2500.0
ORD_0011433,2025-06-28 14:54:00,2025.0,6.0,MALUKU,0.2,16500,82500.0,82500.0
ORD_0011434,2025-06-28 16:32:00,2025.0,6.0,GORONTALO,3.2,12400,3875.0,3875.0
ORD_0011440,2025-06-28 20:53:00,2025.0,6.0,SUMATERA SELATAN,0.15,2000,13333.333333333334,13333.333333333334
ORD_0011441,2025-06-28 23:44:00,2025.0,6.0,NUSA TENGGARA BARAT (NTB),0.6,6500,10833.333333333334,10833.333333333334
ORD_0011468,2025-06-30 09:45:00,2025.0,6.0,LAMPUNG,0.16,1000,6250.0,6250.0
ORD_0011477,2025-06-30 18:29:00,2025.0,6.0,JAWA BARAT,0.1,3500,35000.0,35000.0
ORD_0011485,2024-03-01 21:08:00,2024.0,3.0,JAWA BARAT,0.2,2000,10000.0,10000.0
ORD_0011489,2024-03-01 22:43:00,2024.0,3.0,JAWA BARAT,0.5,8000,16000.0,16000.0
ORD_0011490,2024-03-01 22:52:00,2024.0,3.0,BANTEN,0.5,8000,16000.0,16000.0
ORD_0011492,2024-03-01 05:37:00,2024.0,3.0,JAWA BARAT,0.5,10000,20000.0,20000.0
ORD_0011493,2024-03-01 07:06:00,2024.0,3.0,DKI JAKARTA,2.2,10000,4545.454545454545,4545.454545454545
ORD_0011494,2024-03-01 08:24:00,2024.0,3.0,JAWA BARAT,0.6,13500,22500.0,22500.0
ORD_0011495,2024-03-01 15:16:00,2024.0,3.0,JAWA BARAT,0.2,8000,40000.0,40000.0
ORD_0011497,2024-03-01 19:29:00,2024.0,3.0,JAWA BARAT,0.5,9000,18000.0,18000.0
ORD_0011499,2024-03-02 08:21:00,2024.0,3.0,JAWA BARAT,0.3,8000,26666.666666666668,26666.666666666668
ORD_0011501,2024-03-02 13:41:00,2024.0,3.0,DKI JAKARTA,0.5,8000,16000.0,16000.0
ORD_0011502,2024-03-02 19:40:00,2024.0,3.0,JAMBI,0.8,33800,42250.0,42250.0
ORD_0011506,2024-03-03 04:50:00,2024.0,3.0,SUMATERA SELATAN,1.7,29800,17529.41176470588,17529.41176470588
ORD_0011508,2024-03-03 05:34:00,2024.0,3.0,SUMATERA SELATAN,60.2,28801,478.42192691029896,478.42192691029896
ORD_0011512,2024-03-03 07:28:00,2024.0,3.0,JAWA BARAT,1.0,8000,8000.0,8000.0
ORD_0011516,2024-03-03 09:09:00,2024.0,3.0,RIAU,0.05,18300,366000.0,170093.75000000035
ORD_0011528,2024-03-03 14:03:00,2024.0,3.0,JAWA BARAT,0.5,4000,8000.0,8000.0
ORD_0011536,2024-03-03 16:06:00,2024.0,3.0,DKI JAKARTA,4.5,17500,3888.8888888888887,3888.8888888888887
ORD_0011537,2024-03-03 17:12:00,2024.0,3.0,SUMATERA UTARA,1.7,6000,3529.4117647058824,3529.4117647058824
ORD_0011540,2024-03-03 18:46:00,2024.0,3.0,BANTEN,36.75,2000,54.42176870748299,54.42176870748299
ORD_0011558,2024-03-03 23:56:00,2024.0,3.0,SUMATERA BARAT,0.5,1000,2000.0,2000.0
ORD_0011560,2024-03-04 09:21:00,2024.0,3.0,SULAWESI BARAT,3.6,34500,9583.333333333334,9583.333333333334
ORD_0011566,2024-03-04 16:25:00,2024.0,3.0,DKI JAKARTA,0.5,8000,16000.0,16000.0
ORD_0011567,2024-03-04 16:42:00,2024.0,3.0,JAWA TENGAH,0.3,2000,6666.666666666667,6666.666666666667
ORD_0011568,2024-03-04 18:30:00,2024.0,3.0,JAWA TENGAH,0.5,6500,13000.0,13000.0
ORD_0011569,2024-03-04 18:48:00,2024.0,3.0,SUMATERA BARAT,1.0,30100,30100.0,30100.0
ORD_0011572,2024-03-04 20:59:00,2024.0,3.0,BENGKULU,1.2,12000,10000.0,10000.0
ORD_0011573,2024-03-04 21:12:00,2024.0,3.0,JAWA BARAT,0.5,5500,11000.0,11000.0
ORD_0011576,2024-03-05 08:08:00,2024.0,3.0,BANTEN,0.25,8000,32000.0,32000.0
ORD_0011579,2024-03-05 11:16:00,2024.0,3.0,BANTEN,0.15,17500,116666.66666666669,116666.66666666669
ORD_0011580,2024-03-05 11:21:00,2024.0,3.0,JAWA TIMUR,1.5,16000,10666.666666666666,10666.666666666666
ORD_0011581,2024-03-05 15:58:00,2024.0,3.0,JAWA BARAT,0.5,11500,23000.0,23000.0
ORD_0011582,2024-03-05 16:04:00,2024.0,3.0,JAMBI,2.0,50200,25100.0,25100.0
ORD_0011583,2024-03-05 16:50:00,2024.0,3.0,JAWA BARAT,1.2,8000,6666.666666666667,6666.666666666667
ORD_0011584,2024-03-05 17:40:00,2024.0,3.0,DKI JAKARTA,1.16,36500,31465.51724137931,31465.51724137931
ORD_0011585,2024-03-05 18:58:00,2024.0,3.0,JAWA BARAT,2.1,11000,5238.095238095238,5238.095238095238
ORD_0011586,2024-03-05 21:21:00,2024.0,3.0,JAWA BARAT,1.8,10000,5555.555555555556,5555.555555555556
ORD_0011589,2024-03-06 08:22:00,2024.0,3.0,JAWA BARAT,0.5,10000,20000.0,20000.0
ORD_0011590,2024-03-06 10:18:00,2024.0,3.0,BANTEN,15.0,20000,1333.3333333333333,1333.3333333333333
ORD_0011592,2024-03-06 11:00:00,2024.0,3.0,JAWA BARAT,4.0,48000,12000.0,12000.0
ORD_0011593,2024-03-06 11:29:00,2024.0,3.0,SUMATERA BARAT,12.0,50001,4166.75,4166.75
ORD_0011594,2024-03-06 14:16:00,2024.0,3.0,JAWA BARAT,0.5,8000,16000.0,16000.0
ORD_0011595,2024-03-06 14:49:00,2024.0,3.0,DKI JAKARTA,0.5,8000,16000.0,16000.0
ORD_0011596,2024-03-06 16:26:00,2024.0,3.0,RIAU,0.4,12500,31250.0,31250.0
ORD_0011597,2024-03-06 16:42:00,2024.0,3.0,JAWA BARAT,0.5,8000,16000.0,16000.0
ORD_0011598,2024-03-06 17:21:00,2024.0,3.0,JAWA BARAT,0.6,8000,13333.333333333334,13333.333333333334
ORD_0011599,2024-03-06 19:38:00,2024.0,3.0,JAMBI,0.4,4700,11750.0,11750.0
ORD_0011600,2024-03-06 20:55:00,2024.0,3.0,JAWA TENGAH,0.8,17000,21250.0,21250.0
ORD_0011601,2024-03-07 07:47:00,2024.0,3.0,DKI JAKARTA,1.0,42500,42500.0,42500.0
ORD_0011602,2024-03-07 11:13:00,2024.0,3.0,DKI JAKARTA,0.5,17500,35000.0,35000.0
ORD_0011604,2024-03-07 14:58:00,2024.0,3.0,JAWA BARAT,0.4,8000,20000.0,20000.0
ORD_0011605,2024-03-07 17:06:00,2024.0,3.0,JAWA BARAT,0.5,8000,16000.0,16000.0
ORD_0011608,2024-03-07 20:07:00,2024.0,3.0,JAWA BARAT,1.0,8000,8000.0,8000.0
ORD_0011609,2024-03-07 22:06:00,2024.0,3.0,JAWA BARAT,0.5,8000,16000.0,16000.0
ORD_0011610,2024-03-07 22:51:00,2024.0,3.0,BANTEN,24.0,20000,833.3333333333334,833.3333333333334
ORD_0011611,2024-03-08 04:24:00,2024.0,3.0,JAWA BARAT,0.5,11500,23000.0,23000.0
ORD_0011612,2024-03-08 08:24:00,2024.0,3.0,BANTEN,0.5,8000,16000.0,16000.0
ORD_0011613,2024-03-08 09:10:00,2024.0,3.0,BANTEN,0.5,8000,16000.0,16000.0
ORD_0011614,2024-03-08 09:22:00,2024.0,3.0,JAWA TIMUR,0.7,7500,10714.285714285716,10714.285714285716
ORD_0011616,2024-03-08 12:05:00,2024.0,3.0,SUMATERA BARAT,4.8,35600,7416.666666666667,7416.666666666667
ORD_0011618,2024-03-08 14:10:00,2024.0,3.0,JAWA BARAT,0.5,8000,16000.0,16000.0
ORD_0011619,2024-03-08 14:31:00,2024.0,3.0,DKI JAKARTA,2.4,4000,1666.6666666666667,1666.6666666666667
ORD_0011620,2024-03-08 16:20:00,2024.0,3.0,JAWA BARAT,0.4,500,1250.0,1250.0
ORD_0011621,2024-03-08 16:34:00,2024.0,3.0,BANTEN,1.0,8000,8000.0,8000.0
ORD_0011622,2024-03-08 17:27:00,2024.0,3.0,JAWA BARAT,0.5,10500,21000.0,21000.0
ORD_0011623,2024-03-08 19:53:00,2024.0,3.0,JAWA BARAT,1.2,14000,11666.666666666668,11666.666666666668
ORD_0011625,2024-03-08 21:26:00,2024.0,3.0,KALIMANTAN BARAT,1.7,63600,37411.76470588236,37411.76470588236
ORD_0011626,2024-03-09 01:17:00,2024.0,3.0,JAWA BARAT,0.4,8000,20000.0,20000.0
ORD_0011627,2024-03-09 09:53:00,2024.0,3.0,BANTEN,4.5,17500,3888.8888888888887,3888.8888888888887
ORD_0011628,2024-03-09 10:50:00,2024.0,3.0,JAWA BARAT,0.5,9000,18000.0,18000.0
ORD_0011629,2024-03-09 11:37:00,2024.0,3.0,NUSA TENGGARA BARAT (NTB),0.4,35500,88750.0,88750.0
ORD_0011632,2024-03-09 14:23:00,2024.0,3.0,JAWA TENGAH,0.2,6000,30000.0,30000.0
ORD_0011633,2024-03-09 14:59:00,2024.0,3.0,JAWA BARAT,0.6,9000,15000.0,15000.0
ORD_0011634,2024-03-09 16:11:00,2024.0,3.0,DKI JAKARTA,0.5,8000,16000.0,16000.0
ORD_0011635,2024-03-09 16:27:00,2024.0,3.0,JAWA BARAT,0.4,8000,20000.0,20000.0
ORD_0011636,2024-03-09 19:35:00,2024.0,3.0,JAWA BARAT,0.9,8000,8888.888888888889,8888.888888888889
ORD_0011637,2024-03-09 23:05:00,2024.0,3.0,DKI JAKARTA,0.5,8000,16000.0,16000.0
ORD_0011639,2024-03-10 16:21:00,2024.0,3.0,BANTEN,6.0,6000,1000.0,1000.0
ORD_0011640,2024-03-10 16:23:00,2024.0,3.0,BANTEN,0.5,8000,16000.0,16000.0
ORD_0011641,2024-03-10 16:28:00,2024.0,3.0,RIAU,1.8,22000,12222.222222222224,12222.222222222224
ORD_0011643,2024-03-10 18:16:00,2024.0,3.0,DKI JAKARTA,1.0,8000,8000.0,8000.0
ORD_0011645,2024-03-10 19:43:00,2024.0,3.0,DKI JAKARTA,0.5,8000,16000.0,16000.0
ORD_0011646,2024-03-10 20:55:00,2024.0,3.0,JAWA BARAT,0.2,10000,50000.0,50000.0
ORD_0011647,2024-03-10 22:11:00,2024.0,3.0,DI YOGYAKARTA,27.6,31600,1144.927536231884,1144.927536231884
ORD_0011649,2024-03-11 07:31:00,2024.0,3.0,JAWA BARAT,0.2,8000,40000.0,40000.0
ORD_0011650,2024-03-11 09:43:00,2024.0,3.0,DKI JAKARTA,0.5,10000,20000.0,20000.0
ORD_0011651,2024-03-11 10:03:00,2024.0,3.0,JAWA BARAT,1.7,20000,11764.705882352942,11764.705882352942
ORD_0011652,2024-03-11 10:50:00,2024.0,3.0,JAWA TENGAH,9.6,21500,2239.5833333333335,2239.5833333333335
ORD_0011653,2024-03-11 11:31:00,2024.0,3.0,DKI JAKARTA,2.4,4000,1666.6666666666667,1666.6666666666667
ORD_0011654,2024-03-11 12:02:00,2024.0,3.0,BANTEN,5.1,16000,3137.2549019607845,3137.2549019607845
ORD_0011657,2024-03-11 13:35:00,2024.0,3.0,JAWA TENGAH,0.8,16500,20625.0,20625.0
ORD_0011658,2024-03-11 14:07:00,2024.0,3.0,SUMATERA UTARA,0.2,22000,110000.0,110000.0
ORD_0011659,2024-03-11 14:40:00,2024.0,3.0,JAWA BARAT,1.5,16000,10666.666666666666,10666.666666666666
ORD_0011660,2024-03-11 15:32:00,2024.0,3.0,BANTEN,8.0,50000,6250.0,6250.0
ORD_0011662,2024-03-11 15:57:00,2024.0,3.0,BANTEN,0.8,17500,21875.0,21875.0
ORD_0011663,2024-03-11 18:38:00,2024.0,3.0,KALIMANTAN TIMUR,1.4,29000,20714.285714285717,20714.285714285717
ORD_0011666,2024-03-11 20:27:00,2024.0,3.0,DKI JAKARTA,0.4,8000,20000.0,20000.0
ORD_0011667,2024-03-11 21:52:00,2024.0,3.0,JAWA BARAT,0.6,9000,15000.0,15000.0
ORD_0011668,2024-03-11 22:23:00,2024.0,3.0,JAWA TIMUR,0.6,20000,33333.333333333336,33333.333333333336
ORD_0011669,2024-03-12 02:02:00,2024.0,3.0,RIAU,1.2,17600,14666.666666666668,14666.666666666668
ORD_0011670,2024-03-12 02:05:00,2024.0,3.0,RIAU,1.2,17600,14666.666666666668,14666.666666666668
ORD_0011671,2024-03-12 04:03:00,2024.0,3.0,DKI JAKARTA,2.0,8000,4000.0,4000.0
ORD_0011672,2024-03-12 05:23:00,2024.0,3.0,JAWA TIMUR,0.6,19000,31666.666666666668,31666.666666666668
ORD_0011674,2024-03-12 10:08:00,2024.0,3.0,DKI JAKARTA,0.5,8000,16000.0,16000.0
ORD_0011675,2024-03-12 10:43:00,2024.0,3.0,DKI JAKARTA,0.8,16500,20625.0,20625.0
ORD_0011676,2024-03-12 11:58:00,2024.0,3.0,BANTEN,0.6,31000,51666.66666666667,51666.66666666667
ORD_0011677,2024-03-12 12:53:00,2024.0,3.0,JAWA BARAT,4.0,22000,5500.0,5500.0
ORD_0011678,2024-03-12 14:05:00,2024.0,3.0,BANTEN,0.5,7500,15000.0,15000.0
ORD_0011680,2024-03-12 15:04:00,2024.0,3.0,DKI JAKARTA,0.5,8000,16000.0,16000.0
ORD_0011681,2024-03-12 15:04:00,2024.0,3.0,BANTEN,1.2,25000,20833.333333333336,20833.333333333336
ORD_0011682,2024-03-12 17:24:00,2024.0,3.0,DI YOGYAKARTA,1.4,29000,20714.285714285717,20714.285714285717
ORD_0011683,2024-03-12 17:43:00,2024.0,3.0,BANTEN,4.0,33000,8250.0,8250.0
ORD_0011685,2024-03-12 19:22:00,2024.0,3.0,JAWA BARAT,13.0,4000,307.6923076923077,307.6923076923077
ORD_0011686,2024-03-12 19:55:00,2024.0,3.0,DKI JAKARTA,0.2,10000,50000.0,50000.0
ORD_0011687,2024-03-12 20:12:00,2024.0,3.0,BANTEN,2.0,8000,4000.0,4000.0
ORD_0011689,2024-03-12 21:15:00,2024.0,3.0,JAWA BARAT,0.6,8000,13333.333333333334,13333.333333333334
ORD_0011690,2024-03-12 21:40:00,2024.0,3.0,JAWA BARAT,0.5,8000,16000.0,16000.0
ORD_0011691,2024-03-12 21:50:00,2024.0,3.0,DKI JAKARTA,0.4,8000,20000.0,20000.0
ORD_0011692,2024-03-13 11:59:00,2024.0,3.0,DKI JAKARTA,3.0,8000,2666.6666666666665,2666.6666666666665
ORD_0011693,2024-03-13 14:39:00,2024.0,3.0,JAWA BARAT,0.3,16000,53333.333333333336,53333.333333333336
ORD_0011694,2024-03-13 16:35:00,2024.0,3.0,BANTEN,0.3,3000,10000.0,10000.0
ORD_0011695,2024-03-13 16:36:00,2024.0,3.0,BANTEN,2.0,8000,4000.0,4000.0
ORD_0011696,2024-03-13 21:52:00,2024.0,3.0,SULAWESI SELATAN,0.82,58000,70731.70731707317,70731.70731707317
ORD_0011697,2024-03-13 22:05:00,2024.0,3.0,JAWA BARAT,0.6,11500,19166.666666666668,19166.666666666668
ORD_0011698,2024-03-12 23:07:00,2024.0,3.0,JAWA TENGAH,10.8,5000,462.96296296296293,462.96296296296293
ORD_0011699,2024-03-12 23:31:00,2024.0,3.0,SUMATERA UTARA,0.2,33600,168000.0,168000.0
ORD_0011700,2024-03-13 06:49:00,2024.0,3.0,JAWA BARAT,0.5,8000,16000.0,16000.0
ORD_0011701,2024-03-13 07:02:00,2024.0,3.0,BENGKULU,2.4,96400,40166.66666666667,40166.66666666667
ORD_0011703,2024-03-13 09:08:00,2024.0,3.0,JAWA BARAT,0.5,2000,4000.0,4000.0
ORD_0011704,2024-03-14 03:45:00,2024.0,3.0,SULAWESI TENGAH,0.4,7400,18500.0,18500.0
ORD_0011707,2024-03-14 10:16:00,2024.0,3.0,BANTEN,2.0,16500,8250.0,8250.0
ORD_0011708,2024-03-14 11:41:00,2024.0,3.0,SUMATERA BARAT,2.0,60200,30100.0,30100.0
ORD_0011709,2024-03-14 13:19:00,2024.0,3.0,BANTEN,12.168,22500,1849.1124260355032,1849.1124260355032
ORD_0011711,2024-03-14 14:38:00,2024.0,3.0,DKI JAKARTA,2.0,71000,35500.0,35500.0
ORD_0011712,2024-03-14 16:21:00,2024.0,3.0,BANTEN,0.5,8000,16000.0,16000.0
ORD_0011713,2024-03-14 16:35:00,2024.0,3.0,JAWA BARAT,0.5,8000,16000.0,16000.0
ORD_0011714,2024-03-14 18:12:00,2024.0,3.0,JAWA TIMUR,1.4,30000,21428.57142857143,21428.57142857143
ORD_0011715,2024-03-14 19:35:00,2024.0,3.0,JAWA BARAT,2.0,8000,4000.0,4000.0
ORD_0011716,2024-03-14 20:41:00,2024.0,3.0,JAWA BARAT,0.5,8000,16000.0,16000.0
ORD_0011717,2024-03-14 21:08:00,2024.0,3.0,JAWA BARAT,0.5,8000,16000.0,16000.0
ORD_0011718,2024-03-14 21:28:00,2024.0,3.0,JAWA BARAT,0.5,8000,16000.0,16000.0
ORD_0011719,2024-03-15 03:50:00,2024.0,3.0,JAWA BARAT,0.5,11000,22000.0,22000.0
ORD_0011720,2024-03-15 08:58:00,2024.0,3.0,JAWA BARAT,6.36,10000,1572.3270440251572,1572.3270440251572
ORD_0011721,2024-03-15 10:51:00,2024.0,3.0,BANTEN,0.4,7500,18750.0,18750.0
ORD_0011722,2024-03-15 12:28:00,2024.0,3.0,BANTEN,7.0,14000,2000.0,2000.0
ORD_0011723,2024-03-15 12:38:00,2024.0,3.0,DKI JAKARTA,0.6,8000,13333.333333333334,13333.333333333334
ORD_0011724,2024-03-15 15:37:00,2024.0,3.0,BANTEN,2.2,8000,3636.363636363636,3636.363636363636
ORD_0011725,2024-03-15 16:09:00,2024.0,3.0,JAWA BARAT,0.4,2000,5000.0,5000.0
ORD_0011727,2024-03-15 16:29:00,2024.0,3.0,DKI JAKARTA,0.5,8000,16000.0,16000.0
ORD_0011729,2024-03-15 17:36:00,2024.0,3.0,JAWA BARAT,0.5,9500,19000.0,19000.0
ORD_0011730,2024-03-15 21:11:00,2024.0,3.0,BANTEN,0.5,8000,16000.0,16000.0
ORD_0011732,2024-03-16 04:54:00,2024.0,3.0,BANTEN,0.8,8000,10000.0,10000.0
ORD_0011733,2024-03-16 13:53:00,2024.0,3.0,DKI JAKARTA,0.5,8000,16000.0,16000.0
ORD_0011734,2024-03-16 14:06:00,2024.0,3.0,SULAWESI BARAT,1.0,44500,44500.0,44500.0
ORD_0011735,2024-03-16 14:12:00,2024.0,3.0,JAWA BARAT,0.4,12500,31250.0,31250.0
ORD_0011737,2024-03-16 18:50:00,2024.0,3.0,JAWA BARAT,0.4,14500,36250.0,36250.0
ORD_0011738,2024-03-16 19:21:00,2024.0,3.0,BANTEN,1.2,8000,6666.666666666667,6666.666666666667
ORD_0011739,2024-03-16 20:06:00,2024.0,3.0,DKI JAKARTA,2.0,8000,4000.0,4000.0
ORD_0011741,2024-03-16 21:02:00,2024.0,3.0,BENGKULU,1.2,11000,9166.666666666668,9166.666666666668
ORD_0011742,2024-03-16 21:52:00,2024.0,3.0,JAWA BARAT,0.5,11000,22000.0,22000.0
ORD_0011743,2024-03-17 07:06:00,2024.0,3.0,DKI JAKARTA,1.2,8000,6666.666666666667,6666.666666666667
ORD_0011744,2024-03-17 12:22:00,2024.0,3.0,KEPULAUAN RIAU,0.6,39900,66500.0,66500.0
ORD_0011745,2024-03-17 12:39:00,2024.0,3.0,DKI JAKARTA,30.0,50000,1666.6666666666667,1666.6666666666667
ORD_0011747,2024-03-17 21:17:00,2024.0,3.0,JAWA BARAT,1.0,4000,4000.0,4000.0
ORD_0011748,2024-03-17 21:17:00,2024.0,3.0,JAWA BARAT,0.5,7500,15000.0,15000.0
ORD_0011749,2024-03-17 22:01:00,2024.0,3.0,BANTEN,0.2,8000,40000.0,40000.0
ORD_0011750,2024-03-17 22:05:00,2024.0,3.0,BANTEN,0.2,8000,40000.0,40000.0
ORD_0011751,2024-03-17 23:12:00,2024.0,3.0,DKI JAKARTA,0.5,8000,16000.0,16000.0
ORD_0011752,2024-03-18 05:43:00,2024.0,3.0,BANTEN,0.5,8000,16000.0,16000.0
ORD_0011754,2024-03-18 07:01:00,2024.0,3.0,BANTEN,10.5,60000,5714.285714285715,5714.285714285715
ORD_0011755,2024-03-18 08:34:00,2024.0,3.0,JAWA BARAT,2.0,8000,4000.0,4000.0
ORD_0011757,2024-03-18 08:54:00,2024.0,3.0,BANTEN,0.5,18000,36000.0,36000.0
ORD_0011758,2024-03-18 13:31:00,2024.0,3.0,DKI JAKARTA,1.0,10000,10000.0,10000.0
ORD_0011759,2024-03-18 13:38:00,2024.0,3.0,JAWA BARAT,2.4,4000,1666.6666666666667,1666.6666666666667
ORD_0011760,2024-03-18 18:02:00,2024.0,3.0,JAWA BARAT,0.7,11500,16428.57142857143,16428.57142857143
ORD_0011761,2024-03-18 23:36:00,2024.0,3.0,BANTEN,0.5,9500,19000.0,19000.0
ORD_0011763,2024-03-19 04:20:00,2024.0,3.0,JAWA BARAT,2.7,8000,2962.9629629629626,2962.9629629629626
ORD_0011764,2024-03-19 07:38:00,2024.0,3.0,DKI JAKARTA,0.5,8000,16000.0,16000.0
ORD_0011765,2024-03-19 14:41:00,2024.0,3.0,JAWA BARAT,0.5,8000,16000.0,16000.0
ORD_0011766,2024-03-19 15:01:00,2024.0,3.0,DKI JAKARTA,7.0,30000,4285.714285714285,4285.714285714285
ORD_0011769,2024-03-19 21:02:00,2024.0,3.0,DKI JAKARTA,1.2,25000,20833.333333333336,20833.333333333336
ORD_0011770,2024-03-19 21:38:00,2024.0,3.0,BANTEN,0.5,13000,26000.0,26000.0
ORD_0011771,2024-03-19 22:05:00,2024.0,3.0,DKI JAKARTA,0.5,8000,16000.0,16000.0
ORD_0011772,2024-03-20 01:33:00,2024.0,3.0,BANTEN,4.8,19000,3958.3333333333335,3958.3333333333335
ORD_0011773,2024-03-20 05:15:00,2024.0,3.0,JAWA BARAT,0.5,8000,16000.0,16000.0
ORD_0011776,2024-03-20 09:33:00,2024.0,3.0,DKI JAKARTA,1.7,16000,9411.764705882351,9411.764705882351
ORD_0011777,2024-03-20 12:32:00,2024.0,3.0,JAWA BARAT,12.5,20500,1640.0,1640.0
ORD_0011778,2024-03-20 13:16:00,2024.0,3.0,SUMATERA SELATAN,24.2,99301,4103.347107438017,4103.347107438017
ORD_0011779,2024-03-20 13:30:00,2024.0,3.0,DKI JAKARTA,2.0,8000,4000.0,4000.0
ORD_0011782,2024-03-20 19:45:00,2024.0,3.0,JAWA TENGAH,10.0,21500,2150.0,2150.0
ORD_0011783,2024-03-20 21:55:00,2024.0,3.0,BENGKULU,1.7,44000,25882.352941176472,25882.352941176472
ORD_0011784,2024-03-20 23:19:00,2024.0,3.0,SUMATERA SELATAN,1.7,34000,20000.0,20000.0
ORD_0011785,2024-03-21 01:44:00,2024.0,3.0,BANTEN,0.7,8000,11428.57142857143,11428.57142857143
ORD_0011786,2024-03-21 03:38:00,2024.0,3.0,BANTEN,0.5,9500,19000.0,19000.0
ORD_0011787,2024-03-21 05:55:00,2024.0,3.0,DKI JAKARTA,0.5,8000,16000.0,16000.0
ORD_0011789,2024-03-21 12:30:00,2024.0,3.0,JAWA BARAT,0.5,8000,16000.0,16000.0
ORD_0011792,2024-03-22 05:29:00,2024.0,3.0,DKI JAKARTA,0.5,8000,16000.0,16000.0
ORD_0011794,2024-03-22 09:43:00,2024.0,3.0,JAWA BARAT,0.2,500,2500.0,2500.0
ORD_0011795,2024-03-22 10:29:00,2024.0,3.0,JAWA BARAT,0.5,9500,19000.0,19000.0
ORD_0011796,2024-03-22 12:42:00,2024.0,3.0,JAWA BARAT,5.0,15000,3000.0,3000.0
ORD_0011797,2024-03-22 13:24:00,2024.0,3.0,DKI JAKARTA,0.5,10000,20000.0,20000.0
ORD_0011804,2024-03-23 02:12:00,2024.0,3.0,DKI JAKARTA,85.0,175000,2058.823529411765,2058.823529411765
ORD_0011805,2024-03-23 04:09:00,2024.0,3.0,JAWA BARAT,1.4,8000,5714.285714285715,5714.285714285715
ORD_0011807,2024-03-23 09:46:00,2024.0,3.0,LAMPUNG,0.25,13000,52000.0,52000.0
ORD_0011809,2024-03-23 12:46:00,2024.0,3.0,BANTEN,1.7,5000,2941.1764705882356,2941.1764705882356
ORD_0011810,2024-03-23 17:15:00,2024.0,3.0,JAWA TIMUR,0.4,15500,38750.0,38750.0
ORD_0011811,2024-03-23 17:21:00,2024.0,3.0,JAWA TIMUR,0.5,5500,11000.0,11000.0
ORD_0011812,2024-03-23 17:27:00,2024.0,3.0,JAWA BARAT,0.5,9500,19000.0,19000.0
ORD_0011815,2024-03-24 00:01:00,2024.0,3.0,BANTEN,1.4,6000,4285.714285714286,4285.714285714286
ORD_0011816,2024-03-24 04:07:00,2024.0,3.0,JAWA BARAT,0.5,15000,30000.0,30000.0
ORD_0011817,2024-03-24 04:22:00,2024.0,3.0,BANTEN,0.6,8000,13333.333333333334,13333.333333333334
ORD_0011818,2024-03-24 04:25:00,2024.0,3.0,JAWA TENGAH,0.4,6500,16250.0,16250.0
ORD_0011820,2024-03-24 07:23:00,2024.0,3.0,JAWA BARAT,6.84,6000,877.1929824561404,877.1929824561404
ORD_0011823,2024-03-24 14:19:00,2024.0,3.0,RIAU,0.6,36500,60833.333333333336,60833.333333333336
ORD_0011826,2024-03-25 02:15:00,2024.0,3.0,JAWA TIMUR,0.4,3500,8750.0,8750.0
ORD_0011832,2024-03-25 07:30:00,2024.0,3.0,DKI JAKARTA,2.6,14000,5384.615384615385,5384.615384615385
ORD_0011838,2024-03-25 10:04:00,2024.0,3.0,SUMATERA SELATAN,51.2,146201,2855.48828125,2855.48828125
ORD_0011842,2024-03-25 11:13:00,2024.0,3.0,JAWA TIMUR,1.2,3000,2500.0,2500.0
ORD_0011843,2024-03-25 11:15:00,2024.0,3.0,JAMBI,0.5,3000,6000.0,6000.0
ORD_0011850,2024-03-25 13:41:00,2024.0,3.0,JAWA BARAT,4.0,16000,4000.0,4000.0
ORD_0011859,2024-03-25 21:42:00,2024.0,3.0,BENGKULU,0.5,2000,4000.0,4000.0
ORD_0011864,2024-03-24 23:34:00,2024.0,3.0,JAWA BARAT,0.5,10000,20000.0,20000.0
ORD_0011867,2024-03-26 10:04:00,2024.0,3.0,JAWA BARAT,0.2,9500,47500.0,47500.0
ORD_0011870,2024-03-26 20:04:00,2024.0,3.0,JAWA BARAT,1.0,8000,8000.0,8000.0
ORD_0011872,2024-03-26 20:20:00,2024.0,3.0,JAWA BARAT,15.0,90000,6000.0,6000.0
ORD_0011874,2024-03-27 08:34:00,2024.0,3.0,JAWA BARAT,2.6,8000,3076.9230769230767,3076.9230769230767
ORD_0011875,2024-03-27 08:50:00,2024.0,3.0,JAWA TENGAH,8.02,5000,623.4413965087282,623.4413965087282
ORD_0011877,2024-03-27 13:40:00,2024.0,3.0,JAWA BARAT,0.5,10000,20000.0,20000.0
ORD_0011878,2024-03-27 17:58:00,2024.0,3.0,JAWA BARAT,12.0,66000,5500.0,5500.0
ORD_0011879,2024-03-27 18:31:00,2024.0,3.0,JAWA TENGAH,0.6,22500,37500.0,37500.0
ORD_0011880,2024-03-27 18:35:00,2024.0,3.0,DKI JAKARTA,0.5,16500,33000.0,33000.0
ORD_0011881,2024-03-27 18:52:00,2024.0,3.0,JAWA BARAT,0.5,8000,16000.0,16000.0
ORD_0011882,2024-03-27 20:43:00,2024.0,3.0,JAWA BARAT,0.3,10000,33333.333333333336,33333.333333333336
ORD_0011884,2024-03-27 21:40:00,2024.0,3.0,JAWA BARAT,3.4,12000,3529.4117647058824,3529.4117647058824
ORD_0011885,2024-03-27 23:09:00,2024.0,3.0,LAMPUNG,0.7,16000,22857.14285714286,22857.14285714286
ORD_0011886,2024-03-28 02:46:00,2024.0,3.0,DKI JAKARTA,0.6,8000,13333.333333333334,13333.333333333334
ORD_0011889,2024-03-28 08:46:00,2024.0,3.0,DKI JAKARTA,17.5,8500,485.7142857142857,485.7142857142857
ORD_0011890,2024-03-28 09:27:00,2024.0,3.0,BANTEN,4.5,16000,3555.5555555555557,3555.5555555555557
ORD_0011891,2024-03-28 09:46:00,2024.0,3.0,JAWA TIMUR,0.3,500,1666.6666666666667,1666.6666666666667
ORD_0011892,2024-03-28 11:16:00,2024.0,3.0,JAWA TENGAH,0.8,7000,8750.0,8750.0
ORD_0011893,2024-03-28 13:24:00,2024.0,3.0,JAWA TENGAH,0.2,14500,72500.0,72500.0
ORD_0011894,2024-03-28 14:30:00,2024.0,3.0,JAWA BARAT,0.2,8000,40000.0,40000.0
ORD_0011895,2024-03-28 15:06:00,2024.0,3.0,SUMATERA SELATAN,0.4,36500,91250.0,91250.0
ORD_0011896,2024-03-28 16:43:00,2024.0,3.0,JAWA BARAT,21.3,26000,1220.6572769953052,1220.6572769953052
ORD_0011897,2024-03-28 16:45:00,2024.0,3.0,JAWA BARAT,6.4,30000,4687.5,4687.5
ORD_0011899,2024-03-28 19:34:00,2024.0,3.0,JAWA BARAT,3.0,21000,7000.0,7000.0
ORD_0011901,2024-03-28 22:25:00,2024.0,3.0,JAWA BARAT,1.0,8000,8000.0,8000.0
ORD_0011903,2024-03-29 08:20:00,2024.0,3.0,JAWA BARAT,4.8,4000,833.3333333333334,833.3333333333334
ORD_0011905,2024-03-29 13:03:00,2024.0,3.0,DKI JAKARTA,0.5,8000,16000.0,16000.0
ORD_0011907,2024-03-29 13:56:00,2024.0,3.0,DKI JAKARTA,10.4,4000,384.6153846153846,384.6153846153846
ORD_0011908,2024-03-29 14:53:00,2024.0,3.0,JAWA BARAT,1.4,16000,11428.57142857143,11428.57142857143
ORD_0011909,2024-03-29 17:39:00,2024.0,3.0,SUMATERA BARAT,0.8,35100,43875.0,43875.0
ORD_0011910,2024-03-29 18:46:00,2024.0,3.0,SUMATERA BARAT,0.5,1000,2000.0,2000.0
ORD_0011912,2024-03-29 19:29:00,2024.0,3.0,BANTEN,0.5,8000,16000.0,16000.0
ORD_0011913,2024-03-29 20:19:00,2024.0,3.0,DKI JAKARTA,2.4,4000,1666.6666666666667,1666.6666666666667
ORD_0011914,2024-03-29 21:32:00,2024.0,3.0,SUMATERA SELATAN,1.5,4000,2666.6666666666665,2666.6666666666665
ORD_0011915,2024-03-29 23:30:00,2024.0,3.0,JAWA BARAT,0.4,8000,20000.0,20000.0
ORD_0011917,2024-03-30 12:40:00,2024.0,3.0,BANTEN,5.0,25000,5000.0,5000.0
ORD_0011919,2024-03-30 15:54:00,2024.0,3.0,DKI JAKARTA,0.5,8000,16000.0,16000.0
ORD_0011920,2024-03-30 17:59:00,2024.0,3.0,BANTEN,0.4,8000,20000.0,20000.0
ORD_0011921,2024-03-30 19:20:00,2024.0,3.0,JAWA BARAT,0.2,8000,40000.0,40000.0
ORD_0011923,2024-03-30 20:46:00,2024.0,3.0,JAWA BARAT,3.0,31000,10333.333333333334,10333.333333333334
ORD_0011926,2024-03-30 22:29:00,2024.0,3.0,JAWA BARAT,0.5,8000,16000.0,16000.0
ORD_0011927,2024-03-31 06:23:00,2024.0,3.0,DKI JAKARTA,4.8,8000,1666.6666666666667,1666.6666666666667
ORD_0011928,2024-03-31 07:05:00,2024.0,3.0,DKI JAKARTA,1.0,8000,8000.0,8000.0
ORD_0011929,2024-03-31 10:41:00,2024.0,3.0,KEPULAUAN RIAU,0.5,14000,28000.0,28000.0
ORD_0011930,2024-03-31 11:07:00,2024.0,3.0,JAWA BARAT,1.4,10000,7142.857142857143,7142.857142857143
ORD_0011931,2024-03-31 13:49:00,2024.0,3.0,DKI JAKARTA,0.2,8000,40000.0,40000.0
ORD_0011932,2024-03-31 14:21:00,2024.0,3.0,JAWA BARAT,0.5,8000,16000.0,16000.0
ORD_0011933,2024-03-31 15:07:00,2024.0,3.0,BANTEN,1.2,25000,20833.333333333336,20833.333333333336
ORD_0011934,2024-03-31 18:55:00,2024.0,3.0,JAWA BARAT,1.0,18000,18000.0,18000.0
ORD_0011935,2024-03-31 20:03:00,2024.0,3.0,JAWA BARAT,2.0,8000,4000.0,4000.0
ORD_0011937,2024-03-31 21:59:00,2024.0,3.0,JAWA BARAT,0.5,8000,16000.0,16000.0
ORD_0011942,2025-03-01 02:40:00,2025.0,3.0,LAMPUNG,0.5,12300,24600.0,24600.0
ORD_0011945,2025-03-01 05:34:00,2025.0,3.0,JAWA TIMUR,2.0,5200,2600.0,2600.0
ORD_0011950,2025-03-01 09:51:00,2025.0,3.0,SULAWESI TENGAH,1.7,83600,49176.470588235294,49176.470588235294
ORD_0011954,2025-03-01 11:21:00,2025.0,3.0,JAWA BARAT,0.5,9500,19000.0,19000.0
ORD_0011955,2025-03-01 11:40:00,2025.0,3.0,BANTEN,0.3,14977,49923.333333333336,49923.333333333336
ORD_0011957,2025-03-01 13:16:00,2025.0,3.0,BANTEN,6.8,5500,808.8235294117648,808.8235294117648
ORD_0011961,2025-03-01 16:35:00,2025.0,3.0,SUMATERA SELATAN,0.1,7000,70000.0,70000.0
ORD_0011974,2025-03-02 07:24:00,2025.0,3.0,JAWA BARAT,3.0,800,266.6666666666667,266.6666666666667
ORD_0011982,2025-03-02 13:45:00,2025.0,3.0,BANGKA BELITUNG,1.5,2000,1333.3333333333333,1333.3333333333333
ORD_0011987,2025-03-02 18:08:00,2025.0,3.0,SUMATERA UTARA,1.0,8000,8000.0,8000.0
ORD_0011991,2025-03-02 22:12:00,2025.0,3.0,BANTEN,1.6,8000,5000.0,5000.0
ORD_0011992,2025-03-03 00:18:00,2025.0,3.0,JAWA BARAT,10.02,12500,1247.50499001996,1247.50499001996
ORD_0011998,2025-03-03 04:42:00,2025.0,3.0,SUMATERA UTARA,1.0,16500,16500.0,16500.0
ORD_0012008,2025-03-03 07:59:00,2025.0,3.0,SUMATERA SELATAN,0.15,22500,150000.0,150000.0
ORD_0012010,2025-03-03 09:58:00,2025.0,3.0,LAMPUNG,0.32,7500,23437.5,23437.5
ORD_0012013,2025-03-03 10:33:00,2025.0,3.0,JAWA TIMUR,1.0,16000,16000.0,16000.0
ORD_0012043,2025-03-03 23:12:00,2025.0,3.0,KALIMANTAN SELATAN,1.4,26400,18857.14285714286,18857.14285714286
ORD_0012044,2025-03-04 00:56:00,2025.0,3.0,JAWA BARAT,3.0,800,266.6666666666667,266.6666666666667
ORD_0012049,2025-03-04 07:04:00,2025.0,3.0,JAWA BARAT,0.5,18000,36000.0,36000.0
ORD_0012050,2025-03-04 08:17:00,2025.0,3.0,KALIMANTAN SELATAN,2.42,8400,3471.0743801652893,3471.0743801652893
ORD_0012051,2025-03-04 08:18:00,2025.0,3.0,LAMPUNG,25.0,148500,5940.0,5940.0
ORD_0012054,2025-03-04 11:29:00,2025.0,3.0,KALIMANTAN TIMUR,0.5,18500,37000.0,37000.0
ORD_0012055,2025-03-04 11:34:00,2025.0,3.0,SUMATERA SELATAN,0.4,2000,5000.0,5000.0
ORD_0012056,2025-03-04 11:40:00,2025.0,3.0,RIAU,0.5,3700,7400.0,7400.0
ORD_0012058,2025-03-04 12:04:00,2025.0,3.0,JAWA BARAT,1.4,700,500.00000000000006,500.00000000000006
ORD_0012059,2025-03-04 12:32:00,2025.0,3.0,JAWA BARAT,1.0,1000,1000.0,1000.0
ORD_0012060,2025-03-04 13:16:00,2025.0,3.0,RIAU,0.4,16500,41250.0,41250.0
ORD_0012062,2025-03-04 15:44:00,2025.0,3.0,JAWA TENGAH,6.0,9200,1533.3333333333333,1533.3333333333333
ORD_0012067,2025-03-04 21:23:00,2025.0,3.0,SUMATERA UTARA,1.0,10500,10500.0,10500.0
ORD_0012074,2025-03-05 10:18:00,2025.0,3.0,JAMBI,4.0,1600,400.0,400.0
ORD_0012078,2025-03-05 11:42:00,2025.0,3.0,BANTEN,0.3,9500,31666.666666666668,31666.666666666668
ORD_0012084,2025-03-05 16:48:00,2025.0,3.0,DI YOGYAKARTA,1.0,1000,1000.0,1000.0
ORD_0012085,2025-03-05 16:52:00,2025.0,3.0,JAWA BARAT,0.1,8000,80000.0,80000.0
ORD_0012096,2025-03-05 21:53:00,2025.0,3.0,JAWA TENGAH,4.8,17700,3687.5,3687.5
ORD_0012098,2025-03-06 04:27:00,2025.0,3.0,JAWA BARAT,5.2,13600,2615.3846153846152,2615.3846153846152
ORD_0012100,2025-03-06 04:45:00,2025.0,3.0,LAMPUNG,0.08,4800,60000.0,60000.0
ORD_0012101,2025-03-06 04:52:00,2025.0,3.0,JAMBI,1.2,10200,8500.0,8500.0
ORD_0012104,2025-03-06 08:07:00,2025.0,3.0,DKI JAKARTA,2.6,800,307.6923076923077,307.6923076923077
ORD_0012106,2025-03-06 10:06:00,2025.0,3.0,JAWA BARAT,5.0,15000,3000.0,3000.0
ORD_0012127,2025-03-06 21:12:00,2025.0,3.0,JAWA BARAT,20.0,69900,3495.0,3495.0
ORD_0012130,2025-03-07 08:22:00,2025.0,3.0,JAWA BARAT,5.0,15000,3000.0,3000.0
ORD_0012132,2025-03-07 09:52:00,2025.0,3.0,GORONTALO,1.7,32400,19058.82352941177,19058.82352941177
ORD_0012135,2025-03-07 12:40:00,2025.0,3.0,DKI JAKARTA,1.0,8000,8000.0,8000.0
ORD_0012137,2025-03-07 13:31:00,2025.0,3.0,BANTEN,9.15,5500,601.0928961748633,601.0928961748633
ORD_0012138,2025-03-07 14:21:00,2025.0,3.0,JAWA TIMUR,1.0,1000,1000.0,1000.0
ORD_0012139,2025-03-07 15:07:00,2025.0,3.0,BANTEN,5.0,7000,1400.0,1400.0
ORD_0012142,2025-03-07 17:39:00,2025.0,3.0,DKI JAKARTA,0.3,8000,26666.666666666668,26666.666666666668
ORD_0012144,2025-03-07 20:21:00,2025.0,3.0,JAWA BARAT,0.5,2000,4000.0,4000.0
ORD_0012145,2025-03-07 21:19:00,2025.0,3.0,BANTEN,0.07,8000,114285.71428571428,114285.71428571428
ORD_0012147,2025-03-06 23:15:00,2025.0,3.0,DI YOGYAKARTA,0.2,2000,10000.0,10000.0
ORD_0012148,2025-03-07 00:37:00,2025.0,3.0,SUMATERA UTARA,0.1,14300,143000.0,143000.0
ORD_0012151,2025-03-07 00:46:00,2025.0,3.0,BANTEN,5.0,7000,1400.0,1400.0
ORD_0012152,2025-03-07 04:40:00,2025.0,3.0,LAMPUNG,0.5,1000,2000.0,2000.0
ORD_0012158,2025-03-08 08:09:00,2025.0,3.0,JAWA BARAT,10.02,13600,1357.2854291417166,1357.2854291417166
ORD_0012159,2025-03-08 08:28:00,2025.0,3.0,SUMATERA BARAT,12.0,12100,1008.3333333333334,1008.3333333333334
ORD_0012161,2025-03-08 09:08:00,2025.0,3.0,NUSA TENGGARA TIMUR (NTT),1.0,9500,9500.0,9500.0
ORD_0012164,2025-03-08 11:21:00,2025.0,3.0,BANTEN,0.08,8000,100000.0,100000.0
ORD_0012168,2025-03-08 13:25:00,2025.0,3.0,JAMBI,0.1,36000,360000.0,170093.75000000035
ORD_0012169,2025-03-08 13:35:00,2025.0,3.0,SUMATERA BARAT,0.4,11000,27500.0,27500.0
ORD_0012171,2025-03-08 14:09:00,2025.0,3.0,DKI JAKARTA,2.4,4000,1666.6666666666667,1666.6666666666667
ORD_0012186,2025-03-09 08:30:00,2025.0,3.0,BANTEN,0.65,8000,12307.692307692309,12307.692307692309
ORD_0012190,2025-03-09 10:24:00,2025.0,3.0,BALI,0.4,8500,21250.0,21250.0
ORD_0012192,2025-03-09 11:20:00,2025.0,3.0,JAWA TENGAH,0.1,6000,60000.0,60000.0
ORD_0012194,2025-03-09 11:43:00,2025.0,3.0,DKI JAKARTA,0.5,23989,47978.0,47978.0
ORD_0012195,2025-03-09 12:20:00,2025.0,3.0,JAWA TIMUR,1.0,1000,1000.0,1000.0
ORD_0012196,2025-03-09 14:03:00,2025.0,3.0,LAMPUNG,3.0,8000,2666.6666666666665,2666.6666666666665
ORD_0012197,2025-03-09 14:43:00,2025.0,3.0,JAMBI,1.7,20000,11764.705882352942,11764.705882352942
ORD_0012198,2025-03-09 17:28:00,2025.0,3.0,BANGKA BELITUNG,2.0,29000,14500.0,14500.0
ORD_0012199,2025-03-09 17:33:00,2025.0,3.0,JAWA BARAT,1.0,1000,1000.0,1000.0
ORD_0012200,2025-03-09 18:02:00,2025.0,3.0,JAWA TIMUR,1.4,8800,6285.714285714286,6285.714285714286
ORD_0012205,2025-03-09 20:59:00,2025.0,3.0,DKI JAKARTA,1.7,6200,3647.058823529412,3647.058823529412
ORD_0012210,2025-03-10 04:04:00,2025.0,3.0,KALIMANTAN SELATAN,1.0,14500,14500.0,14500.0
ORD_0012211,2025-03-10 04:23:00,2025.0,3.0,JAWA BARAT,0.1,1000,10000.0,10000.0
ORD_0012215,2025-03-10 07:44:00,2025.0,3.0,KALIMANTAN SELATAN,0.6,11500,19166.666666666668,19166.666666666668
ORD_0012216,2025-03-10 07:46:00,2025.0,3.0,SUMATERA SELATAN,48.4,135801,2805.805785123967,2805.805785123967
ORD_0012220,2025-03-10 10:53:00,2025.0,3.0,BALI,0.5,18500,37000.0,37000.0
ORD_0012227,2025-03-10 19:12:00,2025.0,3.0,DKI JAKARTA,7.0,22500,3214.285714285714,3214.285714285714
ORD_0012230,2025-03-10 23:45:00,2025.0,3.0,JAWA BARAT,0.08,2500,31250.0,31250.0
ORD_0012235,2025-03-11 10:02:00,2025.0,3.0,SUMATERA SELATAN,48.4,135801,2805.805785123967,2805.805785123967
ORD_0012238,2025-03-11 11:53:00,2025.0,3.0,JAWA BARAT,0.1,8000,80000.0,80000.0
ORD_0012240,2025-03-11 14:07:00,2025.0,3.0,JAWA BARAT,19.83,18000,907.715582450832,907.715582450832
ORD_0012245,2025-03-11 19:30:00,2025.0,3.0,KALIMANTAN TIMUR,1.0,19500,19500.0,19500.0
ORD_0012248,2025-03-11 20:49:00,2025.0,3.0,BANGKA BELITUNG,0.24,20400,85000.0,85000.0
ORD_0012253,2025-03-11 23:20:00,2025.0,3.0,JAWA BARAT,0.1,8000,80000.0,80000.0
ORD_0012255,2025-03-12 00:52:00,2025.0,3.0,JAWA TENGAH,0.5,1000,2000.0,2000.0
ORD_0012256,2025-03-12 03:51:00,2025.0,3.0,SUMATERA BARAT,0.4,4500,11250.0,11250.0
ORD_0012259,2025-03-12 05:31:00,2025.0,3.0,KALIMANTAN TENGAH,2.4,36500,15208.333333333334,15208.333333333334
ORD_0012261,2025-03-12 07:11:00,2025.0,3.0,JAWA TIMUR,0.4,1000,2500.0,2500.0
ORD_0012264,2025-03-12 08:10:00,2025.0,3.0,DKI JAKARTA,0.05,16500,330000.0,170093.75000000035
ORD_0012266,2025-03-12 09:15:00,2025.0,3.0,KALIMANTAN SELATAN,2.0,13400,6700.0,6700.0
ORD_0012267,2025-03-12 09:48:00,2025.0,3.0,BALI,1.2,9500,7916.666666666667,7916.666666666667
ORD_0012269,2025-03-12 10:33:00,2025.0,3.0,BANTEN,5.0,4000,800.0,800.0
ORD_0012270,2025-03-12 10:35:00,2025.0,3.0,BANTEN,5.0,12000,2400.0,2400.0
ORD_0012272,2025-03-12 10:46:00,2025.0,3.0,BANTEN,5.0,15000,3000.0,3000.0
ORD_0012273,2025-03-12 12:24:00,2025.0,3.0,DKI JAKARTA,1.0,8000,8000.0,8000.0
ORD_0012274,2025-03-12 12:29:00,2025.0,3.0,JAWA TENGAH,0.4,1000,2500.0,2500.0
ORD_0012275,2025-03-12 16:27:00,2025.0,3.0,SUMATERA UTARA,0.5,19400,38800.0,38800.0
ORD_0012276,2025-03-12 16:36:00,2025.0,3.0,JAWA TIMUR,1.0,1000,1000.0,1000.0
ORD_0012278,2025-03-12 19:04:00,2025.0,3.0,JAMBI,0.5,6100,12200.0,12200.0
ORD_0012280,2025-03-12 19:49:00,2025.0,3.0,JAWA TIMUR,4.04,12000,2970.29702970297,2970.29702970297
ORD_0012282,2025-03-12 20:18:00,2025.0,3.0,BANTEN,0.65,5400,8307.692307692307,8307.692307692307
ORD_0012283,2025-03-12 20:50:00,2025.0,3.0,JAWA TIMUR,4.0,8800,2200.0,2200.0
ORD_0012293,2025-03-13 10:34:00,2025.0,3.0,JAWA TENGAH,22.0,260000,11818.181818181818,11818.181818181818
ORD_0012295,2025-03-13 11:28:00,2025.0,3.0,LAMPUNG,0.1,12500,125000.0,125000.0
ORD_0012300,2025-03-13 13:05:00,2025.0,3.0,JAWA BARAT,1.0,8000,8000.0,8000.0
ORD_0012302,2025-03-13 13:36:00,2025.0,3.0,BANTEN,12.0,21000,1750.0,1750.0
ORD_0012303,2025-03-13 14:45:00,2025.0,3.0,JAWA BARAT,12.0,38400,3200.0,3200.0
ORD_0012308,2025-03-13 22:02:00,2025.0,3.0,BANTEN,0.1,8000,80000.0,80000.0
ORD_0012310,2025-03-14 06:27:00,2025.0,3.0,DKI JAKARTA,4.8,800,166.66666666666669,166.66666666666669
ORD_0012311,2025-03-14 08:16:00,2025.0,3.0,SUMATERA SELATAN,1.4,9000,6428.571428571429,6428.571428571429
ORD_0012312,2025-03-14 08:21:00,2025.0,3.0,SUMATERA SELATAN,145.2,136801,942.1556473829202,942.1556473829202
ORD_0012319,2025-03-14 13:41:00,2025.0,3.0,JAMBI,29.46,4000,135.77732518669382,135.77732518669382
ORD_0012320,2025-03-14 14:04:00,2025.0,3.0,JAWA BARAT,24.4,17000,696.7213114754098,696.7213114754098
ORD_0012321,2025-03-14 14:47:00,2025.0,3.0,JAWA TIMUR,3.6,12900,3583.333333333333,3583.333333333333
ORD_0012323,2025-03-14 19:37:00,2025.0,3.0,JAMBI,0.16,5000,31250.0,31250.0
ORD_0012326,2025-03-14 21:48:00,2025.0,3.0,KALIMANTAN TENGAH,2.4,8300,3458.3333333333335,3458.3333333333335
ORD_0012327,2025-03-14 21:56:00,2025.0,3.0,SUMATERA UTARA,0.4,12300,30750.0,30750.0
ORD_0012330,2025-03-14 23:44:00,2025.0,3.0,JAWA TENGAH,0.2,1000,5000.0,5000.0
ORD_0012332,2025-03-15 04:47:00,2025.0,3.0,JAWA BARAT,0.1,6500,65000.0,65000.0
ORD_0012335,2025-03-15 08:15:00,2025.0,3.0,SUMATERA UTARA,1.0,2000,2000.0,2000.0
ORD_0012339,2025-03-15 13:10:00,2025.0,3.0,BANTEN,30.8,29500,957.7922077922078,957.7922077922078
ORD_0012340,2025-03-15 13:47:00,2025.0,3.0,JAWA BARAT,1.4,16000,11428.57142857143,11428.57142857143
ORD_0012350,2025-03-15 20:18:00,2025.0,3.0,JAMBI,0.2,400,2000.0,2000.0
ORD_0012353,2025-03-15 20:57:00,2025.0,3.0,JAWA BARAT,2.0,36000,18000.0,18000.0
ORD_0012354,2025-03-15 21:02:00,2025.0,3.0,JAWA BARAT,0.2,10000,50000.0,50000.0
ORD_0012355,2025-03-15 21:31:00,2025.0,3.0,JAWA TENGAH,0.1,11000,110000.0,110000.0
ORD_0012359,2025-03-16 04:25:00,2025.0,3.0,RIAU,1.0,16200,16200.0,16200.0
ORD_0012361,2025-03-16 08:47:00,2025.0,3.0,JAWA BARAT,0.22,10000,45454.545454545456,45454.545454545456
ORD_0012363,2025-03-16 09:34:00,2025.0,3.0,BANTEN,5.0,7000,1400.0,1400.0
ORD_0012364,2025-03-16 10:22:00,2025.0,3.0,JAWA BARAT,0.08,8000,100000.0,100000.0
ORD_0012369,2025-03-16 12:43:00,2025.0,3.0,BANTEN,0.1,2500,25000.0,25000.0
ORD_0012370,2025-03-16 12:58:00,2025.0,3.0,BALI,1.0,3000,3000.0,3000.0
ORD_0012371,2025-03-16 13:21:00,2025.0,3.0,JAWA TENGAH,10.0,21500,2150.0,2150.0
ORD_0012373,2025-03-16 14:32:00,2025.0,3.0,JAWA TIMUR,1.4,14000,10000.0,10000.0
ORD_0012377,2025-03-16 16:48:00,2025.0,3.0,BANTEN,1.0,5500,5500.0,5500.0
ORD_0012379,2025-03-16 17:04:00,2025.0,3.0,BANTEN,0.5,6500,13000.0,13000.0
ORD_0012383,2025-03-16 19:48:00,2025.0,3.0,SULAWESI SELATAN,1.0,3500,3500.0,3500.0
ORD_0012386,2025-03-16 20:24:00,2025.0,3.0,BANTEN,0.65,8000,12307.692307692309,12307.692307692309
ORD_0012387,2025-03-16 22:05:00,2025.0,3.0,JAWA TIMUR,8.0,13900,1737.5,1737.5
ORD_0012388,2025-03-16 22:20:00,2025.0,3.0,BANTEN,4.6,16000,3478.2608695652175,3478.2608695652175
ORD_0012389,2025-03-16 22:40:00,2025.0,3.0,DKI JAKARTA,0.5,8000,16000.0,16000.0
ORD_0012397,2025-03-17 06:40:00,2025.0,3.0,JAWA TIMUR,0.2,1000,5000.0,5000.0
ORD_0012399,2025-03-17 09:38:00,2025.0,3.0,JAWA BARAT,2.6,4000,1538.4615384615383,1538.4615384615383
ORD_0012407,2025-03-17 11:31:00,2025.0,3.0,JAWA TIMUR,1.4,8800,6285.714285714286,6285.714285714286
ORD_0012415,2025-03-17 14:20:00,2025.0,3.0,JAWA BARAT,0.1,3000,30000.0,30000.0
ORD_0012417,2025-03-17 14:45:00,2025.0,3.0,GORONTALO,1.7,22400,13176.470588235294,13176.470588235294
ORD_0012418,2025-03-17 14:53:00,2025.0,3.0,BANTEN,15.5,9000,580.6451612903226,580.6451612903226
ORD_0012423,2025-03-17 21:06:00,2025.0,3.0,JAWA TENGAH,0.2,1000,5000.0,5000.0
ORD_0012426,2025-03-18 20:19:00,2025.0,3.0,RIAU,1.0,1000,1000.0,1000.0
ORD_0012427,2025-03-18 20:31:00,2025.0,3.0,BALI,0.4,8500,21250.0,21250.0
ORD_0012432,2025-03-18 02:52:00,2025.0,3.0,KALIMANTAN SELATAN,1.7,20000,11764.705882352942,11764.705882352942
ORD_0012435,2025-03-18 11:17:00,2025.0,3.0,DKI JAKARTA,7.0,22500,3214.285714285714,3214.285714285714
ORD_0012437,2025-03-18 11:52:00,2025.0,3.0,DKI JAKARTA,7.0,22500,3214.285714285714,3214.285714285714
ORD_0012438,2025-03-18 12:32:00,2025.0,3.0,JAWA BARAT,0.65,8000,12307.692307692309,12307.692307692309
ORD_0012440,2025-03-18 13:53:00,2025.0,3.0,DI YOGYAKARTA,0.2,1000,5000.0,5000.0
ORD_0012445,2025-03-19 06:44:00,2025.0,3.0,GORONTALO,0.88,11200,12727.272727272728,12727.272727272728
ORD_0012447,2025-03-19 10:49:00,2025.0,3.0,BANTEN,6.93,28500,4112.554112554113,4112.554112554113
ORD_0012455,2025-03-19 19:06:00,2025.0,3.0,JAWA BARAT,0.1,3000,30000.0,30000.0
ORD_0012457,2025-03-19 20:14:00,2025.0,3.0,JAWA BARAT,0.1,3000,30000.0,30000.0
ORD_0012461,2025-03-20 00:06:00,2025.0,3.0,RIAU,0.65,6000,9230.76923076923,9230.76923076923
ORD_0012463,2025-03-20 04:45:00,2025.0,3.0,JAWA TIMUR,0.2,1000,5000.0,5000.0
ORD_0012466,2025-03-20 07:35:00,2025.0,3.0,JAWA BARAT,0.42,8000,19047.61904761905,19047.61904761905
ORD_0012473,2025-03-20 13:19:00,2025.0,3.0,DKI JAKARTA,2.4,28961,12067.083333333334,12067.083333333334
ORD_0012475,2025-03-20 14:24:00,2025.0,3.0,JAWA BARAT,5.1,18600,3647.058823529412,3647.058823529412
ORD_0012476,2025-03-20 15:15:00,2025.0,3.0,JAWA BARAT,2.5,800,320.0,320.0
ORD_0012477,2025-03-20 15:50:00,2025.0,3.0,JAWA BARAT,0.16,2200,13750.0,13750.0
ORD_0012480,2025-03-20 16:13:00,2025.0,3.0,JAWA BARAT,5.3,13600,2566.037735849057,2566.037735849057
ORD_0012487,2025-03-20 22:54:00,2025.0,3.0,JAWA TENGAH,0.8,1000,1250.0,1250.0
ORD_0012488,2025-03-20 22:55:00,2025.0,3.0,JAWA TIMUR,0.2,1000,5000.0,5000.0
ORD_0012504,2025-03-21 17:30:00,2025.0,3.0,BANTEN,5.2,4000,769.2307692307692,769.2307692307692
ORD_0012508,2025-03-21 18:20:00,2025.0,3.0,GORONTALO,0.6,14200,23666.666666666668,23666.666666666668
ORD_0012511,2025-03-21 22:04:00,2025.0,3.0,BANTEN,5.0,13600,2720.0,2720.0
ORD_0012515,2025-03-22 03:47:00,2025.0,3.0,JAWA BARAT,5.0,20000,4000.0,4000.0
ORD_0012518,2025-03-22 05:24:00,2025.0,3.0,KALIMANTAN SELATAN,0.4,19000,47500.0,47500.0
ORD_0012523,2025-03-22 09:53:00,2025.0,3.0,SUMATERA SELATAN,3.2,800,250.0,250.0
ORD_0012524,2025-03-22 10:27:00,2025.0,3.0,KALIMANTAN BARAT,2.94,1000,340.13605442176873,340.13605442176873
ORD_0012529,2025-03-22 18:01:00,2025.0,3.0,JAWA BARAT,2.4,800,333.33333333333337,333.33333333333337
ORD_0012538,2025-03-23 08:03:00,2025.0,3.0,JAWA TIMUR,0.2,6000,30000.0,30000.0
ORD_0012543,2025-03-23 12:29:00,2025.0,3.0,JAWA BARAT,28.0,41000,1464.2857142857142,1464.2857142857142
ORD_0012544,2025-03-23 13:15:00,2025.0,3.0,JAWA BARAT,4.0,9000,2250.0,2250.0
ORD_0012545,2025-03-23 13:25:00,2025.0,3.0,JAMBI,0.2,1000,5000.0,5000.0
ORD_0012546,2025-03-23 13:41:00,2025.0,3.0,BANTEN,15.9,3500,220.125786163522,220.125786163522
ORD_0012551,2025-03-25 16:49:00,2025.0,3.0,DKI JAKARTA,7.5,5000,666.6666666666666,666.6666666666666
ORD_0012567,2024-05-01 06:16:00,2024.0,5.0,DKI JAKARTA,1.6,8000,5000.0,5000.0
ORD_0012570,2024-05-01 11:34:00,2024.0,5.0,GORONTALO,0.4,36000,90000.0,90000.0
ORD_0012571,2024-05-01 12:21:00,2024.0,5.0,JAWA BARAT,1.7,20000,11764.705882352942,11764.705882352942
ORD_0012572,2024-05-01 12:41:00,2024.0,5.0,BANTEN,0.5,8000,16000.0,16000.0
ORD_0012573,2024-05-01 13:27:00,2024.0,5.0,JAWA BARAT,1.7,16000,9411.764705882351,9411.764705882351
ORD_0012575,2024-05-01 15:40:00,2024.0,5.0,JAWA BARAT,3.0,15000,5000.0,5000.0
ORD_0012576,2024-05-01 16:39:00,2024.0,5.0,JAWA BARAT,0.5,8000,16000.0,16000.0
ORD_0012578,2024-05-01 17:32:00,2024.0,5.0,SUMATERA BARAT,0.4,18500,46250.0,46250.0
ORD_0012580,2024-05-01 19:16:00,2024.0,5.0,JAWA BARAT,1.0,9000,9000.0,9000.0
ORD_0012581,2024-05-01 20:21:00,2024.0,5.0,JAWA BARAT,0.7,16000,22857.14285714286,22857.14285714286
ORD_0012582,2024-05-01 20:23:00,2024.0,5.0,LAMPUNG,1.8,16000,8888.888888888889,8888.888888888889
ORD_0012584,2024-05-01 23:03:00,2024.0,5.0,LAMPUNG,0.4,34500,86250.0,86250.0
ORD_0012586,2024-05-02 02:41:00,2024.0,5.0,JAWA BARAT,0.6,8000,13333.333333333334,13333.333333333334
ORD_0012587,2024-05-02 04:15:00,2024.0,5.0,DKI JAKARTA,0.5,8000,16000.0,16000.0
ORD_0012588,2024-05-02 05:35:00,2024.0,5.0,JAWA BARAT,1.7,23000,13529.411764705885,13529.411764705885
ORD_0012590,2024-05-02 07:15:00,2024.0,5.0,DKI JAKARTA,0.4,8000,20000.0,20000.0
ORD_0012593,2024-05-02 08:48:00,2024.0,5.0,BANTEN,1.0,15000,15000.0,15000.0
ORD_0012594,2024-05-02 09:22:00,2024.0,5.0,KALIMANTAN SELATAN,0.2,33400,167000.0,167000.0
ORD_0012595,2024-05-02 10:32:00,2024.0,5.0,JAWA BARAT,2.0,8000,4000.0,4000.0
ORD_0012596,2024-05-02 10:34:00,2024.0,5.0,BANTEN,3.15,17500,5555.555555555556,5555.555555555556
ORD_0012597,2024-05-02 10:36:00,2024.0,5.0,JAWA BARAT,0.5,8000,16000.0,16000.0
ORD_0012598,2024-05-02 11:36:00,2024.0,5.0,BANTEN,30.6,10500,343.1372549019608,343.1372549019608
ORD_0012599,2024-05-02 14:05:00,2024.0,5.0,DKI JAKARTA,0.5,8000,16000.0,16000.0
ORD_0012600,2024-05-02 14:12:00,2024.0,5.0,JAWA BARAT,0.5,8000,16000.0,16000.0
ORD_0012601,2024-05-02 15:11:00,2024.0,5.0,JAWA TENGAH,0.6,22000,36666.66666666667,36666.66666666667
ORD_0012603,2024-05-02 16:29:00,2024.0,5.0,KEPULAUAN RIAU,0.2,33000,165000.0,165000.0
ORD_0012604,2024-05-02 16:54:00,2024.0,5.0,JAWA BARAT,2.18,13000,5963.302752293577,5963.302752293577
ORD_0012605,2024-05-02 17:22:00,2024.0,5.0,JAWA BARAT,0.4,12500,31250.0,31250.0
ORD_0012607,2024-05-02 18:29:00,2024.0,5.0,BANTEN,0.5,8000,16000.0,16000.0
ORD_0012608,2024-05-02 18:40:00,2024.0,5.0,JAWA BARAT,1.0,10000,10000.0,10000.0
ORD_0012611,2024-05-02 20:54:00,2024.0,5.0,DKI JAKARTA,0.5,8000,16000.0,16000.0
ORD_0012612,2024-05-02 20:55:00,2024.0,5.0,DKI JAKARTA,0.5,8000,16000.0,16000.0
ORD_0012614,2024-05-02 22:26:00,2024.0,5.0,DKI JAKARTA,2.1,8000,3809.523809523809,3809.523809523809
ORD_0012615,2024-05-02 22:36:00,2024.0,5.0,JAWA BARAT,2.9,16000,5517.241379310345,5517.241379310345
ORD_0012617,2024-05-03 08:00:00,2024.0,5.0,DKI JAKARTA,0.5,10000,20000.0,20000.0
ORD_0012620,2024-05-03 15:04:00,2024.0,5.0,BANTEN,5.0,8000,1600.0,1600.0
ORD_0012622,2024-05-03 16:30:00,2024.0,5.0,JAWA BARAT,4.5,20000,4444.444444444444,4444.444444444444
ORD_0012623,2024-05-03 16:57:00,2024.0,5.0,JAWA BARAT,2.0,9000,4500.0,4500.0
ORD_0012624,2024-05-03 17:34:00,2024.0,5.0,BANTEN,0.6,8000,13333.333333333334,13333.333333333334
ORD_0012625,2024-05-03 17:36:00,2024.0,5.0,NANGGROE ACEH DARUSSALAM (NAD),7.75,58000,7483.870967741936,7483.870967741936
ORD_0012626,2024-05-03 18:27:00,2024.0,5.0,BANTEN,0.5,8000,16000.0,16000.0
ORD_0012628,2024-05-04 01:39:00,2024.0,5.0,JAWA BARAT,1.7,16000,9411.764705882351,9411.764705882351
ORD_0012630,2024-05-04 05:13:00,2024.0,5.0,BANTEN,0.5,8000,16000.0,16000.0
ORD_0012631,2024-05-04 05:40:00,2024.0,5.0,DKI JAKARTA,1.0,8000,8000.0,8000.0
ORD_0012632,2024-05-04 06:21:00,2024.0,5.0,JAWA BARAT,1.8,8000,4444.444444444444,4444.444444444444
ORD_0012633,2024-05-04 07:42:00,2024.0,5.0,BANTEN,2.0,17500,8750.0,8750.0
ORD_0012634,2024-05-04 09:44:00,2024.0,5.0,SUMATERA SELATAN,1.2,3000,2500.0,2500.0
ORD_0012635,2024-05-04 10:58:00,2024.0,5.0,DKI JAKARTA,0.5,8000,16000.0,16000.0
ORD_0012636,2024-05-04 11:39:00,2024.0,5.0,JAWA BARAT,1.0,8000,8000.0,8000.0
ORD_0012637,2024-05-04 12:11:00,2024.0,5.0,DKI JAKARTA,0.5,10000,20000.0,20000.0
ORD_0012638,2024-05-04 12:16:00,2024.0,5.0,BANTEN,0.5,8000,16000.0,16000.0
ORD_0012639,2024-05-04 12:33:00,2024.0,5.0,DKI JAKARTA,0.5,10000,20000.0,20000.0
ORD_0012640,2024-05-04 12:57:00,2024.0,5.0,KALIMANTAN UTARA,1.4,68600,49000.0,49000.0
ORD_0012643,2024-05-04 16:26:00,2024.0,5.0,JAWA BARAT,0.4,8000,20000.0,20000.0
ORD_0012644,2024-05-04 16:35:00,2024.0,5.0,DKI JAKARTA,2.4,10000,4166.666666666667,4166.666666666667
ORD_0012645,2024-05-04 17:09:00,2024.0,5.0,BANTEN,0.5,8000,16000.0,16000.0
ORD_0012647,2024-05-04 18:19:00,2024.0,5.0,JAWA BARAT,0.5,8000,16000.0,16000.0
ORD_0012650,2024-05-04 22:46:00,2024.0,5.0,JAWA BARAT,0.5,14000,28000.0,28000.0
ORD_0012663,2024-05-05 06:15:00,2024.0,5.0,JAWA TENGAH,3.3,4000,1212.1212121212122,1212.1212121212122
ORD_0012673,2024-05-05 12:59:00,2024.0,5.0,SULAWESI SELATAN,1.7,25000,14705.882352941177,14705.882352941177
ORD_0012674,2024-05-05 13:36:00,2024.0,5.0,KALIMANTAN TIMUR,0.4,2000,5000.0,5000.0
ORD_0012685,2024-05-05 18:11:00,2024.0,5.0,JAWA BARAT,0.5,8000,16000.0,16000.0
ORD_0012690,2024-05-05 19:32:00,2024.0,5.0,DI YOGYAKARTA,0.3,4500,15000.0,15000.0
ORD_0012692,2024-05-05 21:16:00,2024.0,5.0,JAWA BARAT,0.5,1500,3000.0,3000.0
ORD_0012702,2024-05-06 06:30:00,2024.0,5.0,JAWA BARAT,1.0,4500,4500.0,4500.0
ORD_0012703,2024-05-06 06:48:00,2024.0,5.0,JAWA BARAT,0.2,2000,10000.0,10000.0
ORD_0012704,2024-05-06 08:12:00,2024.0,5.0,JAWA BARAT,0.2,2500,12500.0,12500.0
ORD_0012709,2024-05-06 11:40:00,2024.0,5.0,JAWA BARAT,0.5,500,1000.0,1000.0
ORD_0012710,2024-05-06 11:54:00,2024.0,5.0,JAWA TIMUR,1.4,12000,8571.428571428572,8571.428571428572
ORD_0012715,2024-05-06 14:15:00,2024.0,5.0,BANTEN,1.7,16000,9411.764705882351,9411.764705882351
ORD_0012722,2024-05-06 19:24:00,2024.0,5.0,JAWA TENGAH,0.7,6000,8571.428571428572,8571.428571428572
ORD_0012729,2024-05-06 21:07:00,2024.0,5.0,JAWA TENGAH,0.5,18000,36000.0,36000.0
ORD_0012733,2024-05-06 23:01:00,2024.0,5.0,NANGGROE ACEH DARUSSALAM (NAD),2.0,9000,4500.0,4500.0
ORD_0012737,2024-05-07 13:00:00,2024.0,5.0,JAWA BARAT,0.5,10000,20000.0,20000.0
ORD_0012738,2024-05-07 19:17:00,2024.0,5.0,SUMATERA SELATAN,2.5,11000,4400.0,4400.0
ORD_0012739,2024-05-07 19:59:00,2024.0,5.0,BANTEN,0.5,8000,16000.0,16000.0
ORD_0012741,2024-05-07 22:14:00,2024.0,5.0,KALIMANTAN BARAT,0.7,3500,5000.0,5000.0
ORD_0012742,2024-05-08 00:01:00,2024.0,5.0,KEPULAUAN RIAU,0.6,7400,12333.333333333334,12333.333333333334
ORD_0012743,2024-05-08 00:13:00,2024.0,5.0,DKI JAKARTA,0.6,8000,13333.333333333334,13333.333333333334
ORD_0012745,2024-05-08 08:40:00,2024.0,5.0,JAWA BARAT,0.5,9500,19000.0,19000.0
ORD_0012746,2024-05-08 09:14:00,2024.0,5.0,BALI,0.25,23000,92000.0,92000.0
ORD_0012747,2024-05-08 10:00:00,2024.0,5.0,BANTEN,7.0,11000,1571.428571428571,1571.428571428571
ORD_0012748,2024-05-08 11:13:00,2024.0,5.0,DKI JAKARTA,2.0,8000,4000.0,4000.0
ORD_0012750,2024-05-08 17:42:00,2024.0,5.0,BANTEN,4.5,48000,10666.666666666666,10666.666666666666
ORD_0012751,2024-05-08 18:36:00,2024.0,5.0,DKI JAKARTA,2.5,4000,1600.0,1600.0
ORD_0012752,2024-05-08 19:12:00,2024.0,5.0,JAWA BARAT,1.0,8000,8000.0,8000.0
ORD_0012754,2024-05-08 21:09:00,2024.0,5.0,JAWA BARAT,0.5,1500,3000.0,3000.0
ORD_0012755,2024-05-08 21:34:00,2024.0,5.0,BANTEN,0.5,8000,16000.0,16000.0
ORD_0012756,2024-05-08 22:54:00,2024.0,5.0,DKI JAKARTA,0.5,8000,16000.0,16000.0
ORD_0012757,2024-05-09 00:24:00,2024.0,5.0,JAWA BARAT,0.5,8000,16000.0,16000.0
ORD_0012759,2024-05-09 09:42:00,2024.0,5.0,DKI JAKARTA,0.7,10000,14285.714285714286,14285.714285714286
ORD_0012761,2024-05-09 12:01:00,2024.0,5.0,BANTEN,119.4,30000,251.25628140703515,251.25628140703515
ORD_0012762,2024-05-09 12:25:00,2024.0,5.0,JAWA BARAT,0.5,16000,32000.0,32000.0
ORD_0012763,2024-05-09 14:07:00,2024.0,5.0,JAWA BARAT,0.2,5000,25000.0,25000.0
ORD_0012764,2024-05-09 14:22:00,2024.0,5.0,JAWA BARAT,1.0,12000,12000.0,12000.0
ORD_0012766,2024-05-09 15:08:00,2024.0,5.0,BANTEN,0.5,8000,16000.0,16000.0
ORD_0012767,2024-05-09 15:34:00,2024.0,5.0,JAWA BARAT,6.4,4000,625.0,625.0
ORD_0012770,2024-05-09 17:14:00,2024.0,5.0,JAWA BARAT,5.8,10000,1724.1379310344828,1724.1379310344828
ORD_0012771,2024-05-09 18:53:00,2024.0,5.0,BANTEN,0.5,8000,16000.0,16000.0
ORD_0012772,2024-05-09 20:10:00,2024.0,5.0,KALIMANTAN TENGAH,1.6,52000,32500.0,32500.0
ORD_0012773,2024-05-09 20:44:00,2024.0,5.0,DKI JAKARTA,1.0,18000,18000.0,18000.0
ORD_0012776,2024-05-10 09:15:00,2024.0,5.0,JAWA BARAT,0.2,13500,67500.0,67500.0
ORD_0012780,2024-05-10 12:30:00,2024.0,5.0,BANTEN,0.4,8000,20000.0,20000.0
ORD_0012782,2024-05-10 14:44:00,2024.0,5.0,JAWA BARAT,1.0,8000,8000.0,8000.0
ORD_0012784,2024-05-10 17:51:00,2024.0,5.0,DKI JAKARTA,1.02,8000,7843.137254901961,7843.137254901961
ORD_0012785,2024-05-10 20:16:00,2024.0,5.0,JAWA BARAT,0.4,12000,30000.0,30000.0
ORD_0012786,2024-05-10 00:02:00,2024.0,5.0,BANGKA BELITUNG,0.5,3000,6000.0,6000.0
ORD_0012788,2024-05-11 09:13:00,2024.0,5.0,BANTEN,0.5,8000,16000.0,16000.0
ORD_0012789,2024-05-11 09:25:00,2024.0,5.0,JAWA BARAT,0.4,8000,20000.0,20000.0
ORD_0012790,2024-05-11 10:37:00,2024.0,5.0,BANTEN,2.0,8000,4000.0,4000.0
ORD_0012791,2024-05-11 11:20:00,2024.0,5.0,JAWA BARAT,0.8,8000,10000.0,10000.0
ORD_0012793,2024-05-11 11:59:00,2024.0,5.0,BANTEN,2.0,8000,4000.0,4000.0
ORD_0012794,2024-05-11 12:59:00,2024.0,5.0,DKI JAKARTA,1.5,8000,5333.333333333333,5333.333333333333
ORD_0012795,2024-05-11 13:18:00,2024.0,5.0,BANTEN,0.5,8000,16000.0,16000.0
ORD_0012796,2024-05-11 13:23:00,2024.0,5.0,DKI JAKARTA,0.5,8000,16000.0,16000.0
ORD_0012797,2024-05-11 14:54:00,2024.0,5.0,DKI JAKARTA,0.5,8000,16000.0,16000.0
ORD_0012798,2024-05-11 15:08:00,2024.0,5.0,JAWA BARAT,0.5,8000,16000.0,16000.0
ORD_0012799,2024-05-11 16:11:00,2024.0,5.0,JAWA BARAT,0.3,8000,26666.666666666668,26666.666666666668
ORD_0012800,2024-05-11 19:34:00,2024.0,5.0,JAWA BARAT,0.5,8000,16000.0,16000.0
ORD_0012801,2024-05-11 19:42:00,2024.0,5.0,JAWA BARAT,0.4,8000,20000.0,20000.0
ORD_0012802,2024-05-11 21:02:00,2024.0,5.0,JAWA BARAT,0.5,15000,30000.0,30000.0
ORD_0012804,2024-05-12 00:20:00,2024.0,5.0,BANTEN,0.5,16500,33000.0,33000.0
ORD_0012805,2024-05-12 08:49:00,2024.0,5.0,BANTEN,6.8,16000,2352.9411764705883,2352.9411764705883
ORD_0012807,2024-05-12 09:24:00,2024.0,5.0,JAWA BARAT,0.5,8000,16000.0,16000.0
ORD_0012808,2024-05-12 09:41:00,2024.0,5.0,JAWA TENGAH,4.5,22000,4888.888888888889,4888.888888888889
ORD_0012809,2024-05-12 10:01:00,2024.0,5.0,BANTEN,1.74,8000,4597.701149425287,4597.701149425287
ORD_0012810,2024-05-12 10:24:00,2024.0,5.0,JAWA BARAT,0.4,8000,20000.0,20000.0
ORD_0012811,2024-05-12 11:03:00,2024.0,5.0,DKI JAKARTA,1.0,8000,8000.0,8000.0
ORD_0012813,2024-05-12 12:01:00,2024.0,5.0,JAWA BARAT,4.5,6000,1333.3333333333333,1333.3333333333333
ORD_0012815,2024-05-12 14:38:00,2024.0,5.0,JAWA BARAT,1.0,8000,8000.0,8000.0
ORD_0012816,2024-05-12 14:39:00,2024.0,5.0,SULAWESI SELATAN,0.3,32700,109000.0,109000.0
ORD_0012817,2024-05-12 15:58:00,2024.0,5.0,JAMBI,0.2,6500,32500.0,32500.0
ORD_0012818,2024-05-12 16:06:00,2024.0,5.0,JAWA BARAT,0.5,8000,16000.0,16000.0
ORD_0012819,2024-05-12 16:12:00,2024.0,5.0,JAWA BARAT,0.5,8000,16000.0,16000.0
ORD_0012821,2024-05-12 21:28:00,2024.0,5.0,SUMATERA UTARA,1.7,30000,17647.058823529413,17647.058823529413
ORD_0012823,2024-05-12 23:51:00,2024.0,5.0,JAWA BARAT,0.5,8000,16000.0,16000.0
ORD_0012824,2024-05-13 01:06:00,2024.0,5.0,BANTEN,0.5,13000,26000.0,26000.0
ORD_0012825,2024-05-13 02:22:00,2024.0,5.0,BANTEN,18.0,17500,972.2222222222222,972.2222222222222
ORD_0012826,2024-05-13 05:45:00,2024.0,5.0,JAWA BARAT,0.8,15500,19375.0,19375.0
ORD_0012827,2024-05-13 05:51:00,2024.0,5.0,JAWA TENGAH,0.4,18000,45000.0,45000.0
ORD_0012828,2024-05-13 07:18:00,2024.0,5.0,BANTEN,0.5,8000,16000.0,16000.0
ORD_0012830,2024-05-13 07:53:00,2024.0,5.0,BANTEN,6.05,8000,1322.314049586777,1322.314049586777
ORD_0012832,2024-05-13 11:17:00,2024.0,5.0,SUMATERA UTARA,5.0,45000,9000.0,9000.0
ORD_0012834,2024-05-13 12:44:00,2024.0,5.0,GORONTALO,2.6,93600,36000.0,36000.0
ORD_0012835,2024-05-13 13:49:00,2024.0,5.0,SUMATERA SELATAN,0.3,6000,20000.0,20000.0
ORD_0012839,2024-05-13 20:27:00,2024.0,5.0,BANTEN,0.2,8000,40000.0,40000.0
ORD_0012840,2024-05-13 23:46:00,2024.0,5.0,BANTEN,9.93,10000,1007.0493454179256,1007.0493454179256
ORD_0012841,2024-05-14 04:08:00,2024.0,5.0,DKI JAKARTA,0.2,8000,40000.0,40000.0
ORD_0012842,2024-05-14 05:54:00,2024.0,5.0,BANTEN,0.5,8000,16000.0,16000.0
ORD_0012843,2024-05-14 05:58:00,2024.0,5.0,JAWA BARAT,0.5,16000,32000.0,32000.0
ORD_0012846,2024-05-14 09:59:00,2024.0,5.0,JAWA BARAT,2.0,10000,5000.0,5000.0
ORD_0012848,2024-05-14 10:55:00,2024.0,5.0,DI YOGYAKARTA,4.2,29000,6904.761904761905,6904.761904761905
ORD_0012849,2024-05-14 11:03:00,2024.0,5.0,DKI JAKARTA,1.4,8000,5714.285714285715,5714.285714285715
ORD_0012850,2024-05-14 11:16:00,2024.0,5.0,JAWA TIMUR,1.2,19500,16250.0,16250.0
ORD_0012851,2024-05-14 13:15:00,2024.0,5.0,JAWA BARAT,0.5,5500,11000.0,11000.0
ORD_0012852,2024-05-14 13:51:00,2024.0,5.0,DKI JAKARTA,1.0,8000,8000.0,8000.0
ORD_0012857,2024-05-14 16:46:00,2024.0,5.0,BANTEN,5.2,4000,769.2307692307692,769.2307692307692
ORD_0012858,2024-05-14 17:35:00,2024.0,5.0,DKI JAKARTA,0.5,9000,18000.0,18000.0
ORD_0012860,2024-05-14 17:39:00,2024.0,5.0,BANTEN,0.4,8000,20000.0,20000.0
ORD_0012861,2024-05-14 18:37:00,2024.0,5.0,JAWA BARAT,0.5,10000,20000.0,20000.0
ORD_0012862,2024-05-14 18:47:00,2024.0,5.0,BANTEN,1.0,16500,16500.0,16500.0
ORD_0012863,2024-05-14 19:39:00,2024.0,5.0,DKI JAKARTA,1.0,8000,8000.0,8000.0
ORD_0012864,2024-05-14 19:45:00,2024.0,5.0,BANTEN,4.5,16000,3555.5555555555557,3555.5555555555557
ORD_0012866,2024-05-14 20:53:00,2024.0,5.0,JAWA BARAT,0.1,1500,15000.0,15000.0
ORD_0012867,2024-05-14 22:43:00,2024.0,5.0,BANTEN,0.5,8000,16000.0,16000.0
ORD_0012868,2024-05-14 23:32:00,2024.0,5.0,DKI JAKARTA,0.5,36500,73000.0,73000.0
ORD_0012869,2024-05-15 07:15:00,2024.0,5.0,JAWA BARAT,2.2,8000,3636.363636363636,3636.363636363636
ORD_0012870,2024-05-15 07:21:00,2024.0,5.0,JAWA TENGAH,0.5,20500,41000.0,41000.0
ORD_0012875,2024-05-15 13:48:00,2024.0,5.0,DKI JAKARTA,0.5,89000,178000.0,170093.75000000035
ORD_0012876,2024-05-15 13:55:00,2024.0,5.0,JAWA BARAT,0.5,10500,21000.0,21000.0
ORD_0012877,2024-05-15 13:56:00,2024.0,5.0,JAWA BARAT,0.5,10500,21000.0,21000.0
ORD_0012880,2024-05-15 14:16:00,2024.0,5.0,BANTEN,4.8,22500,4687.5,4687.5
ORD_0012882,2024-05-15 17:42:00,2024.0,5.0,SUMATERA SELATAN,2.0,14000,7000.0,7000.0
ORD_0012883,2024-05-15 20:17:00,2024.0,5.0,BANTEN,4.5,15000,3333.3333333333335,3333.3333333333335
ORD_0012884,2024-05-15 22:49:00,2024.0,5.0,BANTEN,0.5,8000,16000.0,16000.0
ORD_0012885,2024-05-15 23:11:00,2024.0,5.0,JAWA BARAT,0.5,8000,16000.0,16000.0
ORD_0012887,2024-05-16 05:49:00,2024.0,5.0,JAWA BARAT,8.1,4000,493.8271604938272,493.8271604938272
ORD_0012890,2024-05-16 09:03:00,2024.0,5.0,DKI JAKARTA,0.5,18000,36000.0,36000.0
ORD_0012891,2024-05-16 10:43:00,2024.0,5.0,SUMATERA SELATAN,1.6,34600,21625.0,21625.0
ORD_0012895,2024-05-16 12:57:00,2024.0,5.0,DKI JAKARTA,8.0,21000,2625.0,2625.0
ORD_0012899,2024-05-16 17:37:00,2024.0,5.0,JAWA BARAT,0.5,18000,36000.0,36000.0
ORD_0012900,2024-05-16 17:39:00,2024.0,5.0,DKI JAKARTA,4.5,16000,3555.5555555555557,3555.5555555555557
ORD_0012901,2024-05-16 19:03:00,2024.0,5.0,BANTEN,0.6,8000,13333.333333333334,13333.333333333334
ORD_0012902,2024-05-16 19:04:00,2024.0,5.0,JAWA BARAT,0.2,8000,40000.0,40000.0
ORD_0012903,2024-05-16 19:24:00,2024.0,5.0,BANTEN,1.0,8000,8000.0,8000.0
ORD_0012904,2024-05-16 19:27:00,2024.0,5.0,KEPULAUAN RIAU,1.6,49200,30750.0,30750.0
ORD_0012907,2024-05-17 04:25:00,2024.0,5.0,BANTEN,0.2,8000,40000.0,40000.0
ORD_0012909,2024-05-17 11:20:00,2024.0,5.0,JAWA BARAT,2.0,10000,5000.0,5000.0
ORD_0012910,2024-05-17 13:49:00,2024.0,5.0,JAWA TENGAH,2.0,22000,11000.0,11000.0
ORD_0012911,2024-05-17 16:02:00,2024.0,5.0,SULAWESI TENGAH,1.2,34300,28583.333333333336,28583.333333333336
ORD_0012912,2024-05-17 18:05:00,2024.0,5.0,JAWA BARAT,0.5,5500,11000.0,11000.0
ORD_0012915,2024-05-18 03:24:00,2024.0,5.0,JAWA BARAT,0.4,8000,20000.0,20000.0
ORD_0012916,2024-05-18 05:40:00,2024.0,5.0,LAMPUNG,0.5,16000,32000.0,32000.0
ORD_0012917,2024-05-18 08:01:00,2024.0,5.0,DKI JAKARTA,4.0,17500,4375.0,4375.0
ORD_0012918,2024-05-18 09:05:00,2024.0,5.0,SUMATERA SELATAN,5.4,31000,5740.74074074074,5740.74074074074
ORD_0012919,2024-05-18 12:04:00,2024.0,5.0,SUMATERA BARAT,0.2,4700,23500.0,23500.0
ORD_0012920,2024-05-18 12:29:00,2024.0,5.0,SULAWESI SELATAN,1.7,65200,38352.94117647059,38352.94117647059
ORD_0012922,2024-05-18 12:49:00,2024.0,5.0,BANGKA BELITUNG,0.2,36100,180500.0,170093.75000000035
ORD_0012923,2024-05-18 14:32:00,2024.0,5.0,DKI JAKARTA,0.5,8000,16000.0,16000.0
ORD_0012924,2024-05-18 18:22:00,2024.0,5.0,DKI JAKARTA,0.5,8000,16000.0,16000.0
ORD_0012926,2024-05-18 20:38:00,2024.0,5.0,BANTEN,4.5,17500,3888.8888888888887,3888.8888888888887
ORD_0012927,2024-05-18 20:39:00,2024.0,5.0,JAWA BARAT,0.5,8000,16000.0,16000.0
ORD_0012928,2024-05-18 23:39:00,2024.0,5.0,BANTEN,0.5,8000,16000.0,16000.0
ORD_0012930,2024-05-19 05:40:00,2024.0,5.0,JAWA TENGAH,0.4,16500,41250.0,41250.0
ORD_0012932,2024-05-19 08:26:00,2024.0,5.0,DKI JAKARTA,2.1,90000,42857.142857142855,42857.142857142855
ORD_0012933,2024-05-19 09:20:00,2024.0,5.0,NUSA TENGGARA BARAT (NTB),1.7,29000,17058.823529411766,17058.823529411766
ORD_0012934,2024-05-19 09:23:00,2024.0,5.0,JAWA BARAT,0.5,10000,20000.0,20000.0
ORD_0012935,2024-05-19 11:30:00,2024.0,5.0,JAWA BARAT,0.5,7500,15000.0,15000.0
ORD_0012939,2024-05-19 17:58:00,2024.0,5.0,DKI JAKARTA,0.2,8000,40000.0,40000.0
ORD_0012941,2024-05-19 22:23:00,2024.0,5.0,DI YOGYAKARTA,6.9,30000,4347.826086956521,4347.826086956521
ORD_0012942,2024-05-20 06:21:00,2024.0,5.0,SULAWESI SELATAN,0.6,11500,19166.666666666668,19166.666666666668
ORD_0012943,2024-05-20 08:34:00,2024.0,5.0,JAWA BARAT,0.5,9000,18000.0,18000.0
ORD_0012944,2024-05-20 10:06:00,2024.0,5.0,BANTEN,6.8,17500,2573.529411764706,2573.529411764706
ORD_0012946,2024-05-20 13:36:00,2024.0,5.0,JAWA TENGAH,1.0,7500,7500.0,7500.0
ORD_0012947,2024-05-20 14:44:00,2024.0,5.0,BANTEN,0.5,8000,16000.0,16000.0
ORD_0012948,2024-05-20 16:00:00,2024.0,5.0,DKI JAKARTA,8.0,1000,125.0,125.0
ORD_0012951,2024-05-20 18:43:00,2024.0,5.0,JAWA TENGAH,2.1,11000,5238.095238095238,5238.095238095238
ORD_0012952,2024-05-20 19:57:00,2024.0,5.0,JAWA BARAT,2.0,16000,8000.0,8000.0
ORD_0012954,2024-05-21 01:02:00,2024.0,5.0,LAMPUNG,1.8,34600,19222.222222222223,19222.222222222223
ORD_0012956,2024-05-21 07:43:00,2024.0,5.0,JAWA BARAT,2.0,8000,4000.0,4000.0
ORD_0012957,2024-05-21 08:07:00,2024.0,5.0,DKI JAKARTA,1.0,25000,25000.0,25000.0
ORD_0012960,2024-05-21 09:58:00,2024.0,5.0,JAWA BARAT,2.0,10000,5000.0,5000.0
ORD_0012961,2024-05-21 10:19:00,2024.0,5.0,DKI JAKARTA,5.2,10000,1923.076923076923,1923.076923076923
ORD_0012964,2024-05-21 12:23:00,2024.0,5.0,DKI JAKARTA,5.6,48000,8571.428571428572,8571.428571428572
ORD_0012966,2024-05-21 13:11:00,2024.0,5.0,DKI JAKARTA,7.0,39000,5571.428571428572,5571.428571428572
ORD_0012968,2024-05-21 13:56:00,2024.0,5.0,BANGKA BELITUNG,0.2,18500,92500.0,92500.0
ORD_0012970,2024-05-21 14:18:00,2024.0,5.0,BANTEN,0.2,13000,65000.0,65000.0
ORD_0012971,2024-05-21 18:23:00,2024.0,5.0,SULAWESI SELATAN,0.4,3300,8250.0,8250.0
ORD_0012972,2024-05-21 18:49:00,2024.0,5.0,BANTEN,0.3,8000,26666.666666666668,26666.666666666668
ORD_0012973,2024-05-21 20:09:00,2024.0,5.0,BANTEN,0.8,8000,10000.0,10000.0
ORD_0012976,2024-05-22 07:37:00,2024.0,5.0,JAWA TENGAH,4.0,25000,6250.0,6250.0
ORD_0012978,2024-05-22 09:20:00,2024.0,5.0,BANTEN,1.0,8000,8000.0,8000.0
ORD_0012979,2024-05-22 10:11:00,2024.0,5.0,BANTEN,0.2,7500,37500.0,37500.0
ORD_0012980,2024-05-22 10:12:00,2024.0,5.0,DKI JAKARTA,0.5,8000,16000.0,16000.0
ORD_0012981,2024-05-22 10:50:00,2024.0,5.0,SUMATERA UTARA,0.2,34500,172500.0,170093.75000000035
ORD_0012982,2024-05-22 11:31:00,2024.0,5.0,DKI JAKARTA,0.5,8000,16000.0,16000.0
ORD_0012983,2024-05-22 11:37:00,2024.0,5.0,JAWA BARAT,2.0,8000,4000.0,4000.0
ORD_0012984,2024-05-22 14:45:00,2024.0,5.0,LAMPUNG,1.5,25000,16666.666666666668,16666.666666666668
ORD_0012985,2024-05-22 21:23:00,2024.0,5.0,JAWA TENGAH,1.5,16000,10666.666666666666,10666.666666666666
ORD_0012986,2024-05-22 23:11:00,2024.0,5.0,JAWA BARAT,1.0,1500,1500.0,1500.0
ORD_0012989,2024-05-23 09:09:00,2024.0,5.0,JAWA BARAT,8.25,16000,1939.3939393939395,1939.3939393939395
ORD_0012990,2024-05-23 09:59:00,2024.0,5.0,BANTEN,16.65,43000,2582.5825825825827,2582.5825825825827
ORD_0012991,2024-05-23 10:07:00,2024.0,5.0,BANTEN,2.5,8500,3400.0,3400.0
ORD_0012992,2024-05-23 14:31:00,2024.0,5.0,BANTEN,1.7,16000,9411.764705882351,9411.764705882351
ORD_0012993,2024-05-23 14:45:00,2024.0,5.0,DKI JAKARTA,0.5,8000,16000.0,16000.0
ORD_0012994,2024-05-23 15:00:00,2024.0,5.0,DKI JAKARTA,1.7,16000,9411.764705882351,9411.764705882351
ORD_0012997,2024-05-23 16:38:00,2024.0,5.0,JAWA BARAT,0.5,9500,19000.0,19000.0
ORD_0012999,2024-05-23 18:33:00,2024.0,5.0,JAWA BARAT,0.25,9000,36000.0,36000.0
ORD_0013001,2024-05-23 20:01:00,2024.0,5.0,JAWA BARAT,4.0,48000,12000.0,12000.0
ORD_0013003,2024-05-23 21:07:00,2024.0,5.0,JAWA BARAT,1.0,9000,9000.0,9000.0
ORD_0013006,2024-05-24 04:21:00,2024.0,5.0,DKI JAKARTA,0.5,8000,16000.0,16000.0
ORD_0013007,2024-05-24 05:56:00,2024.0,5.0,JAWA BARAT,1.0,17000,17000.0,17000.0
ORD_0013008,2024-05-24 08:31:00,2024.0,5.0,DKI JAKARTA,0.5,8000,16000.0,16000.0
ORD_0013009,2024-05-24 09:15:00,2024.0,5.0,DKI JAKARTA,0.5,18000,36000.0,36000.0
ORD_0013011,2024-05-24 10:20:00,2024.0,5.0,JAWA BARAT,0.5,10000,20000.0,20000.0
ORD_0013012,2024-05-24 10:29:00,2024.0,5.0,JAWA BARAT,0.28,8000,28571.42857142857,28571.42857142857
ORD_0013014,2024-05-24 11:09:00,2024.0,5.0,BANTEN,0.5,9500,19000.0,19000.0
ORD_0013015,2024-05-24 11:45:00,2024.0,5.0,BANTEN,1.7,1000,588.2352941176471,588.2352941176471
ORD_0013016,2024-05-24 11:52:00,2024.0,5.0,BANTEN,0.5,8000,16000.0,16000.0
ORD_0013017,2024-05-24 13:20:00,2024.0,5.0,JAWA BARAT,0.5,8000,16000.0,16000.0
ORD_0013018,2024-05-24 13:41:00,2024.0,5.0,DKI JAKARTA,1.0,8000,8000.0,8000.0
ORD_0013020,2024-05-24 15:51:00,2024.0,5.0,JAWA BARAT,0.5,10000,20000.0,20000.0
ORD_0013021,2024-05-24 16:27:00,2024.0,5.0,DKI JAKARTA,0.5,8000,16000.0,16000.0
ORD_0013022,2024-05-24 17:33:00,2024.0,5.0,JAWA BARAT,0.25,9000,36000.0,36000.0
ORD_0013023,2024-05-24 18:26:00,2024.0,5.0,JAWA BARAT,0.5,2000,4000.0,4000.0
ORD_0013024,2024-05-24 18:41:00,2024.0,5.0,BANTEN,0.08,8000,100000.0,100000.0
ORD_0013025,2024-05-24 19:36:00,2024.0,5.0,JAWA BARAT,0.5,2000,4000.0,4000.0
ORD_0013029,2024-05-24 22:10:00,2024.0,5.0,KALIMANTAN TIMUR,4.0,138000,34500.0,34500.0
ORD_0013034,2024-05-25 05:37:00,2024.0,5.0,JAWA BARAT,0.5,5500,11000.0,11000.0
ORD_0013044,2024-05-25 12:09:00,2024.0,5.0,BANTEN,5.6,3300,589.2857142857143,589.2857142857143
ORD_0013045,2024-05-25 12:10:00,2024.0,5.0,SUMATERA BARAT,0.2,1000,5000.0,5000.0
ORD_0013046,2024-05-25 12:11:00,2024.0,5.0,RIAU,1.7,32400,19058.82352941177,19058.82352941177
ORD_0013048,2024-05-25 13:11:00,2024.0,5.0,JAWA BARAT,3.0,4000,1333.3333333333333,1333.3333333333333
ORD_0013049,2024-05-25 13:25:00,2024.0,5.0,JAWA BARAT,2.0,8000,4000.0,4000.0
ORD_0013059,2024-05-25 17:36:00,2024.0,5.0,SULAWESI SELATAN,1.2,33200,27666.666666666668,27666.666666666668
ORD_0013061,2024-05-25 18:20:00,2024.0,5.0,JAWA TENGAH,0.2,16000,80000.0,80000.0
ORD_0013063,2024-05-25 19:14:00,2024.0,5.0,JAWA BARAT,0.2,9000,45000.0,45000.0
ORD_0013064,2024-05-25 19:47:00,2024.0,5.0,SULAWESI UTARA,0.8,20500,25625.0,25625.0
ORD_0013071,2024-05-26 07:54:00,2024.0,5.0,JAWA BARAT,2.0,8000,4000.0,4000.0
ORD_0013074,2024-05-26 11:04:00,2024.0,5.0,DKI JAKARTA,0.5,10000,20000.0,20000.0
ORD_0013076,2024-05-26 11:15:00,2024.0,5.0,LAMPUNG,2.0,36000,18000.0,18000.0
ORD_0013077,2024-05-26 11:29:00,2024.0,5.0,BANTEN,25.2,5000,198.4126984126984,198.4126984126984
ORD_0013078,2024-05-26 12:11:00,2024.0,5.0,JAWA BARAT,0.4,15500,38750.0,38750.0
ORD_0013079,2024-05-26 14:23:00,2024.0,5.0,JAWA BARAT,2.5,24000,9600.0,9600.0
ORD_0013080,2024-05-26 15:17:00,2024.0,5.0,BANTEN,0.5,8000,16000.0,16000.0
ORD_0013082,2024-05-26 15:48:00,2024.0,5.0,JAWA BARAT,1.0,8000,8000.0,8000.0
ORD_0013083,2024-05-26 17:19:00,2024.0,5.0,DKI JAKARTA,0.5,8000,16000.0,16000.0
ORD_0013085,2024-05-26 19:00:00,2024.0,5.0,JAWA BARAT,1.0,8000,8000.0,8000.0
ORD_0013086,2024-05-26 19:12:00,2024.0,5.0,BANTEN,0.5,8000,16000.0,16000.0
ORD_0013087,2024-05-26 19:52:00,2024.0,5.0,JAWA BARAT,0.2,2000,10000.0,10000.0
ORD_0013088,2024-05-26 20:40:00,2024.0,5.0,BANTEN,4.5,17500,3888.8888888888887,3888.8888888888887
ORD_0013089,2024-05-26 20:43:00,2024.0,5.0,DKI JAKARTA,0.2,8000,40000.0,40000.0
ORD_0013095,2024-05-27 10:04:00,2024.0,5.0,KALIMANTAN TIMUR,1.2,24000,20000.0,20000.0
ORD_0013096,2024-05-27 10:10:00,2024.0,5.0,JAWA BARAT,0.8,8000,10000.0,10000.0
ORD_0013097,2024-05-27 10:16:00,2024.0,5.0,DKI JAKARTA,0.5,8000,16000.0,16000.0
ORD_0013098,2024-05-27 10:41:00,2024.0,5.0,BANTEN,0.2,8000,40000.0,40000.0
ORD_0013099,2024-05-27 11:02:00,2024.0,5.0,SUMATERA SELATAN,0.4,35000,87500.0,87500.0
ORD_0013100,2024-05-27 11:46:00,2024.0,5.0,JAWA BARAT,0.5,12000,24000.0,24000.0
ORD_0013101,2024-05-27 12:02:00,2024.0,5.0,JAWA BARAT,0.25,9000,36000.0,36000.0
ORD_0013102,2024-05-27 12:20:00,2024.0,5.0,BANTEN,2.0,23000,11500.0,11500.0
ORD_0013103,2024-05-27 14:00:00,2024.0,5.0,JAWA BARAT,0.5,10000,20000.0,20000.0
ORD_0013104,2024-05-27 14:40:00,2024.0,5.0,JAWA BARAT,5.0,20000,4000.0,4000.0
ORD_0013105,2024-05-27 15:39:00,2024.0,5.0,JAWA BARAT,0.2,14500,72500.0,72500.0
ORD_0013106,2024-05-27 15:49:00,2024.0,5.0,JAWA BARAT,1.0,8000,8000.0,8000.0
ORD_0013107,2024-05-27 16:48:00,2024.0,5.0,BANTEN,1.0,8000,8000.0,8000.0
ORD_0013108,2024-05-27 16:57:00,2024.0,5.0,BANTEN,2.0,7500,3750.0,3750.0
ORD_0013109,2024-05-27 18:27:00,2024.0,5.0,JAWA BARAT,2.0,20000,10000.0,10000.0
ORD_0013112,2024-05-27 20:17:00,2024.0,5.0,JAWA BARAT,3.0,8000,2666.6666666666665,2666.6666666666665
ORD_0013113,2024-05-27 20:24:00,2024.0,5.0,BANTEN,0.5,8000,16000.0,16000.0
ORD_0013115,2024-05-28 05:02:00,2024.0,5.0,BANTEN,0.5,8000,16000.0,16000.0
ORD_0013116,2024-05-28 08:33:00,2024.0,5.0,DKI JAKARTA,0.5,8000,16000.0,16000.0
ORD_0013117,2024-05-28 09:04:00,2024.0,5.0,DKI JAKARTA,0.5,17500,35000.0,35000.0
ORD_0013119,2024-05-28 11:20:00,2024.0,5.0,KALIMANTAN BARAT,0.6,35300,58833.333333333336,58833.333333333336
ORD_0013120,2024-05-28 11:45:00,2024.0,5.0,JAWA BARAT,2.0,8000,4000.0,4000.0
ORD_0013121,2024-05-28 12:50:00,2024.0,5.0,BALI,1.2,3000,2500.0,2500.0
ORD_0013123,2024-05-28 14:32:00,2024.0,5.0,DKI JAKARTA,0.5,8000,16000.0,16000.0
ORD_0013125,2024-05-28 16:20:00,2024.0,5.0,DKI JAKARTA,2.0,10000,5000.0,5000.0
ORD_0013127,2024-05-28 18:08:00,2024.0,5.0,JAWA BARAT,0.5,8000,16000.0,16000.0
ORD_0013128,2024-05-28 20:25:00,2024.0,5.0,DKI JAKARTA,0.5,8000,16000.0,16000.0
ORD_0013129,2024-05-28 21:07:00,2024.0,5.0,SUMATERA SELATAN,0.8,4500,5625.0,5625.0
ORD_0013130,2024-05-28 22:01:00,2024.0,5.0,JAWA BARAT,1.8,12000,6666.666666666666,6666.666666666666
ORD_0013131,2024-05-29 00:44:00,2024.0,5.0,JAWA TENGAH,0.3,14500,48333.333333333336,48333.333333333336
ORD_0013132,2024-05-29 04:18:00,2024.0,5.0,DKI JAKARTA,0.3,8000,26666.666666666668,26666.666666666668
ORD_0013136,2024-05-29 09:12:00,2024.0,5.0,DKI JAKARTA,17.5,12000,685.7142857142857,685.7142857142857
ORD_0013140,2024-05-29 10:05:00,2024.0,5.0,DKI JAKARTA,2.0,17500,8750.0,8750.0
ORD_0013141,2024-05-29 11:24:00,2024.0,5.0,JAWA TIMUR,1.0,19000,19000.0,19000.0
ORD_0013143,2024-05-29 12:50:00,2024.0,5.0,BANTEN,0.4,9500,23750.0,23750.0
ORD_0013144,2024-05-29 15:01:00,2024.0,5.0,JAWA BARAT,0.5,10000,20000.0,20000.0
ORD_0013145,2024-05-29 15:42:00,2024.0,5.0,JAMBI,0.5,10000,20000.0,20000.0
ORD_0013146,2024-05-29 17:04:00,2024.0,5.0,JAWA BARAT,4.0,42000,10500.0,10500.0
ORD_0013149,2024-05-29 19:59:00,2024.0,5.0,DKI JAKARTA,4.5,16000,3555.5555555555557,3555.5555555555557
ORD_0013150,2024-05-29 20:38:00,2024.0,5.0,BANTEN,0.4,8000,20000.0,20000.0
ORD_0013151,2024-05-29 22:29:00,2024.0,5.0,JAWA BARAT,0.3,8000,26666.666666666668,26666.666666666668
ORD_0013152,2024-05-30 03:13:00,2024.0,5.0,BANTEN,0.2,8000,40000.0,40000.0
ORD_0013153,2024-05-30 06:39:00,2024.0,5.0,BANTEN,0.5,16500,33000.0,33000.0
ORD_0013154,2024-05-30 06:43:00,2024.0,5.0,SULAWESI SELATAN,1.2,3200,2666.666666666667,2666.666666666667
ORD_0013156,2024-05-30 08:29:00,2024.0,5.0,JAWA TIMUR,2.0,11000,5500.0,5500.0
ORD_0013157,2024-05-30 09:32:00,2024.0,5.0,DKI JAKARTA,0.5,8000,16000.0,16000.0
ORD_0013159,2024-05-30 10:22:00,2024.0,5.0,JAMBI,2.0,20000,10000.0,10000.0
ORD_0013161,2024-05-30 14:40:00,2024.0,5.0,DKI JAKARTA,0.5,8000,16000.0,16000.0
ORD_0013162,2024-05-30 15:09:00,2024.0,5.0,JAWA BARAT,0.5,10000,20000.0,20000.0
ORD_0013163,2024-05-30 16:58:00,2024.0,5.0,SUMATERA SELATAN,0.5,17000,34000.0,34000.0
ORD_0013168,2024-05-31 01:01:00,2024.0,5.0,BANTEN,2.0,10000,5000.0,5000.0
ORD_0013171,2024-05-31 08:23:00,2024.0,5.0,JAWA BARAT,0.5,8000,16000.0,16000.0
ORD_0013177,2024-05-31 13:41:00,2024.0,5.0,DKI JAKARTA,0.5,8000,16000.0,16000.0
ORD_0013178,2024-05-31 14:00:00,2024.0,5.0,BANTEN,2.4,10000,4166.666666666667,4166.666666666667
ORD_0013179,2024-05-31 14:44:00,2024.0,5.0,BANGKA BELITUNG,1.6,6100,3812.5,3812.5
ORD_0013180,2024-05-31 16:36:00,2024.0,5.0,JAWA BARAT,2.0,1000,500.0,500.0
ORD_0013181,2024-05-31 16:38:00,2024.0,5.0,JAWA BARAT,2.5,36000,14400.0,14400.0
ORD_0013183,2024-05-31 21:34:00,2024.0,5.0,JAWA BARAT,2.0,11500,5750.0,5750.0
ORD_0013185,2024-05-31 23:19:00,2024.0,5.0,JAWA TENGAH,1.0,18000,18000.0,18000.0
ORD_0013189,2025-05-01 09:34:00,2025.0,5.0,JAWA TIMUR,1.5,8800,5866.666666666667,5866.666666666667
ORD_0013190,2025-05-01 09:53:00,2025.0,5.0,BANTEN,0.1,3000,30000.0,30000.0
ORD_0013196,2025-05-01 14:33:00,2025.0,5.0,DKI JAKARTA,0.2,8000,40000.0,40000.0
ORD_0013198,2025-05-01 15:04:00,2025.0,5.0,SUMATERA SELATAN,0.2,13600,68000.0,68000.0
ORD_0013204,2025-05-01 17:19:00,2025.0,5.0,JAWA BARAT,0.08,5500,68750.0,68750.0
ORD_0013206,2025-05-01 18:34:00,2025.0,5.0,JAWA BARAT,2.0,1000,500.0,500.0
ORD_0013216,2025-05-02 00:07:00,2025.0,5.0,JAWA BARAT,0.5,2000,4000.0,4000.0
ORD_0013229,2025-05-02 13:09:00,2025.0,5.0,SULAWESI SELATAN,1.2,7200,6000.0,6000.0
ORD_0013234,2025-05-02 17:22:00,2025.0,5.0,SUMATERA UTARA,0.72,16300,22638.88888888889,22638.88888888889
ORD_0013241,2025-05-02 21:51:00,2025.0,5.0,JAWA TIMUR,1.7,12000,7058.823529411765,7058.823529411765
ORD_0013252,2025-05-03 13:08:00,2025.0,5.0,SUMATERA BARAT,0.4,15100,37750.0,37750.0
ORD_0013254,2025-05-03 13:48:00,2025.0,5.0,JAWA TENGAH,4.0,24000,6000.0,6000.0
ORD_0013257,2025-05-03 14:49:00,2025.0,5.0,BANTEN,5.3,20000,3773.5849056603774,3773.5849056603774
ORD_0013261,2025-05-03 17:05:00,2025.0,5.0,SULAWESI SELATAN,1.2,12200,10166.666666666668,10166.666666666668
ORD_0013272,2025-05-04 11:37:00,2025.0,5.0,DI YOGYAKARTA,0.2,500,2500.0,2500.0
ORD_0013273,2025-05-04 12:22:00,2025.0,5.0,KALIMANTAN BARAT,0.3,15400,51333.333333333336,51333.333333333336
ORD_0013276,2025-05-04 14:31:00,2025.0,5.0,SUMATERA BARAT,0.2,1000,5000.0,5000.0
ORD_0013277,2025-05-04 14:45:00,2025.0,5.0,JAWA TIMUR,1.7,800,470.5882352941177,470.5882352941177
ORD_0013278,2025-05-04 15:40:00,2025.0,5.0,SULAWESI SELATAN,1.0,16500,16500.0,16500.0
ORD_0013279,2025-05-04 18:09:00,2025.0,5.0,NANGGROE ACEH DARUSSALAM (NAD),0.2,12000,60000.0,60000.0
ORD_0013281,2025-05-04 18:34:00,2025.0,5.0,JAWA TENGAH,3.0,6100,2033.3333333333333,2033.3333333333333
ORD_0013282,2025-05-04 19:41:00,2025.0,5.0,JAWA TENGAH,0.2,1000,5000.0,5000.0
ORD_0013287,2025-05-04 21:59:00,2025.0,5.0,DI YOGYAKARTA,1.7,12000,7058.823529411765,7058.823529411765
ORD_0013290,2025-05-03 23:59:00,2025.0,5.0,BENGKULU,0.4,13500,33750.0,33750.0
ORD_0013297,2025-05-05 07:16:00,2025.0,5.0,DKI JAKARTA,0.5,18000,36000.0,36000.0
ORD_0013298,2025-05-05 07:19:00,2025.0,5.0,BANTEN,7.0,1000,142.85714285714286,142.85714285714286
ORD_0013303,2025-05-05 09:48:00,2025.0,5.0,JAWA BARAT,0.1,8000,80000.0,80000.0
ORD_0013306,2025-05-05 11:13:00,2025.0,5.0,RIAU,0.9,11500,12777.777777777776,12777.777777777776
ORD_0013339,2025-05-06 10:50:00,2025.0,5.0,JAWA BARAT,12.0,38400,3200.0,3200.0
ORD_0013344,2025-05-06 18:18:00,2025.0,5.0,JAWA BARAT,0.65,1000,1538.4615384615383,1538.4615384615383
ORD_0013348,2025-05-06 20:35:00,2025.0,5.0,JAWA TENGAH,1.4,8800,6285.714285714286,6285.714285714286
ORD_0013353,2025-05-06 22:33:00,2025.0,5.0,RIAU,1.0,1000,1000.0,1000.0
ORD_0013358,2025-05-07 07:03:00,2025.0,5.0,JAWA TIMUR,0.6,1000,1666.6666666666667,1666.6666666666667
ORD_0013360,2025-05-07 08:28:00,2025.0,5.0,SUMATERA SELATAN,0.4,8500,21250.0,21250.0
ORD_0013363,2025-05-07 13:27:00,2025.0,5.0,JAWA BARAT,0.63,500,793.6507936507936,793.6507936507936
ORD_0013366,2025-05-07 16:31:00,2025.0,5.0,JAWA TIMUR,0.65,1000,1538.4615384615383,1538.4615384615383
ORD_0013368,2025-05-07 17:05:00,2025.0,5.0,BENGKULU,22.44,1838,81.90730837789661,81.90730837789661
ORD_0013373,2025-05-07 19:46:00,2025.0,5.0,JAWA BARAT,4.0,7200,1800.0,1800.0
ORD_0013382,2025-05-08 08:28:00,2025.0,5.0,BANTEN,0.1,17500,175000.0,170093.75000000035
ORD_0013383,2025-05-08 09:26:00,2025.0,5.0,SULAWESI SELATAN,1.2,12200,10166.666666666668,10166.666666666668
ORD_0013385,2025-05-08 10:55:00,2025.0,5.0,JAWA TIMUR,0.16,500,3125.0,3125.0
ORD_0013400,2025-05-09 02:48:00,2025.0,5.0,BENGKULU,0.5,7000,14000.0,14000.0
ORD_0013401,2025-05-09 06:22:00,2025.0,5.0,BANTEN,2.0,485,242.5,242.5
ORD_0013402,2025-05-09 07:39:00,2025.0,5.0,JAWA TENGAH,0.1,9400,94000.0,94000.0
ORD_0013405,2025-05-09 09:10:00,2025.0,5.0,JAWA BARAT,12.0,58000,4833.333333333333,4833.333333333333
ORD_0013407,2025-05-09 10:49:00,2025.0,5.0,JAWA BARAT,0.18,1500,8333.333333333334,8333.333333333334
ORD_0013408,2025-05-09 12:41:00,2025.0,5.0,NANGGROE ACEH DARUSSALAM (NAD),0.88,7500,8522.727272727272,8522.727272727272
ORD_0013410,2025-05-09 14:02:00,2025.0,5.0,SULAWESI SELATAN,1.2,12200,10166.666666666668,10166.666666666668
ORD_0013426,2025-05-10 06:46:00,2025.0,5.0,JAWA BARAT,0.1,2500,25000.0,25000.0
ORD_0013430,2025-05-10 08:40:00,2025.0,5.0,SULAWESI SELATAN,1.4,45000,32142.857142857145,32142.857142857145
ORD_0013432,2025-05-10 10:59:00,2025.0,5.0,JAWA BARAT,6.0,17000,2833.3333333333335,2833.3333333333335
ORD_0013437,2025-05-10 12:50:00,2025.0,5.0,JAWA TIMUR,0.3,500,1666.6666666666667,1666.6666666666667
ORD_0013447,2025-05-10 20:22:00,2025.0,5.0,NANGGROE ACEH DARUSSALAM (NAD),1.2,400,333.33333333333337,333.33333333333337
ORD_0013451,2025-05-10 23:39:00,2025.0,5.0,SUMATERA BARAT,0.6,900,1500.0,1500.0
ORD_0013454,2025-05-11 07:39:00,2025.0,5.0,JAWA BARAT,6.4,16000,2500.0,2500.0
ORD_0013456,2025-05-11 09:21:00,2025.0,5.0,JAWA TIMUR,0.65,500,769.2307692307692,769.2307692307692
ORD_0013457,2025-05-11 10:58:00,2025.0,5.0,SULAWESI SELATAN,1.2,12200,10166.666666666668,10166.666666666668
ORD_0013460,2025-05-11 11:42:00,2025.0,5.0,KALIMANTAN SELATAN,0.2,14100,70500.0,70500.0
ORD_0013461,2025-05-11 11:56:00,2025.0,5.0,NANGGROE ACEH DARUSSALAM (NAD),0.2,2200,11000.0,11000.0
ORD_0013466,2025-05-11 15:33:00,2025.0,5.0,LAMPUNG,0.5,12500,25000.0,25000.0
ORD_0013467,2025-05-11 16:35:00,2025.0,5.0,SUMATERA SELATAN,0.9,10300,11444.444444444443,11444.444444444443
ORD_0013469,2025-05-11 17:40:00,2025.0,5.0,SULAWESI SELATAN,6.9,14400,2086.9565217391305,2086.9565217391305
ORD_0013479,2025-05-12 12:46:00,2025.0,5.0,GORONTALO,1.0,5400,5400.0,5400.0
ORD_0013481,2025-05-12 15:24:00,2025.0,5.0,BANTEN,5.2,17500,3365.3846153846152,3365.3846153846152
ORD_0013485,2025-05-12 18:51:00,2025.0,5.0,KALIMANTAN SELATAN,0.4,13400,33500.0,33500.0
ORD_0013491,2025-05-12 20:12:00,2025.0,5.0,DKI JAKARTA,0.18,8000,44444.444444444445,44444.444444444445
ORD_0013495,2025-05-12 21:16:00,2025.0,5.0,BANTEN,0.4,3500,8750.0,8750.0
ORD_0013500,2025-05-12 23:41:00,2025.0,5.0,BANTEN,5.0,5000,1000.0,1000.0
ORD_0013501,2025-05-13 06:55:00,2025.0,5.0,RIAU,0.2,16200,81000.0,81000.0
ORD_0013520,2025-05-13 19:39:00,2025.0,5.0,JAWA BARAT,0.5,8000,16000.0,16000.0
ORD_0013523,2025-05-13 21:13:00,2025.0,5.0,JAWA BARAT,0.08,2500,31250.0,31250.0
ORD_0013527,2025-05-14 01:29:00,2025.0,5.0,SUMATERA BARAT,3.2,23000,7187.5,7187.5
ORD_0013531,2025-05-14 06:15:00,2025.0,5.0,SUMATERA BARAT,0.5,6000,12000.0,12000.0
ORD_0013532,2025-05-14 06:25:00,2025.0,5.0,JAWA TENGAH,4.0,5000,1250.0,1250.0
ORD_0013534,2025-05-14 08:13:00,2025.0,5.0,BANTEN,37.8,5000,132.27513227513228,132.27513227513228
ORD_0013545,2025-05-14 13:18:00,2025.0,5.0,SULAWESI SELATAN,0.1,22200,222000.0,170093.75000000035
ORD_0013546,2025-05-14 15:10:00,2025.0,5.0,JAWA TENGAH,10.0,16500,1650.0,1650.0
ORD_0013555,2025-05-14 20:17:00,2025.0,5.0,JAWA TENGAH,0.1,4500,45000.0,45000.0
ORD_0013558,2025-05-14 21:59:00,2025.0,5.0,KALIMANTAN BARAT,0.8,15500,19375.0,19375.0
ORD_0013561,2025-05-15 17:23:00,2025.0,5.0,DKI JAKARTA,7.0,20500,2928.5714285714284,2928.5714285714284
ORD_0013566,2025-05-15 21:05:00,2025.0,5.0,BANTEN,0.1,3000,30000.0,30000.0
ORD_0013567,2025-05-15 21:07:00,2025.0,5.0,DKI JAKARTA,3.6,12000,3333.333333333333,3333.333333333333
ORD_0013568,2025-05-15 21:26:00,2025.0,5.0,KALIMANTAN BARAT,1.2,5300,4416.666666666667,4416.666666666667
ORD_0013569,2025-05-15 00:16:00,2025.0,5.0,BANTEN,0.2,8000,40000.0,40000.0
ORD_0013582,2025-05-15 13:57:00,2025.0,5.0,JAMBI,0.5,15500,31000.0,31000.0
ORD_0013583,2025-05-15 14:24:00,2025.0,5.0,SUMATERA SELATAN,2.0,6000,3000.0,3000.0
ORD_0013588,2025-05-16 09:29:00,2025.0,5.0,BANTEN,2.0,10000,5000.0,5000.0
ORD_0013589,2025-05-16 09:58:00,2025.0,5.0,KALIMANTAN SELATAN,0.8,3500,4375.0,4375.0
ORD_0013595,2025-05-16 12:50:00,2025.0,5.0,SUMATERA SELATAN,1.4,7000,5000.0,5000.0
ORD_0013598,2025-05-16 13:59:00,2025.0,5.0,JAWA BARAT,0.1,14000,140000.0,140000.0
ORD_0013607,2025-05-16 17:06:00,2025.0,5.0,DKI JAKARTA,1.0,18000,18000.0,18000.0
ORD_0013610,2025-05-16 19:36:00,2025.0,5.0,JAMBI,1.4,22400,16000.000000000002,16000.000000000002
ORD_0013617,2025-05-17 10:52:00,2025.0,5.0,JAWA BARAT,0.1,1500,15000.0,15000.0
ORD_0013623,2025-05-17 14:04:00,2025.0,5.0,KALIMANTAN BARAT,0.2,15400,77000.0,77000.0
ORD_0013629,2025-05-17 19:08:00,2025.0,5.0,BANTEN,3.3,4000,1212.1212121212122,1212.1212121212122
ORD_0013630,2025-05-17 19:58:00,2025.0,5.0,JAWA TIMUR,0.1,6000,60000.0,60000.0
ORD_0013634,2025-05-17 21:38:00,2025.0,5.0,JAWA BARAT,28.5,192000,6736.8421052631575,6736.8421052631575
ORD_0013641,2025-05-18 08:14:00,2025.0,5.0,DKI JAKARTA,6.8,6000,882.3529411764706,882.3529411764706
ORD_0013642,2025-05-18 08:53:00,2025.0,5.0,JAWA TIMUR,1.4,12000,8571.428571428572,8571.428571428572
ORD_0013655,2025-05-18 20:09:00,2025.0,5.0,SUMATERA BARAT,0.4,6400,16000.0,16000.0
ORD_0013665,2025-05-19 08:48:00,2025.0,5.0,KALIMANTAN SELATAN,1.0,17000,17000.0,17000.0
ORD_0013666,2025-05-19 09:11:00,2025.0,5.0,JAWA TENGAH,3.4,20000,5882.352941176471,5882.352941176471
ORD_0013676,2025-05-19 12:58:00,2025.0,5.0,JAWA BARAT,0.08,2000,25000.0,25000.0
ORD_0013677,2025-05-19 13:53:00,2025.0,5.0,KALIMANTAN TENGAH,0.2,39100,195500.0,170093.75000000035
ORD_0013678,2025-05-19 14:19:00,2025.0,5.0,SUMATERA SELATAN,0.2,7000,35000.0,35000.0
ORD_0013680,2025-05-19 15:02:00,2025.0,5.0,JAWA TIMUR,0.4,3500,8750.0,8750.0
ORD_0013681,2025-05-19 16:02:00,2025.0,5.0,JAWA TENGAH,0.2,3500,17500.0,17500.0
ORD_0013684,2025-05-19 17:24:00,2025.0,5.0,KALIMANTAN TIMUR,0.7,2000,2857.1428571428573,2857.1428571428573
ORD_0013686,2025-05-19 18:07:00,2025.0,5.0,DKI JAKARTA,0.5,8000,16000.0,16000.0
ORD_0013688,2025-05-19 21:03:00,2025.0,5.0,RIAU,1.8,2000,1111.111111111111,1111.111111111111
ORD_0013690,2025-05-19 22:17:00,2025.0,5.0,DKI JAKARTA,1.7,3000,1764.7058823529412,1764.7058823529412
ORD_0013701,2025-05-20 15:36:00,2025.0,5.0,KALIMANTAN TENGAH,0.75,38500,51333.333333333336,51333.333333333336
ORD_0013711,2025-05-20 20:24:00,2025.0,5.0,JAWA BARAT,0.1,2000,20000.0,20000.0
ORD_0013717,2025-05-20 22:03:00,2025.0,5.0,JAWA TENGAH,0.08,4500,56250.0,56250.0
ORD_0013718,2025-05-20 22:32:00,2025.0,5.0,SUMATERA BARAT,0.5,1000,2000.0,2000.0
ORD_0013724,2025-05-21 09:02:00,2025.0,5.0,JAWA BARAT,0.1,500,5000.0,5000.0
ORD_0013727,2025-05-21 10:06:00,2025.0,5.0,DKI JAKARTA,0.6,5000,8333.333333333334,8333.333333333334
ORD_0013729,2025-05-21 10:57:00,2025.0,5.0,JAWA BARAT,4.4,1000,227.27272727272725,227.27272727272725
ORD_0013733,2025-05-21 12:22:00,2025.0,5.0,JAWA TIMUR,0.65,1000,1538.4615384615383,1538.4615384615383
ORD_0013737,2025-05-21 14:15:00,2025.0,5.0,LAMPUNG,0.2,1000,5000.0,5000.0
ORD_0013739,2025-05-21 15:02:00,2025.0,5.0,JAWA TENGAH,6.0,8300,1383.3333333333333,1383.3333333333333
ORD_0013741,2025-05-21 16:10:00,2025.0,5.0,JAWA BARAT,0.08,15500,193750.0,170093.75000000035
ORD_0013747,2025-05-21 18:56:00,2025.0,5.0,KALIMANTAN TENGAH,1.4,52000,37142.857142857145,37142.857142857145
ORD_0013749,2025-05-21 19:24:00,2025.0,5.0,DI YOGYAKARTA,0.08,6000,75000.0,75000.0
ORD_0013752,2025-05-21 20:21:00,2025.0,5.0,JAWA BARAT,1.6,16000,10000.0,10000.0
ORD_0013754,2025-05-21 20:33:00,2025.0,5.0,JAWA BARAT,0.5,1000,2000.0,2000.0
ORD_0013757,2025-05-22 05:14:00,2025.0,5.0,JAWA TENGAH,0.18,6000,33333.333333333336,33333.333333333336
ORD_0013759,2025-05-22 06:29:00,2025.0,5.0,JAWA BARAT,0.1,3500,35000.0,35000.0
ORD_0013766,2025-05-22 10:12:00,2025.0,5.0,BANTEN,0.44,16500,37500.0,37500.0
ORD_0013767,2025-05-22 10:39:00,2025.0,5.0,BANTEN,3.2,4000,1250.0,1250.0
ORD_0013777,2025-05-22 19:48:00,2025.0,5.0,JAWA BARAT,0.1,3500,35000.0,35000.0
ORD_0013784,2025-05-22 22:49:00,2025.0,5.0,JAWA BARAT,0.08,3500,43750.0,43750.0
ORD_0013791,2025-05-23 07:59:00,2025.0,5.0,SULAWESI SELATAN,0.05,2000,40000.0,40000.0
ORD_0013799,2025-05-23 15:12:00,2025.0,5.0,JAWA BARAT,0.08,2500,31250.0,31250.0
ORD_0013807,2025-05-23 22:22:00,2025.0,5.0,BANTEN,2.6,9000,3461.5384615384614,3461.5384615384614
ORD_0013808,2025-05-24 01:39:00,2025.0,5.0,KALIMANTAN BARAT,0.8,18500,23125.0,23125.0
ORD_0013811,2025-05-24 07:24:00,2025.0,5.0,JAWA BARAT,0.5,24000,48000.0,48000.0
ORD_0013819,2025-05-24 12:39:00,2025.0,5.0,BANTEN,0.8,7000,8750.0,8750.0
ORD_0013826,2025-05-24 16:08:00,2025.0,5.0,SUMATERA UTARA,0.2,15500,77500.0,77500.0
ORD_0013828,2025-05-24 17:43:00,2025.0,5.0,JAWA TIMUR,0.6,3500,5833.333333333334,5833.333333333334
ORD_0013830,2025-05-24 19:04:00,2025.0,5.0,RIAU,0.3,4000,13333.333333333334,13333.333333333334
ORD_0013875,2025-05-26 08:24:00,2025.0,5.0,NUSA TENGGARA BARAT (NTB),3.2,43500,13593.75,13593.75
ORD_0013884,2025-05-26 10:29:00,2025.0,5.0,JAWA TENGAH,0.2,1000,5000.0,5000.0
ORD_0013892,2025-05-26 16:15:00,2025.0,5.0,BANTEN,0.1,3000,30000.0,30000.0
ORD_0013900,2025-05-26 20:51:00,2025.0,5.0,JAMBI,0.2,400,2000.0,2000.0
ORD_0013910,2025-05-27 10:16:00,2025.0,5.0,LAMPUNG,0.5,1000,2000.0,2000.0
ORD_0013912,2025-05-27 11:14:00,2025.0,5.0,NUSA TENGGARA TIMUR (NTT),1.0,10000,10000.0,10000.0
ORD_0013913,2025-05-27 11:48:00,2025.0,5.0,JAWA BARAT,0.08,500,6250.0,6250.0
ORD_0013914,2025-05-27 12:44:00,2025.0,5.0,JAWA TIMUR,0.3,1000,3333.3333333333335,3333.3333333333335
ORD_0013917,2025-05-27 13:57:00,2025.0,5.0,BANTEN,1.0,18986,18986.0,18986.0
ORD_0013920,2025-05-27 16:32:00,2025.0,5.0,DKI JAKARTA,0.1,3500,35000.0,35000.0
ORD_0013922,2025-05-27 17:30:00,2025.0,5.0,JAWA BARAT,0.1,6000,60000.0,60000.0
ORD_0013929,2025-05-27 22:00:00,2025.0,5.0,LAMPUNG,4.0,24000,6000.0,6000.0
ORD_0013937,2025-05-28 07:36:00,2025.0,5.0,JAWA TIMUR,0.08,6000,75000.0,75000.0
ORD_0013941,2025-05-28 12:36:00,2025.0,5.0,JAWA BARAT,0.08,3500,43750.0,43750.0
ORD_0013946,2025-05-28 15:23:00,2025.0,5.0,JAWA TENGAH,10.0,15500,1550.0,1550.0
ORD_0013954,2025-05-28 23:54:00,2025.0,5.0,JAWA BARAT,30.3,100000,3300.3300330033003,3300.3300330033003
ORD_0013955,2025-05-28 23:59:00,2025.0,5.0,JAWA BARAT,3.3,22000,6666.666666666667,6666.666666666667
ORD_0013965,2025-05-29 11:55:00,2025.0,5.0,SUMATERA SELATAN,4.1,4800,1170.7317073170732,1170.7317073170732
ORD_0013967,2025-05-29 13:24:00,2025.0,5.0,DKI JAKARTA,0.2,16500,82500.0,82500.0
ORD_0013968,2025-05-29 13:41:00,2025.0,5.0,JAWA TENGAH,0.2,1000,5000.0,5000.0
ORD_0013973,2025-05-29 19:16:00,2025.0,5.0,JAWA BARAT,2.0,16000,8000.0,8000.0
ORD_0013978,2025-05-30 06:04:00,2025.0,5.0,KALIMANTAN BARAT,0.5,14100,28200.0,28200.0
ORD_0013982,2025-05-30 10:57:00,2025.0,5.0,JAWA TIMUR,3.2,28000,8750.0,8750.0
ORD_0013983,2025-05-30 11:21:00,2025.0,5.0,DKI JAKARTA,0.15,2000,13333.333333333334,13333.333333333334
ORD_0013984,2025-05-30 11:23:00,2025.0,5.0,JAWA TENGAH,6.0,8300,1383.3333333333333,1383.3333333333333
ORD_0013985,2025-05-30 16:10:00,2025.0,5.0,BANTEN,4.2,13980,3328.5714285714284,3328.5714285714284
ORD_0013990,2025-05-30 19:07:00,2025.0,5.0,JAWA TIMUR,0.8,1000,1250.0,1250.0
ORD_0013991,2025-05-30 21:00:00,2025.0,5.0,BANTEN,0.5,13000,26000.0,26000.0
ORD_0013995,2025-05-31 08:12:00,2025.0,5.0,JAWA BARAT,1.0,500,500.0,500.0
ORD_0013996,2025-05-31 08:52:00,2025.0,5.0,SUMATERA UTARA,0.22,3000,13636.363636363636,13636.363636363636
ORD_0014014,2024-11-01 09:14:00,2024.0,11.0,JAWA TENGAH,4.0,24000,6000.0,6000.0
ORD_0014015,2024-11-01 10:19:00,2024.0,11.0,JAWA TENGAH,12.0,152000,12666.666666666666,12666.666666666666
ORD_0014017,2024-11-01 11:01:00,2024.0,11.0,JAWA BARAT,1.7,1000,588.2352941176471,588.2352941176471
ORD_0014018,2024-11-01 11:47:00,2024.0,11.0,RIAU,0.5,1000,2000.0,2000.0
ORD_0014020,2024-11-01 14:16:00,2024.0,11.0,BANTEN,102.0,33000,323.52941176470586,323.52941176470586
ORD_0014021,2024-11-01 15:36:00,2024.0,11.0,JAWA TENGAH,3.6,12000,3333.333333333333,3333.333333333333
ORD_0014024,2024-11-01 17:07:00,2024.0,11.0,JAWA BARAT,0.1,2000,20000.0,20000.0
ORD_0014031,2024-11-01 19:10:00,2024.0,11.0,JAWA TENGAH,1.7,9000,5294.117647058823,5294.117647058823
ORD_0014041,2024-11-02 05:48:00,2024.0,11.0,JAWA TIMUR,0.2,2000,10000.0,10000.0
ORD_0014045,2024-11-02 07:37:00,2024.0,11.0,JAWA BARAT,0.03,1500,50000.0,50000.0
ORD_0014046,2024-11-02 07:53:00,2024.0,11.0,BALI,2.5,23000,9200.0,9200.0
ORD_0014050,2024-11-02 10:22:00,2024.0,11.0,JAWA BARAT,1.6,2000,1250.0,1250.0
ORD_0014056,2024-11-02 12:14:00,2024.0,11.0,SUMATERA SELATAN,0.5,15000,30000.0,30000.0
ORD_0014067,2024-11-02 18:33:00,2024.0,11.0,JAWA TIMUR,3.4,1000,294.11764705882354,294.11764705882354
ORD_0014068,2024-11-02 18:35:00,2024.0,11.0,NUSA TENGGARA BARAT (NTB),0.8,7000,8750.0,8750.0
ORD_0014071,2024-11-02 18:58:00,2024.0,11.0,JAWA TIMUR,0.5,1000,2000.0,2000.0
ORD_0014075,2024-11-02 19:51:00,2024.0,11.0,SUMATERA SELATAN,6.0,14701,2450.1666666666665,2450.1666666666665
ORD_0014076,2024-11-02 21:16:00,2024.0,11.0,KALIMANTAN TIMUR,1.7,44000,25882.352941176472,25882.352941176472
ORD_0014079,2024-11-02 21:37:00,2024.0,11.0,SUMATERA SELATAN,2.0,8500,4250.0,4250.0
ORD_0014086,2024-11-03 06:00:00,2024.0,11.0,JAWA BARAT,0.16,12500,78125.0,78125.0
ORD_0014094,2024-11-03 16:18:00,2024.0,11.0,JAWA BARAT,1.7,22000,12941.176470588236,12941.176470588236
ORD_0014099,2024-11-03 18:12:00,2024.0,11.0,JAWA BARAT,2.6,9000,3461.5384615384614,3461.5384615384614
ORD_0014100,2024-11-03 18:18:00,2024.0,11.0,BANTEN,3.0,4000,1333.3333333333333,1333.3333333333333
ORD_0014103,2024-11-03 19:05:00,2024.0,11.0,BALI,1.82,3000,1648.3516483516482,1648.3516483516482
ORD_0014112,2024-11-04 03:28:00,2024.0,11.0,BANTEN,3.2,30000,9375.0,9375.0
ORD_0014114,2024-11-04 06:06:00,2024.0,11.0,BANTEN,0.8,10000,12500.0,12500.0
ORD_0014123,2024-11-04 10:30:00,2024.0,11.0,BANTEN,36.0,16000,444.44444444444446,444.44444444444446
ORD_0014124,2024-11-04 10:37:00,2024.0,11.0,BENGKULU,0.5,2000,4000.0,4000.0
ORD_0014125,2024-11-04 10:58:00,2024.0,11.0,BALI,14.73,22000,1493.550577053632,1493.550577053632
ORD_0014133,2024-11-04 14:03:00,2024.0,11.0,KEPULAUAN RIAU,1.7,39000,22941.17647058823,22941.17647058823
ORD_0014136,2024-11-04 14:58:00,2024.0,11.0,JAWA BARAT,4.0,8000,2000.0,2000.0
ORD_0014138,2024-11-04 16:51:00,2024.0,11.0,JAWA TIMUR,0.2,1000,5000.0,5000.0
ORD_0014140,2024-11-04 17:12:00,2024.0,11.0,KALIMANTAN BARAT,0.2,13500,67500.0,67500.0
ORD_0014150,2024-11-04 23:03:00,2024.0,11.0,SUMATERA SELATAN,0.22,2000,9090.90909090909,9090.90909090909
ORD_0014154,2024-11-05 07:55:00,2024.0,11.0,JAWA TENGAH,0.4,1000,2500.0,2500.0
ORD_0014157,2024-11-05 11:32:00,2024.0,11.0,JAWA TENGAH,0.5,1000,2000.0,2000.0
ORD_0014158,2024-11-05 12:17:00,2024.0,11.0,JAWA BARAT,0.16,1000,6250.0,6250.0
ORD_0014159,2024-11-05 12:18:00,2024.0,11.0,LAMPUNG,0.4,1000,2500.0,2500.0
ORD_0014163,2024-11-05 13:16:00,2024.0,11.0,DKI JAKARTA,0.1,8000,80000.0,80000.0
ORD_0014164,2024-11-05 13:23:00,2024.0,11.0,JAWA BARAT,2.8,5000,1785.7142857142858,1785.7142857142858
ORD_0014169,2024-11-05 14:53:00,2024.0,11.0,BALI,4.4,26000,5909.090909090909,5909.090909090909
ORD_0014170,2024-11-05 15:07:00,2024.0,11.0,JAWA BARAT,3.4,4000,1176.470588235294,1176.470588235294
ORD_0014172,2024-11-05 15:25:00,2024.0,11.0,JAWA TENGAH,4.0,24000,6000.0,6000.0
ORD_0014173,2024-11-05 15:36:00,2024.0,11.0,JAWA BARAT,0.1,9000,90000.0,90000.0
ORD_0014175,2024-11-05 17:28:00,2024.0,11.0,SUMATERA SELATAN,2.0,4000,2000.0,2000.0
ORD_0014178,2024-11-05 20:22:00,2024.0,11.0,JAWA TIMUR,0.32,1000,3125.0,3125.0
ORD_0014180,2024-11-05 20:43:00,2024.0,11.0,BENGKULU,1.4,19000,13571.428571428572,13571.428571428572
ORD_0014184,2024-11-06 04:29:00,2024.0,11.0,KALIMANTAN TENGAH,1.5,36600,24400.0,24400.0
ORD_0014185,2024-11-06 05:36:00,2024.0,11.0,JAWA TIMUR,0.35,1000,2857.1428571428573,2857.1428571428573
ORD_0014194,2024-11-06 11:08:00,2024.0,11.0,JAWA BARAT,1.0,1000,1000.0,1000.0
ORD_0014206,2024-11-06 16:17:00,2024.0,11.0,DKI JAKARTA,10.5,7000,666.6666666666666,666.6666666666666
ORD_0014209,2024-11-06 18:46:00,2024.0,11.0,BANTEN,3.4,1000,294.11764705882354,294.11764705882354
ORD_0014212,2024-11-06 21:10:00,2024.0,11.0,JAWA TIMUR,0.2,1000,5000.0,5000.0
ORD_0014214,2024-11-06 23:54:00,2024.0,11.0,JAWA BARAT,1.0,8000,8000.0,8000.0
ORD_0014217,2024-11-07 06:39:00,2024.0,11.0,DKI JAKARTA,4.0,7200,1800.0,1800.0
ORD_0014220,2024-11-07 07:03:00,2024.0,11.0,JAWA TIMUR,0.6,1000,1666.6666666666667,1666.6666666666667
ORD_0014222,2024-11-07 07:30:00,2024.0,11.0,JAWA TENGAH,0.03,4500,150000.0,150000.0
ORD_0014223,2024-11-07 08:05:00,2024.0,11.0,LAMPUNG,0.01,6000,600000.0,170093.75000000035
ORD_0014228,2024-11-07 11:00:00,2024.0,11.0,SUMATERA UTARA,0.4,9500,23750.0,23750.0
ORD_0014230,2024-11-07 11:24:00,2024.0,11.0,KALIMANTAN TIMUR,0.6,17500,29166.666666666668,29166.666666666668
ORD_0014235,2024-11-07 14:01:00,2024.0,11.0,DKI JAKARTA,0.7,18000,25714.285714285717,25714.285714285717
ORD_0014236,2024-11-07 14:07:00,2024.0,11.0,JAWA BARAT,0.5,9500,19000.0,19000.0
ORD_0014237,2024-11-07 14:13:00,2024.0,11.0,SUMATERA UTARA,1.0,3000,3000.0,3000.0
ORD_0014239,2024-11-07 15:09:00,2024.0,11.0,JAWA BARAT,10.96,1000,91.24087591240875,91.24087591240875
ORD_0014240,2024-11-07 15:29:00,2024.0,11.0,JAWA BARAT,2.05,8000,3902.439024390245,3902.439024390245
ORD_0014241,2024-11-07 16:31:00,2024.0,11.0,BANTEN,8.5,39000,4588.235294117647,4588.235294117647
ORD_0014247,2024-11-07 18:26:00,2024.0,11.0,BANTEN,2.0,12500,6250.0,6250.0
ORD_0014250,2024-11-07 19:27:00,2024.0,11.0,JAWA BARAT,0.4,8500,21250.0,21250.0
ORD_0014252,2024-11-07 19:33:00,2024.0,11.0,SUMATERA BARAT,0.2,1000,5000.0,5000.0
ORD_0014253,2024-11-07 20:11:00,2024.0,11.0,JAWA BARAT,0.2,8000,40000.0,40000.0
ORD_0014254,2024-11-07 21:33:00,2024.0,11.0,JAWA TENGAH,0.2,1000,5000.0,5000.0
ORD_0014260,2024-11-08 02:51:00,2024.0,11.0,JAWA BARAT,1.6,10000,6250.0,6250.0
ORD_0014262,2024-11-08 05:52:00,2024.0,11.0,DKI JAKARTA,2.0,1000,500.0,500.0
ORD_0014263,2024-11-08 07:59:00,2024.0,11.0,KALIMANTAN SELATAN,1.0,5100,5100.0,5100.0
ORD_0014264,2024-11-08 08:35:00,2024.0,11.0,JAWA BARAT,22.44,108000,4812.834224598931,4812.834224598931
ORD_0014265,2024-11-08 09:37:00,2024.0,11.0,JAWA BARAT,0.08,9000,112500.0,112500.0
ORD_0014267,2024-11-08 11:28:00,2024.0,11.0,JAWA BARAT,23.6,4000,169.4915254237288,169.4915254237288
ORD_0014269,2024-11-08 13:07:00,2024.0,11.0,BANTEN,2.2,8000,3636.363636363636,3636.363636363636
ORD_0014270,2024-11-08 14:19:00,2024.0,11.0,JAWA TIMUR,0.2,1000,5000.0,5000.0
ORD_0014271,2024-11-08 15:42:00,2024.0,11.0,JAWA BARAT,6.8,1600,235.29411764705884,235.29411764705884
ORD_0014272,2024-11-08 15:46:00,2024.0,11.0,KALIMANTAN BARAT,0.2,18500,92500.0,92500.0
ORD_0014277,2024-11-08 20:46:00,2024.0,11.0,SUMATERA UTARA,0.5,14300,28600.0,28600.0
ORD_0014281,2024-11-09 03:19:00,2024.0,11.0,SUMATERA SELATAN,1.2,10000,8333.333333333334,8333.333333333334
ORD_0014282,2024-11-09 04:06:00,2024.0,11.0,KALIMANTAN TIMUR,2.6,17000,6538.461538461538,6538.461538461538
ORD_0014285,2024-11-09 06:51:00,2024.0,11.0,GORONTALO,1.8,400,222.22222222222223,222.22222222222223
ORD_0014286,2024-11-09 08:14:00,2024.0,11.0,BALI,1.7,21400,12588.235294117649,12588.235294117649
ORD_0014287,2024-11-09 08:20:00,2024.0,11.0,JAWA TENGAH,3.3,8800,2666.666666666667,2666.666666666667
ORD_0014288,2024-11-09 09:59:00,2024.0,11.0,JAWA TENGAH,0.2,1000,5000.0,5000.0
ORD_0014290,2024-11-09 12:09:00,2024.0,11.0,JAWA TIMUR,0.2,1000,5000.0,5000.0
ORD_0014292,2024-11-09 12:58:00,2024.0,11.0,JAWA TIMUR,0.4,1000,2500.0,2500.0
ORD_0014293,2024-11-09 13:23:00,2024.0,11.0,SULAWESI SELATAN,0.7,33200,47428.571428571435,47428.571428571435
ORD_0014300,2024-11-09 16:20:00,2024.0,11.0,JAWA TENGAH,0.2,16000,80000.0,80000.0
ORD_0014302,2024-11-09 17:41:00,2024.0,11.0,DKI JAKARTA,8.0,39000,4875.0,4875.0
ORD_0014305,2024-11-09 20:03:00,2024.0,11.0,JAWA TIMUR,0.35,1000,2857.1428571428573,2857.1428571428573
ORD_0014313,2024-11-10 05:44:00,2024.0,11.0,JAWA BARAT,1.0,9000,9000.0,9000.0
ORD_0014315,2024-11-10 09:24:00,2024.0,11.0,BANTEN,1.0,8000,8000.0,8000.0
ORD_0014316,2024-11-10 10:43:00,2024.0,11.0,BANGKA BELITUNG,0.4,5000,12500.0,12500.0
ORD_0014318,2024-11-10 11:03:00,2024.0,11.0,JAWA TIMUR,0.35,1000,2857.1428571428573,2857.1428571428573
ORD_0014322,2024-11-10 11:52:00,2024.0,11.0,JAWA TIMUR,0.1,4500,45000.0,45000.0
ORD_0014325,2024-11-10 13:35:00,2024.0,11.0,GORONTALO,0.8,26500,33125.0,33125.0
ORD_0014327,2024-11-10 13:57:00,2024.0,11.0,DKI JAKARTA,1.0,26000,26000.0,26000.0
ORD_0014329,2024-11-10 14:50:00,2024.0,11.0,JAWA BARAT,0.03,10000,333333.3333333334,170093.75000000035
ORD_0014330,2024-11-10 15:38:00,2024.0,11.0,SUMATERA SELATAN,1.7,9000,5294.117647058823,5294.117647058823
ORD_0014334,2024-11-10 17:26:00,2024.0,11.0,JAWA TENGAH,21.9,1600,73.05936073059361,73.05936073059361
ORD_0014337,2024-11-10 18:48:00,2024.0,11.0,BANTEN,1.0,8000,8000.0,8000.0
ORD_0014341,2024-11-10 20:21:00,2024.0,11.0,JAWA BARAT,0.5,9000,18000.0,18000.0
ORD_0014342,2024-11-10 20:42:00,2024.0,11.0,KALIMANTAN TIMUR,0.8,3500,4375.0,4375.0
ORD_0014346,2024-11-10 22:53:00,2024.0,11.0,JAWA BARAT,0.4,1000,2500.0,2500.0
ORD_0014349,2024-11-11 12:15:00,2024.0,11.0,SUMATERA BARAT,0.8,1000,1250.0,1250.0
ORD_0014355,2024-11-11 13:48:00,2024.0,11.0,RIAU,1.7,25160,14800.0,14800.0
ORD_0014357,2024-11-11 14:39:00,2024.0,11.0,SULAWESI SELATAN,3.0,26600,8866.666666666666,8866.666666666666
ORD_0014362,2024-11-11 15:50:00,2024.0,11.0,JAMBI,14.4,50000,3472.222222222222,3472.222222222222
ORD_0014370,2024-11-11 19:37:00,2024.0,11.0,RIAU,0.8,4000,5000.0,5000.0
ORD_0014372,2024-11-11 20:13:00,2024.0,11.0,DKI JAKARTA,0.99,18000,18181.81818181818,18181.81818181818
ORD_0014387,2024-11-10 23:34:00,2024.0,11.0,JAMBI,4.0,88000,22000.0,22000.0
ORD_0014388,2024-11-11 00:04:00,2024.0,11.0,SUMATERA SELATAN,0.06,7000,116666.66666666669,116666.66666666669
ORD_0014397,2024-11-11 04:11:00,2024.0,11.0,SUMATERA SELATAN,0.5,8000,16000.0,16000.0
ORD_0014412,2024-11-11 08:15:00,2024.0,11.0,DKI JAKARTA,37.5,12000,320.0,320.0
ORD_0014413,2024-11-11 08:31:00,2024.0,11.0,DKI JAKARTA,34.5,12000,347.82608695652175,347.82608695652175
ORD_0014418,2024-11-11 09:36:00,2024.0,11.0,RIAU,1.0,1000,1000.0,1000.0
ORD_0014419,2024-11-11 10:06:00,2024.0,11.0,GORONTALO,1.7,63000,37058.82352941176,37058.82352941176
ORD_0014425,2024-11-12 00:03:00,2024.0,11.0,JAWA TIMUR,2.4,1000,416.6666666666667,416.6666666666667
ORD_0014426,2024-11-12 00:22:00,2024.0,11.0,JAWA BARAT,4.0,7200,1800.0,1800.0
ORD_0014430,2024-11-12 08:19:00,2024.0,11.0,JAWA BARAT,4.0,7200,1800.0,1800.0
ORD_0014431,2024-11-12 08:36:00,2024.0,11.0,JAWA TENGAH,0.4,1000,2500.0,2500.0
ORD_0014432,2024-11-12 09:27:00,2024.0,11.0,KALIMANTAN TIMUR,0.8,71500,89375.0,89375.0
ORD_0014435,2024-11-12 13:07:00,2024.0,11.0,JAWA TIMUR,0.4,1000,2500.0,2500.0
ORD_0014436,2024-11-12 13:21:00,2024.0,11.0,JAWA BARAT,12.0,56000,4666.666666666667,4666.666666666667
ORD_0014437,2024-11-12 13:58:00,2024.0,11.0,JAWA BARAT,1.16,8000,6896.551724137931,6896.551724137931
ORD_0014439,2024-11-12 14:39:00,2024.0,11.0,SUMATERA SELATAN,0.2,2000,10000.0,10000.0
ORD_0014441,2024-11-12 16:42:00,2024.0,11.0,DI YOGYAKARTA,0.35,1000,2857.1428571428573,2857.1428571428573
ORD_0014442,2024-11-12 17:03:00,2024.0,11.0,DI YOGYAKARTA,2.0,11000,5500.0,5500.0
ORD_0014443,2024-11-12 17:13:00,2024.0,11.0,JAWA BARAT,0.1,5500,55000.0,55000.0
ORD_0014444,2024-11-12 17:16:00,2024.0,11.0,JAWA TENGAH,4.0,5000,1250.0,1250.0
ORD_0014446,2024-11-12 17:50:00,2024.0,11.0,BANGKA BELITUNG,0.6,2000,3333.3333333333335,3333.3333333333335
ORD_0014453,2024-11-12 21:25:00,2024.0,11.0,JAWA TIMUR,0.7,1000,1428.571428571429,1428.571428571429
ORD_0014456,2024-11-12 22:36:00,2024.0,11.0,LAMPUNG,0.2,1000,5000.0,5000.0
ORD_0014461,2024-11-13 06:32:00,2024.0,11.0,JAWA BARAT,16.3,10000,613.4969325153374,613.4969325153374
ORD_0014465,2024-11-13 09:03:00,2024.0,11.0,DKI JAKARTA,2.0,5000,2500.0,2500.0
ORD_0014468,2024-11-13 09:51:00,2024.0,11.0,JAWA BARAT,2.8,9000,3214.2857142857147,3214.2857142857147
ORD_0014470,2024-11-13 10:53:00,2024.0,11.0,JAWA TIMUR,0.2,1000,5000.0,5000.0
ORD_0014477,2024-11-13 19:28:00,2024.0,11.0,JAWA TENGAH,0.08,6000,75000.0,75000.0
ORD_0014478,2024-11-13 19:46:00,2024.0,11.0,SUMATERA UTARA,0.2,3000,15000.0,15000.0
ORD_0014479,2024-11-13 20:03:00,2024.0,11.0,BALI,2.5,84000,33600.0,33600.0
ORD_0014482,2024-11-13 21:38:00,2024.0,11.0,JAWA TENGAH,0.16,1000,6250.0,6250.0
ORD_0014483,2024-11-14 00:21:00,2024.0,11.0,NUSA TENGGARA TIMUR (NTT),0.05,34500,690000.0,170093.75000000035
ORD_0014491,2024-11-14 10:03:00,2024.0,11.0,BANTEN,4.2,10000,2380.9523809523807,2380.9523809523807
ORD_0014497,2024-11-14 14:04:00,2024.0,11.0,JAWA TIMUR,0.1,1000,10000.0,10000.0
ORD_0014501,2024-11-14 18:26:00,2024.0,11.0,JAWA BARAT,0.08,5000,62500.0,62500.0
ORD_0014503,2024-11-14 21:55:00,2024.0,11.0,JAWA TIMUR,0.4,1000,2500.0,2500.0
ORD_0014504,2024-11-14 23:13:00,2024.0,11.0,JAWA TENGAH,6.6,1000,151.51515151515153,151.51515151515153
ORD_0014508,2024-11-15 07:58:00,2024.0,11.0,SULAWESI UTARA,0.15,3100,20666.666666666668,20666.666666666668
ORD_0014509,2024-11-15 08:57:00,2024.0,11.0,JAWA TENGAH,0.1,100,1000.0,1000.0
ORD_0014512,2024-11-15 09:55:00,2024.0,11.0,BALI,9.0,30000,3333.3333333333335,3333.3333333333335
ORD_0014521,2024-11-15 17:31:00,2024.0,11.0,NANGGROE ACEH DARUSSALAM (NAD),0.3,11000,36666.66666666667,36666.66666666667
ORD_0014523,2024-11-15 17:46:00,2024.0,11.0,JAWA BARAT,0.1,7000,70000.0,70000.0
ORD_0014526,2024-11-15 18:48:00,2024.0,11.0,SUMATERA BARAT,4.8,28200,5875.0,5875.0
ORD_0014536,2024-11-16 09:21:00,2024.0,11.0,JAMBI,1.0,14500,14500.0,14500.0
ORD_0014537,2024-11-16 09:55:00,2024.0,11.0,NANGGROE ACEH DARUSSALAM (NAD),8.0,212000,26500.0,26500.0
ORD_0014540,2024-11-16 10:57:00,2024.0,11.0,JAWA TIMUR,1.0,1000,1000.0,1000.0
ORD_0014541,2024-11-16 11:04:00,2024.0,11.0,JAWA BARAT,5.0,13600,2720.0,2720.0
ORD_0014545,2024-11-16 13:23:00,2024.0,11.0,BALI,33.4,49000,1467.065868263473,1467.065868263473
ORD_0014548,2024-11-16 13:53:00,2024.0,11.0,SULAWESI TENGGARA,0.8,28200,35250.0,35250.0
ORD_0014549,2024-11-16 15:40:00,2024.0,11.0,SUMATERA UTARA,0.1,14500,145000.0,145000.0
ORD_0014550,2024-11-16 16:22:00,2024.0,11.0,BALI,3.6,3000,833.3333333333333,833.3333333333333
ORD_0014558,2024-11-16 19:17:00,2024.0,11.0,BENGKULU,0.06,7000,116666.66666666669,116666.66666666669
ORD_0014560,2024-11-16 20:33:00,2024.0,11.0,JAWA BARAT,0.1,500,5000.0,5000.0
ORD_0014562,2024-11-16 23:21:00,2024.0,11.0,JAWA TENGAH,0.2,1000,5000.0,5000.0
ORD_0014563,2024-11-17 09:14:00,2024.0,11.0,KALIMANTAN TENGAH,5.25,32600,6209.523809523809,6209.523809523809
ORD_0014568,2024-11-17 11:12:00,2024.0,11.0,DI YOGYAKARTA,0.7,1000,1428.571428571429,1428.571428571429
ORD_0014570,2024-11-17 11:26:00,2024.0,11.0,JAWA TENGAH,4.0,14400,3600.0,3600.0
ORD_0014573,2024-11-17 17:26:00,2024.0,11.0,JAWA TENGAH,10.0,21500,2150.0,2150.0
ORD_0014574,2024-11-17 17:46:00,2024.0,11.0,JAMBI,0.2,21100,105500.0,105500.0
ORD_0014577,2024-11-17 18:36:00,2024.0,11.0,SULAWESI SELATAN,0.2,17200,86000.0,86000.0
ORD_0014578,2024-11-17 18:55:00,2024.0,11.0,JAWA BARAT,0.2,1000,5000.0,5000.0
ORD_0014579,2024-11-17 20:26:00,2024.0,11.0,JAWA BARAT,33.0,1000,30.303030303030305,30.303030303030305
ORD_0014587,2024-11-18 06:07:00,2024.0,11.0,JAWA BARAT,12.0,9000,750.0,750.0
ORD_0014588,2024-11-18 06:56:00,2024.0,11.0,JAWA TIMUR,0.1,1000,10000.0,10000.0
ORD_0014593,2024-11-18 10:29:00,2024.0,11.0,JAWA TIMUR,0.5,16000,32000.0,32000.0
ORD_0014594,2024-11-18 10:29:00,2024.0,11.0,JAWA TENGAH,1.47,1000,680.2721088435375,680.2721088435375
ORD_0014597,2024-11-18 13:11:00,2024.0,11.0,JAWA BARAT,0.05,18000,360000.0,170093.75000000035
ORD_0014598,2024-11-18 13:16:00,2024.0,11.0,JAWA TIMUR,0.7,1000,1428.571428571429,1428.571428571429
ORD_0014600,2024-11-18 13:22:00,2024.0,11.0,JAWA TIMUR,0.5,16000,32000.0,32000.0
ORD_0014601,2024-11-18 13:54:00,2024.0,11.0,DKI JAKARTA,0.25,8000,32000.0,32000.0
ORD_0014605,2024-11-18 15:20:00,2024.0,11.0,SUMATERA BARAT,2.2,1000,454.5454545454545,454.5454545454545
ORD_0014608,2024-11-18 17:17:00,2024.0,11.0,SUMATERA SELATAN,0.2,15500,77500.0,77500.0
ORD_0014611,2024-11-18 18:51:00,2024.0,11.0,BANTEN,0.01,8000,800000.0,170093.75000000035
ORD_0014621,2024-11-19 07:02:00,2024.0,11.0,JAWA BARAT,0.01,6000,600000.0,170093.75000000035
ORD_0014622,2024-11-19 08:03:00,2024.0,11.0,JAWA TENGAH,0.6,1000,1666.6666666666667,1666.6666666666667
ORD_0014623,2024-11-19 08:21:00,2024.0,11.0,JAWA TIMUR,0.4,1000,2500.0,2500.0
ORD_0014626,2024-11-19 09:35:00,2024.0,11.0,NANGGROE ACEH DARUSSALAM (NAD),1.4,12200,8714.285714285716,8714.285714285716
ORD_0014627,2024-11-19 11:02:00,2024.0,11.0,JAWA TENGAH,0.2,1000,5000.0,5000.0
ORD_0014630,2024-11-19 12:24:00,2024.0,11.0,JAWA BARAT,1.2,1000,833.3333333333334,833.3333333333334
ORD_0014631,2024-11-19 13:07:00,2024.0,11.0,DKI JAKARTA,0.1,8000,80000.0,80000.0
ORD_0014632,2024-11-19 14:09:00,2024.0,11.0,JAWA BARAT,4.4,9500,2159.090909090909,2159.090909090909
ORD_0014635,2024-11-19 15:21:00,2024.0,11.0,DI YOGYAKARTA,8.8,32700,3715.9090909090905,3715.9090909090905
ORD_0014638,2024-11-19 16:38:00,2024.0,11.0,JAWA BARAT,37.5,20401,544.0266666666666,544.0266666666666
ORD_0014639,2024-11-19 17:19:00,2024.0,11.0,JAWA TIMUR,0.2,1000,5000.0,5000.0
ORD_0014641,2024-11-19 19:30:00,2024.0,11.0,JAWA TENGAH,1.0,1000,1000.0,1000.0
ORD_0014645,2024-11-19 21:17:00,2024.0,11.0,BANTEN,0.1,7500,75000.0,75000.0
ORD_0014648,2024-11-19 21:41:00,2024.0,11.0,JAWA BARAT,0.1,8000,80000.0,80000.0
ORD_0014653,2024-11-20 10:25:00,2024.0,11.0,JAWA TIMUR,0.2,1000,5000.0,5000.0
ORD_0014662,2024-11-20 14:08:00,2024.0,11.0,JAWA TIMUR,19.8,11200,565.6565656565656,565.6565656565656
ORD_0014663,2024-11-20 15:08:00,2024.0,11.0,BANTEN,0.2,8000,40000.0,40000.0
ORD_0014664,2024-11-20 21:20:00,2024.0,11.0,JAWA BARAT,1.4,16000,11428.57142857143,11428.57142857143
ORD_0014665,2024-11-20 21:26:00,2024.0,11.0,JAWA TIMUR,1.0,500,500.0,500.0
ORD_0014668,2024-11-21 03:23:00,2024.0,11.0,JAWA TENGAH,0.2,2000,10000.0,10000.0
ORD_0014671,2024-11-21 10:24:00,2024.0,11.0,JAWA BARAT,0.3,500,1666.6666666666667,1666.6666666666667
ORD_0014672,2024-11-21 10:26:00,2024.0,11.0,BANTEN,10.4,23000,2211.5384615384614,2211.5384615384614
ORD_0014675,2024-11-21 12:08:00,2024.0,11.0,SUMATERA SELATAN,1.0,15100,15100.0,15100.0
ORD_0014676,2024-11-21 12:13:00,2024.0,11.0,JAWA TIMUR,0.5,16000,32000.0,32000.0
ORD_0014679,2024-11-21 13:41:00,2024.0,11.0,JAWA BARAT,0.4,1000,2500.0,2500.0
ORD_0014683,2024-11-21 16:24:00,2024.0,11.0,BANTEN,13.2,5500,416.6666666666667,416.6666666666667
ORD_0014684,2024-11-21 16:34:00,2024.0,11.0,BANTEN,0.2,8000,40000.0,40000.0
ORD_0014685,2024-11-21 18:25:00,2024.0,11.0,BANGKA BELITUNG,0.4,9500,23750.0,23750.0
ORD_0014688,2024-11-21 21:18:00,2024.0,11.0,DI YOGYAKARTA,0.6,1000,1666.6666666666667,1666.6666666666667
ORD_0014690,2024-11-21 22:38:00,2024.0,11.0,BANTEN,4.4,19000,4318.181818181818,4318.181818181818
ORD_0014692,2024-11-22 00:06:00,2024.0,11.0,JAWA BARAT,0.5,2000,4000.0,4000.0
ORD_0014699,2024-11-22 08:57:00,2024.0,11.0,KALIMANTAN TENGAH,1.0,11000,11000.0,11000.0
ORD_0014701,2024-11-22 10:40:00,2024.0,11.0,JAWA TENGAH,0.5,14500,29000.0,29000.0
ORD_0014703,2024-11-22 12:50:00,2024.0,11.0,JAWA TENGAH,4.0,54400,13600.0,13600.0
ORD_0014704,2024-11-22 13:05:00,2024.0,11.0,DKI JAKARTA,7.0,20500,2928.5714285714284,2928.5714285714284
ORD_0014705,2024-11-22 13:37:00,2024.0,11.0,KALIMANTAN TENGAH,0.4,18300,45750.0,45750.0
ORD_0014706,2024-11-22 14:04:00,2024.0,11.0,JAWA TIMUR,1.2,1000,833.3333333333334,833.3333333333334
ORD_0014708,2024-11-22 15:45:00,2024.0,11.0,JAWA TIMUR,0.2,16000,80000.0,80000.0
ORD_0014710,2024-11-22 16:10:00,2024.0,11.0,BANTEN,0.1,8000,80000.0,80000.0
ORD_0014711,2024-11-22 19:12:00,2024.0,11.0,JAWA TIMUR,0.4,1000,2500.0,2500.0
ORD_0014712,2024-11-22 19:20:00,2024.0,11.0,RIAU,1.2,16500,13750.0,13750.0
ORD_0014713,2024-11-22 19:22:00,2024.0,11.0,DI YOGYAKARTA,1.22,500,409.8360655737705,409.8360655737705
ORD_0014714,2024-11-22 19:55:00,2024.0,11.0,KALIMANTAN BARAT,0.2,14100,70500.0,70500.0
ORD_0014719,2024-11-23 10:32:00,2024.0,11.0,BANTEN,16.0,17000,1062.5,1062.5
ORD_0014721,2024-11-23 11:57:00,2024.0,11.0,JAWA BARAT,0.1,14500,145000.0,145000.0
ORD_0014722,2024-11-23 12:14:00,2024.0,11.0,JAMBI,30.6,40000,1307.18954248366,1307.18954248366
ORD_0014725,2024-11-23 13:10:00,2024.0,11.0,BANTEN,0.3,8000,26666.666666666668,26666.666666666668
ORD_0014734,2024-11-23 18:47:00,2024.0,11.0,JAWA TENGAH,40.0,120500,3012.5,3012.5
ORD_0014736,2024-11-23 19:13:00,2024.0,11.0,JAMBI,0.8,5100,6375.0,6375.0
ORD_0014737,2024-11-23 19:24:00,2024.0,11.0,JAWA TIMUR,0.6,1000,1666.6666666666667,1666.6666666666667
ORD_0014742,2024-11-23 20:48:00,2024.0,11.0,DKI JAKARTA,0.8,8000,10000.0,10000.0
ORD_0014748,2024-11-23 21:34:00,2024.0,11.0,JAWA TIMUR,4.0,14400,3600.0,3600.0
ORD_0014751,2024-11-23 00:52:00,2024.0,11.0,SULAWESI UTARA,2.2,22800,10363.636363636362,10363.636363636362
ORD_0014753,2024-11-23 01:19:00,2024.0,11.0,JAWA BARAT,0.08,8000,100000.0,100000.0
ORD_0014756,2024-11-24 03:55:00,2024.0,11.0,DKI JAKARTA,0.2,8000,40000.0,40000.0
ORD_0014757,2024-11-24 06:06:00,2024.0,11.0,SUMATERA BARAT,0.2,21000,105000.0,105000.0
ORD_0014758,2024-11-24 07:33:00,2024.0,11.0,KEPULAUAN RIAU,0.2,49200,246000.0,170093.75000000035
ORD_0014761,2024-11-24 09:07:00,2024.0,11.0,JAWA TIMUR,0.32,1000,3125.0,3125.0
ORD_0014762,2024-11-24 09:35:00,2024.0,11.0,JAMBI,1.5,38900,25933.333333333332,25933.333333333332
ORD_0014763,2024-11-24 12:08:00,2024.0,11.0,JAWA BARAT,0.2,8000,40000.0,40000.0
ORD_0014766,2024-11-24 13:26:00,2024.0,11.0,LAMPUNG,0.5,1000,2000.0,2000.0
ORD_0014770,2024-11-24 15:44:00,2024.0,11.0,SUMATERA BARAT,0.8,1000,1250.0,1250.0
ORD_0014771,2024-11-24 15:45:00,2024.0,11.0,JAWA BARAT,3.0,19000,6333.333333333333,6333.333333333333
ORD_0014772,2024-11-24 15:47:00,2024.0,11.0,DKI JAKARTA,0.1,8000,80000.0,80000.0
ORD_0014773,2024-11-24 16:17:00,2024.0,11.0,JAWA TIMUR,0.5,1000,2000.0,2000.0
ORD_0014775,2024-11-24 18:15:00,2024.0,11.0,JAWA BARAT,0.5,8000,16000.0,16000.0
ORD_0014778,2024-11-24 20:11:00,2024.0,11.0,JAWA TIMUR,4.0,28000,7000.0,7000.0
ORD_0014780,2024-11-24 22:02:00,2024.0,11.0,JAWA TIMUR,1.02,1000,980.3921568627452,980.3921568627452
ORD_0014782,2024-11-24 23:17:00,2024.0,11.0,JAWA BARAT,0.5,8000,16000.0,16000.0
ORD_0014783,2024-11-25 00:09:00,2024.0,11.0,JAWA BARAT,4.44,1000,225.2252252252252,225.2252252252252
ORD_0014795,2024-11-25 09:17:00,2024.0,11.0,KALIMANTAN TENGAH,1.2,100,83.33333333333334,83.33333333333334
ORD_0014796,2024-11-25 09:18:00,2024.0,11.0,BANTEN,6.0,5000,833.3333333333334,833.3333333333334
ORD_0014803,2024-11-25 11:35:00,2024.0,11.0,SUMATERA UTARA,0.5,3000,6000.0,6000.0
ORD_0014804,2024-11-25 11:58:00,2024.0,11.0,SULAWESI SELATAN,2.0,24400,12200.0,12200.0
ORD_0014811,2024-11-25 14:42:00,2024.0,11.0,SUMATERA BARAT,1.0,1000,1000.0,1000.0
ORD_0014813,2024-11-25 14:58:00,2024.0,11.0,DKI JAKARTA,9.0,48000,5333.333333333333,5333.333333333333
ORD_0014816,2024-11-25 15:11:00,2024.0,11.0,NUSA TENGGARA TIMUR (NTT),0.5,14500,29000.0,29000.0
ORD_0014822,2024-11-25 19:02:00,2024.0,11.0,BANTEN,0.5,8000,16000.0,16000.0
ORD_0014824,2024-11-25 19:49:00,2024.0,11.0,JAWA BARAT,25.0,19100,764.0,764.0
ORD_0014830,2024-11-26 05:51:00,2024.0,11.0,KALIMANTAN TIMUR,3.45,9000,2608.695652173913,2608.695652173913
ORD_0014831,2024-11-26 07:21:00,2024.0,11.0,SUMATERA SELATAN,0.1,7000,70000.0,70000.0
ORD_0014835,2024-11-26 09:12:00,2024.0,11.0,JAWA TIMUR,0.2,1000,5000.0,5000.0
ORD_0014840,2024-11-26 11:37:00,2024.0,11.0,DKI JAKARTA,0.5,8000,16000.0,16000.0
ORD_0014841,2024-11-26 11:56:00,2024.0,11.0,SUMATERA SELATAN,0.5,2000,4000.0,4000.0
ORD_0014844,2024-11-26 12:32:00,2024.0,11.0,BANTEN,0.2,3000,15000.0,15000.0
ORD_0014845,2024-11-26 13:39:00,2024.0,11.0,DKI JAKARTA,0.5,8000,16000.0,16000.0
ORD_0014846,2024-11-26 13:58:00,2024.0,11.0,BANTEN,8.8,3000,340.9090909090909,340.9090909090909
ORD_0014855,2024-11-26 20:03:00,2024.0,11.0,JAWA BARAT,0.4,1000,2500.0,2500.0
ORD_0014856,2024-11-26 20:04:00,2024.0,11.0,JAWA TIMUR,0.2,1000,5000.0,5000.0
ORD_0014859,2024-11-26 21:56:00,2024.0,11.0,JAWA BARAT,3.0,11200,3733.3333333333335,3733.3333333333335
ORD_0014860,2024-11-26 22:05:00,2024.0,11.0,JAWA BARAT,6.5,23000,3538.4615384615386,3538.4615384615386
ORD_0014866,2024-11-27 05:55:00,2024.0,11.0,JAWA BARAT,2.0,2000,1000.0,1000.0
ORD_0014867,2024-11-27 06:01:00,2024.0,11.0,BANTEN,2.6,9000,3461.5384615384614,3461.5384615384614
ORD_0014872,2024-11-27 07:25:00,2024.0,11.0,JAWA TIMUR,0.2,1000,5000.0,5000.0
ORD_0014875,2024-11-27 08:10:00,2024.0,11.0,BANTEN,18.5,7200,389.1891891891891,389.1891891891891
ORD_0014876,2024-11-27 09:16:00,2024.0,11.0,JAWA TENGAH,1.0,500,500.0,500.0
ORD_0014877,2024-11-27 11:09:00,2024.0,11.0,BANTEN,13.0,20000,1538.4615384615386,1538.4615384615386
ORD_0014878,2024-11-27 11:35:00,2024.0,11.0,JAWA TIMUR,25.0,96000,3840.0,3840.0
ORD_0014879,2024-11-27 12:17:00,2024.0,11.0,SULAWESI BARAT,1.0,27200,27200.0,27200.0
ORD_0014882,2024-11-27 12:42:00,2024.0,11.0,JAWA TENGAH,0.2,1000,5000.0,5000.0
ORD_0014883,2024-11-27 13:08:00,2024.0,11.0,JAWA BARAT,0.1,13000,130000.0,130000.0
ORD_0014884,2024-11-27 13:14:00,2024.0,11.0,SUMATERA BARAT,0.5,6000,12000.0,12000.0
ORD_0014893,2024-11-27 16:54:00,2024.0,11.0,JAWA TIMUR,0.4,1000,2500.0,2500.0
ORD_0014895,2024-11-27 17:45:00,2024.0,11.0,BALI,0.48,3000,6250.0,6250.0
ORD_0014896,2024-11-27 17:52:00,2024.0,11.0,BANTEN,16.0,18600,1162.5,1162.5
ORD_0014899,2024-11-27 18:41:00,2024.0,11.0,SUMATERA BARAT,0.5,6000,12000.0,12000.0
ORD_0014900,2024-11-27 18:41:00,2024.0,11.0,LAMPUNG,1.2,7300,6083.333333333334,6083.333333333334
ORD_0014901,2024-11-27 19:03:00,2024.0,11.0,JAMBI,0.1,10000,100000.0,100000.0
ORD_0014902,2024-11-27 19:21:00,2024.0,11.0,JAWA BARAT,0.5,8000,16000.0,16000.0
ORD_0014903,2024-11-27 19:23:00,2024.0,11.0,JAWA TIMUR,0.5,16000,32000.0,32000.0
ORD_0014904,2024-11-27 19:50:00,2024.0,11.0,SUMATERA BARAT,0.5,3600,7200.0,7200.0
ORD_0014905,2024-11-27 19:53:00,2024.0,11.0,SULAWESI TENGAH,4.5,55000,12222.222222222224,12222.222222222224
ORD_0014909,2024-11-27 21:37:00,2024.0,11.0,BANTEN,10.0,36000,3600.0,3600.0
ORD_0014911,2024-11-27 23:40:00,2024.0,11.0,JAWA BARAT,0.4,1000,2500.0,2500.0
ORD_0014915,2024-11-28 07:13:00,2024.0,11.0,SUMATERA SELATAN,0.7,13800,19714.285714285714,19714.285714285714
ORD_0014921,2024-11-28 09:13:00,2024.0,11.0,JAWA TENGAH,0.5,1000,2000.0,2000.0
ORD_0014924,2024-11-28 11:43:00,2024.0,11.0,JAWA TIMUR,0.2,1000,5000.0,5000.0
ORD_0014933,2024-11-28 14:33:00,2024.0,11.0,BALI,1.0,13000,13000.0,13000.0
ORD_0014934,2024-11-28 14:49:00,2024.0,11.0,MALUKU,1.2,11500,9583.333333333334,9583.333333333334
ORD_0014935,2024-11-28 14:51:00,2024.0,11.0,DKI JAKARTA,0.1,8000,80000.0,80000.0
ORD_0014937,2024-11-28 15:16:00,2024.0,11.0,BANTEN,1.8,8000,4444.444444444444,4444.444444444444
ORD_0014939,2024-11-28 15:17:00,2024.0,11.0,BANTEN,2.0,24000,12000.0,12000.0
ORD_0014941,2024-11-28 15:42:00,2024.0,11.0,DKI JAKARTA,0.3,16000,53333.333333333336,53333.333333333336
ORD_0014946,2024-11-28 17:47:00,2024.0,11.0,SUMATERA SELATAN,3.3,14500,4393.939393939394,4393.939393939394
ORD_0014947,2024-11-28 18:06:00,2024.0,11.0,JAWA BARAT,0.5,500,1000.0,1000.0
ORD_0014956,2024-11-28 22:22:00,2024.0,11.0,JAWA TENGAH,0.2,1000,5000.0,5000.0
ORD_0014959,2024-11-28 23:02:00,2024.0,11.0,JAWA TENGAH,0.5,1000,2000.0,2000.0
ORD_0014961,2024-11-29 04:25:00,2024.0,11.0,JAWA TIMUR,0.2,1000,5000.0,5000.0
ORD_0014965,2024-11-29 08:17:00,2024.0,11.0,JAWA TIMUR,0.5,1000,2000.0,2000.0
ORD_0014969,2024-11-29 10:44:00,2024.0,11.0,BANTEN,1.2,11000,9166.666666666668,9166.666666666668
ORD_0014971,2024-11-29 12:06:00,2024.0,11.0,JAWA TIMUR,0.2,1000,5000.0,5000.0
ORD_0014972,2024-11-29 12:12:00,2024.0,11.0,BANTEN,0.15,8000,53333.333333333336,53333.333333333336
ORD_0014974,2024-11-29 12:38:00,2024.0,11.0,PAPUA,2.4,75000,31250.0,31250.0
ORD_0014977,2024-11-29 13:24:00,2024.0,11.0,BANTEN,20.4,28000,1372.549019607843,1372.549019607843
ORD_0014978,2024-11-29 14:38:00,2024.0,11.0,KALIMANTAN TIMUR,0.5,38500,77000.0,77000.0
ORD_0014979,2024-11-29 16:22:00,2024.0,11.0,DKI JAKARTA,0.5,8000,16000.0,16000.0
ORD_0014981,2024-11-29 16:39:00,2024.0,11.0,JAWA TIMUR,0.8,1000,1250.0,1250.0
ORD_0014984,2024-11-29 18:02:00,2024.0,11.0,RIAU,22.0,34000,1545.4545454545455,1545.4545454545455
ORD_0014985,2024-11-29 18:07:00,2024.0,11.0,LAMPUNG,1.0,6500,6500.0,6500.0
ORD_0014986,2024-11-29 18:19:00,2024.0,11.0,BANTEN,0.2,3000,15000.0,15000.0
ORD_0014988,2024-11-29 19:39:00,2024.0,11.0,SUMATERA BARAT,0.8,34500,43125.0,43125.0
ORD_0014991,2024-11-29 20:27:00,2024.0,11.0,JAWA BARAT,0.6,1000,1666.6666666666667,1666.6666666666667
ORD_0014992,2024-11-29 21:12:00,2024.0,11.0,BANTEN,8.02,14000,1745.635910224439,1745.635910224439
ORD_0014993,2024-11-29 21:13:00,2024.0,11.0,RIAU,8.0,30000,3750.0,3750.0
ORD_0014994,2024-11-29 21:15:00,2024.0,11.0,JAWA BARAT,0.1,8000,80000.0,80000.0
ORD_0014995,2024-11-29 22:11:00,2024.0,11.0,KALIMANTAN BARAT,4.0,13500,3375.0,3375.0
ORD_0014996,2024-11-29 23:20:00,2024.0,11.0,JAWA BARAT,0.1,5500,55000.0,55000.0
ORD_0014997,2024-11-30 05:07:00,2024.0,11.0,JAWA TIMUR,1.0,1000,1000.0,1000.0
ORD_0015005,2024-11-30 10:43:00,2024.0,11.0,JAWA BARAT,0.5,6500,13000.0,13000.0
ORD_0015007,2024-11-30 11:40:00,2024.0,11.0,SUMATERA UTARA,1.0,8000,8000.0,8000.0
ORD_0015008,2024-11-30 11:45:00,2024.0,11.0,BANGKA BELITUNG,1.0,12000,12000.0,12000.0
ORD_0015016,2024-11-30 14:36:00,2024.0,11.0,JAWA TENGAH,12.0,152000,12666.666666666666,12666.666666666666
ORD_0015021,2024-11-30 16:09:00,2024.0,11.0,JAWA BARAT,0.5,8000,16000.0,16000.0
ORD_0015028,2024-11-30 18:56:00,2024.0,11.0,JAWA BARAT,3.0,10000,3333.3333333333335,3333.3333333333335
ORD_0015034,2024-11-30 20:08:00,2024.0,11.0,BANTEN,0.14,12500,89285.71428571428,89285.71428571428
ORD_0015048,2025-11-01 09:41:00,2025.0,11.0,JAWA BARAT,3.6,3500,972.2222222222222,972.2222222222222
ORD_0015058,2025-11-01 12:23:00,2025.0,11.0,BANTEN,16.92,3500,206.85579196217492,206.85579196217492
ORD_0015071,2025-11-01 19:28:00,2025.0,11.0,JAMBI,2.7,17400,6444.444444444444,6444.444444444444
ORD_0015072,2025-11-01 19:55:00,2025.0,11.0,JAWA BARAT,2.4,3500,1458.3333333333337,1458.3333333333337
ORD_0015081,2025-11-02 10:23:00,2025.0,11.0,LAMPUNG,2.4,1700,708.3333333333334,708.3333333333334
ORD_0015084,2025-11-02 11:34:00,2025.0,11.0,KALIMANTAN SELATAN,0.5,10000,20000.0,20000.0
ORD_0015086,2025-11-02 11:36:00,2025.0,11.0,JAMBI,0.5,15000,30000.0,30000.0
ORD_0015090,2025-11-02 13:27:00,2025.0,11.0,SUMATERA BARAT,0.2,15000,75000.0,75000.0
ORD_0015120,2025-11-03 01:54:00,2025.0,11.0,SUMATERA SELATAN,1.6,1000,625.0,625.0
ORD_0015124,2025-11-03 07:11:00,2025.0,11.0,NANGGROE ACEH DARUSSALAM (NAD),0.5,7000,14000.0,14000.0
ORD_0015127,2025-11-03 08:55:00,2025.0,11.0,DKI JAKARTA,1.5,22500,15000.0,15000.0
ORD_0015129,2025-11-03 09:29:00,2025.0,11.0,BANTEN,0.5,3000,6000.0,6000.0
ORD_0015133,2025-11-03 11:34:00,2025.0,11.0,JAMBI,1.8,1000,555.5555555555555,555.5555555555555
ORD_0015137,2025-11-03 12:47:00,2025.0,11.0,SUMATERA UTARA,0.2,2000,10000.0,10000.0
ORD_0015138,2025-11-03 13:10:00,2025.0,11.0,KALIMANTAN BARAT,0.1,12000,120000.0,120000.0
ORD_0015140,2025-11-03 14:50:00,2025.0,11.0,JAWA BARAT,2.4,3500,1458.3333333333337,1458.3333333333337
ORD_0015141,2025-11-03 15:31:00,2025.0,11.0,JAWA BARAT,0.1,3500,35000.0,35000.0
ORD_0015142,2025-11-03 16:20:00,2025.0,11.0,SUMATERA UTARA,0.4,17000,42500.0,42500.0
ORD_0015151,2025-11-03 20:56:00,2025.0,11.0,JAWA TENGAH,0.24,8000,33333.333333333336,33333.333333333336
ORD_0015152,2025-11-03 21:17:00,2025.0,11.0,BANGKA BELITUNG,0.2,3000,15000.0,15000.0
ORD_0015160,2025-11-04 07:49:00,2025.0,11.0,KALIMANTAN SELATAN,0.2,10000,50000.0,50000.0
ORD_0015164,2025-11-04 09:17:00,2025.0,11.0,KALIMANTAN SELATAN,0.2,10000,50000.0,50000.0
ORD_0015178,2025-11-04 13:28:00,2025.0,11.0,SUMATERA UTARA,0.3,2000,6666.666666666667,6666.666666666667
ORD_0015186,2025-11-04 17:54:00,2025.0,11.0,JAWA TENGAH,10.8,5000,462.96296296296293,462.96296296296293
ORD_0015189,2025-11-04 20:58:00,2025.0,11.0,NANGGROE ACEH DARUSSALAM (NAD),0.5,7000,14000.0,14000.0
ORD_0015190,2025-11-04 21:14:00,2025.0,11.0,KALIMANTAN SELATAN,0.4,10000,25000.0,25000.0
ORD_0015199,2025-11-05 10:20:00,2025.0,11.0,DKI JAKARTA,2.0,20000,10000.0,10000.0
ORD_0015212,2025-11-05 16:00:00,2025.0,11.0,BANTEN,3.6,3500,972.2222222222222,972.2222222222222
ORD_0015213,2025-11-05 16:08:00,2025.0,11.0,JAWA BARAT,0.6,6500,10833.333333333334,10833.333333333334
ORD_0015218,2025-11-05 18:48:00,2025.0,11.0,JAWA TENGAH,0.08,5000,62500.0,62500.0
ORD_0015223,2025-11-05 20:43:00,2025.0,11.0,JAWA BARAT,4.0,13500,3375.0,3375.0
ORD_0015226,2025-11-05 22:17:00,2025.0,11.0,KEPULAUAN RIAU,0.5,10300,20600.0,20600.0
ORD_0015242,2025-11-06 08:49:00,2025.0,11.0,JAWA TENGAH,6.0,15000,2500.0,2500.0
ORD_0015261,2025-11-06 16:52:00,2025.0,11.0,JAWA TENGAH,10.8,5000,462.96296296296293,462.96296296296293
ORD_0015264,2025-11-06 18:41:00,2025.0,11.0,DKI JAKARTA,2.4,3500,1458.3333333333337,1458.3333333333337
ORD_0015266,2025-11-06 18:48:00,2025.0,11.0,BALI,4.0,30000,7500.0,7500.0
ORD_0015268,2025-11-06 22:28:00,2025.0,11.0,JAWA TENGAH,0.4,5000,12500.0,12500.0
ORD_0015275,2025-11-07 07:32:00,2025.0,11.0,JAWA TENGAH,2.4,5000,2083.3333333333335,2083.3333333333335
ORD_0015278,2025-11-07 08:54:00,2025.0,11.0,DKI JAKARTA,4.2,24000,5714.285714285714,5714.285714285714
ORD_0015341,2025-11-09 08:52:00,2025.0,11.0,JAWA BARAT,0.08,6500,81250.0,81250.0
ORD_0015344,2025-11-09 10:47:00,2025.0,11.0,SUMATERA SELATAN,24.2,22461,928.1404958677688,928.1404958677688
ORD_0015371,2025-11-09 21:26:00,2025.0,11.0,NANGGROE ACEH DARUSSALAM (NAD),0.5,7000,14000.0,14000.0
ORD_0015376,2025-11-10 02:08:00,2025.0,11.0,SUMATERA UTARA,0.2,2000,10000.0,10000.0
ORD_0015410,2025-11-10 17:34:00,2025.0,11.0,SUMATERA UTARA,0.2,2000,10000.0,10000.0
ORD_0015413,2025-11-10 17:48:00,2025.0,11.0,NUSA TENGGARA BARAT (NTB),0.4,5500,13750.0,13750.0
ORD_0015422,2025-11-10 22:08:00,2025.0,11.0,KALIMANTAN UTARA,4.0,45000,11250.0,11250.0
ORD_0015440,2025-11-11 11:46:00,2025.0,11.0,DKI JAKARTA,0.5,23495,46990.0,46990.0
ORD_0015455,2025-11-11 18:42:00,2025.0,11.0,DKI JAKARTA,7.0,3000,428.57142857142856,428.57142857142856
ORD_0015482,2025-11-12 15:16:00,2025.0,11.0,SUMATERA UTARA,0.4,2000,5000.0,5000.0
ORD_0015493,2025-11-13 00:45:00,2025.0,11.0,NANGGROE ACEH DARUSSALAM (NAD),0.2,7000,35000.0,35000.0
ORD_0015501,2025-11-13 10:21:00,2025.0,11.0,KALIMANTAN TENGAH,0.4,13000,32500.0,32500.0
ORD_0015506,2025-11-13 12:13:00,2025.0,11.0,JAWA TENGAH,4.5,5000,1111.111111111111,1111.111111111111
ORD_0015517,2025-11-13 23:11:00,2025.0,11.0,BANTEN,0.2,3500,17500.0,17500.0
ORD_0015522,2025-11-14 09:47:00,2025.0,11.0,KALIMANTAN SELATAN,0.4,10000,25000.0,25000.0
ORD_0015526,2025-11-14 11:45:00,2025.0,11.0,SULAWESI TENGAH,5.4,170000,31481.48148148148,31481.48148148148
ORD_0015548,2025-11-14 20:25:00,2025.0,11.0,BALI,0.25,1700,6800.0,6800.0
ORD_0015555,2025-11-15 09:57:00,2025.0,11.0,DKI JAKARTA,12.0,29000,2416.6666666666665,2416.6666666666665
ORD_0015567,2025-11-15 15:19:00,2025.0,11.0,SUMATERA UTARA,0.5,2000,4000.0,4000.0
ORD_0015595,2025-11-15 23:04:00,2025.0,11.0,JAWA BARAT,0.2,3500,17500.0,17500.0
ORD_0015600,2025-11-16 05:33:00,2025.0,11.0,KALIMANTAN SELATAN,0.2,10000,50000.0,50000.0
ORD_0015603,2025-11-16 09:18:00,2025.0,11.0,JAWA BARAT,1.0,6500,6500.0,6500.0
ORD_0015640,2025-11-17 11:30:00,2025.0,11.0,NUSA TENGGARA BARAT (NTB),0.2,19500,97500.0,97500.0
ORD_0015653,2025-11-17 15:27:00,2025.0,11.0,BANTEN,6.0,13500,2250.0,2250.0
ORD_0015654,2025-11-17 15:51:00,2025.0,11.0,SUMATERA SELATAN,5.4,14300,2648.148148148148,2648.148148148148
ORD_0015674,2025-11-17 22:50:00,2025.0,11.0,NUSA TENGGARA BARAT (NTB),0.6,4500,7500.0,7500.0
ORD_0015680,2025-11-18 05:46:00,2025.0,11.0,JAWA TENGAH,0.08,5000,62500.0,62500.0
ORD_0015681,2025-11-18 08:27:00,2025.0,11.0,SUMATERA UTARA,0.2,2000,10000.0,10000.0
ORD_0015683,2025-11-18 08:56:00,2025.0,11.0,BANTEN,1.75,6974,3985.142857142858,3985.142857142858
ORD_0015687,2025-11-18 11:11:00,2025.0,11.0,SULAWESI TENGGARA,1.2,40400,33666.66666666667,33666.66666666667
ORD_0015716,2025-11-18 20:23:00,2025.0,11.0,SUMATERA UTARA,0.3,2000,6666.666666666667,6666.666666666667
ORD_0015742,2025-11-19 12:07:00,2025.0,11.0,BENGKULU,0.4,13000,32500.0,32500.0
ORD_0015751,2025-11-19 17:00:00,2025.0,11.0,SUMATERA UTARA,0.5,2000,4000.0,4000.0
ORD_0015767,2025-11-20 06:51:00,2025.0,11.0,BANTEN,0.4,3500,8750.0,8750.0
ORD_0015771,2025-11-20 10:14:00,2025.0,11.0,BANTEN,1.0,8000,8000.0,8000.0
ORD_0015772,2025-11-20 10:20:00,2025.0,11.0,SULAWESI UTARA,0.6,14000,23333.333333333336,23333.333333333336
ORD_0015778,2025-11-20 13:02:00,2025.0,11.0,SUMATERA UTARA,0.2,2000,10000.0,10000.0
ORD_0015784,2025-11-20 16:03:00,2025.0,11.0,DKI JAKARTA,2.0,14000,7000.0,7000.0
ORD_0015793,2025-11-20 19:24:00,2025.0,11.0,KALIMANTAN TENGAH,0.4,13000,32500.0,32500.0
ORD_0015821,2025-11-21 07:21:00,2025.0,11.0,BANTEN,2.4,999,416.25,416.25
ORD_0015822,2025-11-21 07:23:00,2025.0,11.0,JAMBI,0.2,15000,75000.0,75000.0
ORD_0015826,2025-11-21 10:14:00,2025.0,11.0,NUSA TENGGARA TIMUR (NTT),0.6,28000,46666.66666666667,46666.66666666667
ORD_0015830,2025-11-21 12:29:00,2025.0,11.0,DKI JAKARTA,8.0,14000,1750.0,1750.0
ORD_0015862,2025-11-22 10:28:00,2025.0,11.0,KALIMANTAN BARAT,0.6,12000,20000.0,20000.0
ORD_0015874,2025-11-22 16:17:00,2025.0,11.0,KALIMANTAN TIMUR,0.4,13000,32500.0,32500.0
ORD_0015880,2025-11-22 18:01:00,2025.0,11.0,SUMATERA UTARA,0.4,17000,42500.0,42500.0
ORD_0015882,2025-11-22 18:22:00,2025.0,11.0,NUSA TENGGARA BARAT (NTB),0.4,35500,88750.0,88750.0
ORD_0015886,2025-11-22 20:12:00,2025.0,11.0,KALIMANTAN TENGAH,4.0,50000,12500.0,12500.0
ORD_0015888,2025-11-22 20:40:00,2025.0,11.0,KEPULAUAN RIAU,0.42,10800,25714.285714285714,25714.285714285714
ORD_0015894,2025-11-22 21:36:00,2025.0,11.0,NANGGROE ACEH DARUSSALAM (NAD),0.2,7000,35000.0,35000.0
ORD_0015897,2025-11-22 22:09:00,2025.0,11.0,JAWA BARAT,0.1,3500,35000.0,35000.0
ORD_0015903,2025-11-23 04:38:00,2025.0,11.0,RIAU,0.4,15000,37500.0,37500.0
ORD_0015904,2025-11-23 05:10:00,2025.0,11.0,KALIMANTAN SELATAN,0.2,10000,50000.0,50000.0
ORD_0015910,2025-11-23 10:09:00,2025.0,11.0,SUMATERA UTARA,5.4,60000,11111.11111111111,11111.11111111111
ORD_0015912,2025-11-23 13:45:00,2025.0,11.0,GORONTALO,34.37,50000,1454.7570555717195,1454.7570555717195
ORD_0015936,2025-11-24 10:42:00,2025.0,11.0,KALIMANTAN BARAT,0.2,12000,60000.0,60000.0
ORD_0015951,2025-11-24 19:42:00,2025.0,11.0,JAMBI,0.2,15000,75000.0,75000.0
ORD_0015955,2025-11-24 20:46:00,2025.0,11.0,KALIMANTAN SELATAN,0.6,10000,16666.666666666668,16666.666666666668
ORD_0015963,2025-11-25 08:43:00,2025.0,11.0,NANGGROE ACEH DARUSSALAM (NAD),0.2,7000,35000.0,35000.0
ORD_0015968,2025-11-25 10:30:00,2025.0,11.0,BANTEN,0.5,13980,27960.0,27960.0
ORD_0016004,2025-11-25 22:39:00,2025.0,11.0,KEPULAUAN RIAU,0.4,15000,37500.0,37500.0
ORD_0016028,2025-11-26 16:54:00,2025.0,11.0,KALIMANTAN BARAT,0.4,12000,30000.0,30000.0
ORD_0016037,2025-11-26 21:13:00,2025.0,11.0,SUMATERA UTARA,2.7,17000,6296.296296296296,6296.296296296296
ORD_0016046,2025-11-27 09:27:00,2025.0,11.0,KEPULAUAN RIAU,0.4,15000,37500.0,37500.0
ORD_0016050,2025-11-27 11:14:00,2025.0,11.0,BANGKA BELITUNG,5.4,18529,3431.296296296296,3431.296296296296
ORD_0016069,2025-11-27 20:29:00,2025.0,11.0,NANGGROE ACEH DARUSSALAM (NAD),2.4,80000,33333.333333333336,33333.333333333336
ORD_0016094,2025-11-28 20:16:00,2025.0,11.0,BALI,0.5,14000,28000.0,28000.0
ORD_0016102,2025-11-28 05:42:00,2025.0,11.0,KALIMANTAN SELATAN,0.4,10000,25000.0,25000.0
ORD_0016110,2025-11-29 07:00:00,2025.0,11.0,SUMATERA BARAT,0.8,15000,18750.0,18750.0
ORD_0016111,2025-11-29 07:12:00,2025.0,11.0,SULAWESI SELATAN,0.6,9000,15000.0,15000.0
ORD_0016122,2025-11-29 15:33:00,2025.0,11.0,BANTEN,4.0,4980,1245.0,1245.0
ORD_0016128,2025-11-29 19:52:00,2025.0,11.0,SUMATERA SELATAN,0.08,3000,37500.0,37500.0
ORD_0016141,2025-11-30 09:50:00,2025.0,11.0,KALIMANTAN TIMUR,0.2,13000,65000.0,65000.0
ORD_0016147,2025-11-30 11:57:00,2025.0,11.0,SUMATERA UTARA,0.4,2000,5000.0,5000.0
ORD_0016152,2025-11-30 15:25:00,2025.0,11.0,BANTEN,7.0,19000,2714.285714285714,2714.285714285714
ORD_0016164,2025-11-30 20:13:00,2025.0,11.0,BENGKULU,0.1,10900,109000.0,109000.0
ORD_0016172,2025-11-30 23:17:00,2025.0,11.0,SUMATERA UTARA,0.5,2000,4000.0,4000.0
ORD_0016173,2024-10-01 00:53:00,2024.0,10.0,DKI JAKARTA,1.0,5000,5000.0,5000.0
ORD_0016175,2024-10-01 04:02:00,2024.0,10.0,JAWA TIMUR,0.2,1000,5000.0,5000.0
ORD_0016186,2024-10-01 09:53:00,2024.0,10.0,KALIMANTAN TIMUR,0.5,21300,42600.0,42600.0
ORD_0016188,2024-10-01 10:11:00,2024.0,10.0,JAWA TENGAH,0.36,1000,2777.777777777778,2777.777777777778
ORD_0016190,2024-10-01 11:30:00,2024.0,10.0,JAWA BARAT,2.2,1000,454.5454545454545,454.5454545454545
ORD_0016192,2024-10-01 12:30:00,2024.0,10.0,DI YOGYAKARTA,0.8,500,625.0,625.0
ORD_0016195,2024-10-01 13:48:00,2024.0,10.0,BANTEN,28.0,23000,821.4285714285714,821.4285714285714
ORD_0016196,2024-10-01 14:08:00,2024.0,10.0,BANTEN,3.4,19000,5588.235294117647,5588.235294117647
ORD_0016197,2024-10-01 14:25:00,2024.0,10.0,BANTEN,2.2,1000,454.5454545454545,454.5454545454545
ORD_0016201,2024-10-01 16:15:00,2024.0,10.0,JAWA BARAT,1.7,9000,5294.117647058823,5294.117647058823
ORD_0016204,2024-10-01 17:59:00,2024.0,10.0,JAWA BARAT,4.8,4000,833.3333333333334,833.3333333333334
ORD_0016211,2024-10-02 00:00:00,2024.0,10.0,DI YOGYAKARTA,1.8,500,277.77777777777777,277.77777777777777
ORD_0016212,2024-10-02 00:10:00,2024.0,10.0,JAWA BARAT,1.0,2000,2000.0,2000.0
ORD_0016215,2024-10-02 06:49:00,2024.0,10.0,BANTEN,0.08,3000,37500.0,37500.0
ORD_0016216,2024-10-02 09:06:00,2024.0,10.0,DKI JAKARTA,1.0,8000,8000.0,8000.0
ORD_0016217,2024-10-02 09:45:00,2024.0,10.0,JAWA TENGAH,2.4,1000,416.6666666666667,416.6666666666667
ORD_0016221,2024-10-02 10:47:00,2024.0,10.0,JAWA TIMUR,0.4,1000,2500.0,2500.0
ORD_0016222,2024-10-02 10:54:00,2024.0,10.0,JAWA TIMUR,0.3,7000,23333.333333333336,23333.333333333336
ORD_0016224,2024-10-02 11:07:00,2024.0,10.0,JAWA TENGAH,8.8,17000,1931.8181818181815,1931.8181818181815
ORD_0016225,2024-10-02 11:11:00,2024.0,10.0,BANGKA BELITUNG,0.8,8000,10000.0,10000.0
ORD_0016226,2024-10-02 11:40:00,2024.0,10.0,BANTEN,7.0,16000,2285.714285714286,2285.714285714286
ORD_0016234,2024-10-02 14:16:00,2024.0,10.0,JAMBI,2.0,3000,1500.0,1500.0
ORD_0016235,2024-10-02 14:23:00,2024.0,10.0,KALIMANTAN SELATAN,2.2,19500,8863.636363636362,8863.636363636362
ORD_0016240,2024-10-02 17:25:00,2024.0,10.0,SULAWESI TENGGARA,1.2,12500,10416.666666666668,10416.666666666668
ORD_0016241,2024-10-02 17:47:00,2024.0,10.0,JAWA TENGAH,0.4,6500,16250.0,16250.0
ORD_0016242,2024-10-02 17:48:00,2024.0,10.0,SUMATERA BARAT,1.7,17000,10000.0,10000.0
ORD_0016243,2024-10-02 17:57:00,2024.0,10.0,JAWA TIMUR,0.8,1000,1250.0,1250.0
ORD_0016245,2024-10-02 19:20:00,2024.0,10.0,SULAWESI SELATAN,1.2,2500,2083.3333333333335,2083.3333333333335
ORD_0016246,2024-10-02 19:21:00,2024.0,10.0,SULAWESI SELATAN,1.2,2500,2083.3333333333335,2083.3333333333335
ORD_0016247,2024-10-02 19:22:00,2024.0,10.0,SULAWESI SELATAN,1.2,2500,2083.3333333333335,2083.3333333333335
ORD_0016248,2024-10-02 19:22:00,2024.0,10.0,SULAWESI SELATAN,1.2,2500,2083.3333333333335,2083.3333333333335
ORD_0016249,2024-10-02 19:23:00,2024.0,10.0,SULAWESI SELATAN,1.2,2500,2083.3333333333335,2083.3333333333335
ORD_0016250,2024-10-02 19:23:00,2024.0,10.0,SULAWESI SELATAN,1.2,2500,2083.3333333333335,2083.3333333333335
ORD_0016251,2024-10-02 19:26:00,2024.0,10.0,JAWA TIMUR,0.3,500,1666.6666666666667,1666.6666666666667
ORD_0016252,2024-10-02 19:33:00,2024.0,10.0,JAWA BARAT,2.4,4000,1666.6666666666667,1666.6666666666667
ORD_0016253,2024-10-02 19:47:00,2024.0,10.0,JAWA BARAT,0.03,500,16666.666666666668,16666.666666666668
ORD_0016256,2024-10-02 20:30:00,2024.0,10.0,JAWA TIMUR,1.7,5500,3235.294117647059,3235.294117647059
ORD_0016258,2024-10-02 21:17:00,2024.0,10.0,SUMATERA UTARA,0.2,20500,102500.0,102500.0
ORD_0016259,2024-10-02 21:28:00,2024.0,10.0,JAWA BARAT,0.5,8000,16000.0,16000.0
ORD_0016262,2024-10-02 22:33:00,2024.0,10.0,JAWA BARAT,0.5,8000,16000.0,16000.0
ORD_0016265,2024-10-03 05:51:00,2024.0,10.0,DKI JAKARTA,0.06,8000,133333.33333333334,133333.33333333334
ORD_0016269,2024-10-03 08:52:00,2024.0,10.0,DKI JAKARTA,5.0,10000,2000.0,2000.0
ORD_0016271,2024-10-03 10:31:00,2024.0,10.0,JAWA BARAT,0.08,500,6250.0,6250.0
ORD_0016273,2024-10-03 11:54:00,2024.0,10.0,JAWA BARAT,2.2,1000,454.5454545454545,454.5454545454545
ORD_0016274,2024-10-03 12:03:00,2024.0,10.0,JAWA TENGAH,8.0,88000,11000.0,11000.0
ORD_0016275,2024-10-03 12:10:00,2024.0,10.0,KALIMANTAN TIMUR,4.8,11500,2395.8333333333335,2395.8333333333335
ORD_0016279,2024-10-03 13:58:00,2024.0,10.0,JAWA TENGAH,0.5,16000,32000.0,32000.0
ORD_0016281,2024-10-03 15:44:00,2024.0,10.0,JAWA TIMUR,0.6,7500,12500.0,12500.0
ORD_0016282,2024-10-03 15:45:00,2024.0,10.0,BENGKULU,0.6,2000,3333.3333333333335,3333.3333333333335
ORD_0016283,2024-10-03 16:54:00,2024.0,10.0,JAWA BARAT,0.7,500,714.2857142857143,714.2857142857143
ORD_0016284,2024-10-03 16:56:00,2024.0,10.0,BANTEN,8.0,51000,6375.0,6375.0
ORD_0016285,2024-10-03 17:36:00,2024.0,10.0,SUMATERA BARAT,1.0,7500,7500.0,7500.0
ORD_0016289,2024-10-03 19:40:00,2024.0,10.0,JAWA BARAT,0.5,10000,20000.0,20000.0
ORD_0016294,2024-10-03 21:16:00,2024.0,10.0,DKI JAKARTA,19.6,4000,204.0816326530612,204.0816326530612
ORD_0016295,2024-10-03 21:39:00,2024.0,10.0,SUMATERA BARAT,1.0,1000,1000.0,1000.0
ORD_0016296,2024-10-03 21:59:00,2024.0,10.0,DI YOGYAKARTA,4.6,16000,3478.2608695652175,3478.2608695652175
ORD_0016300,2024-10-04 07:02:00,2024.0,10.0,JAWA BARAT,1.35,500,370.3703703703703,370.3703703703703
ORD_0016301,2024-10-04 07:53:00,2024.0,10.0,JAWA BARAT,5.0,20000,4000.0,4000.0
ORD_0016303,2024-10-04 09:37:00,2024.0,10.0,BANTEN,0.5,8000,16000.0,16000.0
ORD_0016305,2024-10-04 10:13:00,2024.0,10.0,LAMPUNG,0.5,1000,2000.0,2000.0
ORD_0016310,2024-10-04 12:21:00,2024.0,10.0,NANGGROE ACEH DARUSSALAM (NAD),0.75,1500,2000.0,2000.0
ORD_0016311,2024-10-04 12:23:00,2024.0,10.0,JAWA TIMUR,0.6,1000,1666.6666666666667,1666.6666666666667
ORD_0016313,2024-10-04 12:43:00,2024.0,10.0,SUMATERA SELATAN,0.5,14500,29000.0,29000.0
ORD_0016314,2024-10-04 12:51:00,2024.0,10.0,BANTEN,5.1,14000,2745.098039215686,2745.098039215686
ORD_0016318,2024-10-04 15:14:00,2024.0,10.0,JAWA BARAT,1.5,4000,2666.6666666666665,2666.6666666666665
ORD_0016319,2024-10-04 15:33:00,2024.0,10.0,BALI,2.5,65000,26000.0,26000.0
ORD_0016323,2024-10-04 16:56:00,2024.0,10.0,DKI JAKARTA,25.5,4000,156.86274509803923,156.86274509803923
ORD_0016325,2024-10-04 17:45:00,2024.0,10.0,DKI JAKARTA,7.0,20500,2928.5714285714284,2928.5714285714284
ORD_0016329,2024-10-04 19:02:00,2024.0,10.0,DKI JAKARTA,151.2,83000,548.941798941799,548.941798941799
ORD_0016330,2024-10-04 20:24:00,2024.0,10.0,BANGKA BELITUNG,3.02,31000,10264.900662251655,10264.900662251655
ORD_0016332,2024-10-04 21:32:00,2024.0,10.0,BANGKA BELITUNG,0.5,12000,24000.0,24000.0
ORD_0016340,2024-10-05 08:01:00,2024.0,10.0,JAWA BARAT,1.8,1000,555.5555555555555,555.5555555555555
ORD_0016345,2024-10-05 12:01:00,2024.0,10.0,SUMATERA UTARA,0.2,14200,71000.0,71000.0
ORD_0016346,2024-10-05 12:28:00,2024.0,10.0,JAWA TIMUR,1.2,1000,833.3333333333334,833.3333333333334
ORD_0016348,2024-10-05 13:54:00,2024.0,10.0,JAWA TIMUR,97.08,16600,170.99299546765553,170.99299546765553
ORD_0016350,2024-10-05 15:08:00,2024.0,10.0,JAWA BARAT,4.0,9000,2250.0,2250.0
ORD_0016351,2024-10-05 17:03:00,2024.0,10.0,JAWA TIMUR,0.2,500,2500.0,2500.0
ORD_0016359,2024-10-05 20:02:00,2024.0,10.0,JAWA BARAT,0.02,5500,275000.0,170093.75000000035
ORD_0016360,2024-10-05 20:05:00,2024.0,10.0,JAWA TENGAH,0.2,5000,25000.0,25000.0
ORD_0016365,2024-10-05 22:18:00,2024.0,10.0,JAWA TENGAH,0.5,1000,2000.0,2000.0
ORD_0016366,2024-10-05 22:41:00,2024.0,10.0,DKI JAKARTA,50.0,8500,170.0,170.0
ORD_0016368,2024-10-05 23:45:00,2024.0,10.0,SUMATERA UTARA,0.8,34500,43125.0,43125.0
ORD_0016370,2024-10-06 00:33:00,2024.0,10.0,DKI JAKARTA,6.75,1000,148.14814814814815,148.14814814814815
ORD_0016372,2024-10-06 04:42:00,2024.0,10.0,DKI JAKARTA,2.0,1000,500.0,500.0
ORD_0016374,2024-10-06 09:04:00,2024.0,10.0,BALI,3.0,56000,18666.666666666668,18666.666666666668
ORD_0016376,2024-10-06 09:09:00,2024.0,10.0,BANTEN,0.5,9500,19000.0,19000.0
ORD_0016379,2024-10-06 10:37:00,2024.0,10.0,JAWA BARAT,1.0,8000,8000.0,8000.0
ORD_0016384,2024-10-06 11:20:00,2024.0,10.0,JAWA TIMUR,1.7,6000,3529.4117647058824,3529.4117647058824
ORD_0016385,2024-10-06 11:31:00,2024.0,10.0,JAWA TIMUR,1.7,6000,3529.4117647058824,3529.4117647058824
ORD_0016389,2024-10-06 11:58:00,2024.0,10.0,JAWA BARAT,1.7,16000,9411.764705882351,9411.764705882351
ORD_0016390,2024-10-06 12:26:00,2024.0,10.0,LAMPUNG,1.0,13200,13200.0,13200.0
ORD_0016398,2024-10-06 17:25:00,2024.0,10.0,JAWA BARAT,0.5,8000,16000.0,16000.0
ORD_0016402,2024-10-06 18:50:00,2024.0,10.0,BANTEN,77.1,28000,363.16472114137486,363.16472114137486
ORD_0016410,2024-10-06 20:58:00,2024.0,10.0,JAWA TIMUR,1.0,1000,1000.0,1000.0
ORD_0016411,2024-10-06 21:24:00,2024.0,10.0,JAWA TIMUR,2.0,14000,7000.0,7000.0
ORD_0016416,2024-10-07 19:13:00,2024.0,10.0,JAWA TIMUR,4.0,48000,12000.0,12000.0
ORD_0016420,2024-10-07 19:53:00,2024.0,10.0,BANTEN,2.7,4000,1481.4814814814813,1481.4814814814813
ORD_0016423,2024-10-07 20:28:00,2024.0,10.0,JAWA BARAT,2.2,1000,454.5454545454545,454.5454545454545
ORD_0016426,2024-10-07 21:22:00,2024.0,10.0,SULAWESI SELATAN,1.0,11500,11500.0,11500.0
ORD_0016439,2024-10-07 09:26:00,2024.0,10.0,JAWA TENGAH,0.5,1000,2000.0,2000.0
ORD_0016442,2024-10-07 10:57:00,2024.0,10.0,JAWA BARAT,6.99,4000,572.2460658082975,572.2460658082975
ORD_0016443,2024-10-07 11:52:00,2024.0,10.0,SUMATERA UTARA,10.0,320000,32000.0,32000.0
ORD_0016446,2024-10-07 13:08:00,2024.0,10.0,JAMBI,2.0,15000,7500.0,7500.0
ORD_0016447,2024-10-07 13:24:00,2024.0,10.0,JAWA TENGAH,0.4,3000,7500.0,7500.0
ORD_0016456,2024-10-07 15:58:00,2024.0,10.0,DKI JAKARTA,1.7,6000,3529.4117647058824,3529.4117647058824
ORD_0016457,2024-10-07 16:03:00,2024.0,10.0,JAMBI,0.8,10500,13125.0,13125.0
ORD_0016462,2024-10-07 23:00:00,2024.0,10.0,JAWA TENGAH,8.5,23500,2764.705882352941,2764.705882352941
ORD_0016467,2024-10-08 04:44:00,2024.0,10.0,JAWA BARAT,0.6,1000,1666.6666666666667,1666.6666666666667
ORD_0016468,2024-10-08 06:00:00,2024.0,10.0,JAWA BARAT,6.0,3300,550.0,550.0
ORD_0016473,2024-10-08 09:21:00,2024.0,10.0,LAMPUNG,0.2,1000,5000.0,5000.0
ORD_0016475,2024-10-08 10:13:00,2024.0,10.0,JAWA TIMUR,40.8,152000,3725.490196078432,3725.490196078432
ORD_0016476,2024-10-08 10:40:00,2024.0,10.0,BANTEN,8.8,25000,2840.9090909090905,2840.9090909090905
ORD_0016477,2024-10-08 10:44:00,2024.0,10.0,BANTEN,0.1,8000,80000.0,80000.0
ORD_0016478,2024-10-08 10:45:00,2024.0,10.0,BANTEN,0.5,7500,15000.0,15000.0
ORD_0016479,2024-10-08 10:52:00,2024.0,10.0,JAWA BARAT,9.45,9000,952.3809523809524,952.3809523809524
ORD_0016481,2024-10-08 11:21:00,2024.0,10.0,KALIMANTAN TENGAH,0.2,19100,95500.0,95500.0
ORD_0016482,2024-10-08 11:43:00,2024.0,10.0,JAWA BARAT,2.2,1000,454.5454545454545,454.5454545454545
ORD_0016483,2024-10-08 11:47:00,2024.0,10.0,LAMPUNG,0.3,1000,3333.3333333333335,3333.3333333333335
ORD_0016484,2024-10-08 12:18:00,2024.0,10.0,BANTEN,16.0,33000,2062.5,2062.5
ORD_0016485,2024-10-08 12:20:00,2024.0,10.0,DKI JAKARTA,17.0,16500,970.5882352941176,970.5882352941176
ORD_0016486,2024-10-08 12:57:00,2024.0,10.0,BANTEN,3.0,16000,5333.333333333333,5333.333333333333
ORD_0016490,2024-10-08 14:53:00,2024.0,10.0,BANTEN,0.16,20000,125000.0,125000.0
ORD_0016491,2024-10-08 15:46:00,2024.0,10.0,BENGKULU,2.1,2000,952.3809523809524,952.3809523809524
ORD_0016492,2024-10-08 16:07:00,2024.0,10.0,LAMPUNG,0.5,17300,34600.0,34600.0
ORD_0016495,2024-10-08 16:49:00,2024.0,10.0,DKI JAKARTA,6.02,4000,664.4518272425249,664.4518272425249
ORD_0016496,2024-10-08 17:37:00,2024.0,10.0,JAMBI,0.2,15200,76000.0,76000.0
ORD_0016499,2024-10-08 20:08:00,2024.0,10.0,JAWA TIMUR,0.6,16000,26666.666666666668,26666.666666666668
ORD_0016503,2024-10-08 20:43:00,2024.0,10.0,JAWA BARAT,0.12,8000,66666.66666666667,66666.66666666667
ORD_0016504,2024-10-08 21:13:00,2024.0,10.0,JAWA TIMUR,8.8,17000,1931.8181818181815,1931.8181818181815
ORD_0016507,2024-10-08 22:08:00,2024.0,10.0,JAWA TENGAH,0.5,16000,32000.0,32000.0
ORD_0016509,2024-10-08 22:35:00,2024.0,10.0,JAWA TIMUR,1.6,12000,7500.0,7500.0
ORD_0016512,2024-10-09 01:37:00,2024.0,10.0,JAWA BARAT,0.5,10000,20000.0,20000.0
ORD_0016517,2024-10-09 06:50:00,2024.0,10.0,JAWA BARAT,3.4,17000,5000.0,5000.0
ORD_0016518,2024-10-09 07:09:00,2024.0,10.0,JAWA TENGAH,0.2,1000,5000.0,5000.0
ORD_0016520,2024-10-09 08:00:00,2024.0,10.0,SUMATERA SELATAN,0.2,2000,10000.0,10000.0
ORD_0016521,2024-10-09 08:41:00,2024.0,10.0,BANGKA BELITUNG,0.6,10500,17500.0,17500.0
ORD_0016524,2024-10-09 10:09:00,2024.0,10.0,JAWA TIMUR,0.5,1000,2000.0,2000.0
ORD_0016529,2024-10-09 11:05:00,2024.0,10.0,JAWA TIMUR,3.0,23000,7666.666666666667,7666.666666666667
ORD_0016530,2024-10-09 11:53:00,2024.0,10.0,DKI JAKARTA,6.0,7000,1166.6666666666667,1166.6666666666667
ORD_0016531,2024-10-09 13:02:00,2024.0,10.0,DKI JAKARTA,8.8,23000,2613.6363636363635,2613.6363636363635
ORD_0016532,2024-10-09 13:06:00,2024.0,10.0,JAWA BARAT,0.5,500,1000.0,1000.0
ORD_0016534,2024-10-09 16:22:00,2024.0,10.0,JAWA TIMUR,0.6,1000,1666.6666666666667,1666.6666666666667
ORD_0016536,2024-10-09 17:04:00,2024.0,10.0,NUSA TENGGARA BARAT (NTB),4.0,14500,3625.0,3625.0
ORD_0016537,2024-10-09 17:18:00,2024.0,10.0,JAWA TIMUR,1.7,6000,3529.4117647058824,3529.4117647058824
ORD_0016540,2024-10-09 18:08:00,2024.0,10.0,JAWA BARAT,0.5,500,1000.0,1000.0
ORD_0016541,2024-10-09 18:14:00,2024.0,10.0,JAWA TENGAH,0.5,1000,2000.0,2000.0
ORD_0016542,2024-10-09 18:53:00,2024.0,10.0,SULAWESI TENGAH,2.4,12000,5000.0,5000.0
ORD_0016543,2024-10-09 19:18:00,2024.0,10.0,SULAWESI BARAT,1.5,69400,46266.666666666664,46266.666666666664
ORD_0016544,2024-10-09 19:20:00,2024.0,10.0,JAWA TENGAH,32.0,94100,2940.625,2940.625
ORD_0016548,2024-10-09 21:06:00,2024.0,10.0,RIAU,1.7,16500,9705.882352941177,9705.882352941177
ORD_0016555,2024-10-10 00:15:00,2024.0,10.0,BANTEN,6.6,8000,1212.1212121212122,1212.1212121212122
ORD_0016557,2024-10-10 00:47:00,2024.0,10.0,DKI JAKARTA,13.6,4000,294.11764705882354,294.11764705882354
ORD_0016563,2024-10-10 05:11:00,2024.0,10.0,JAWA TIMUR,0.1,6000,60000.0,60000.0
ORD_0016564,2024-10-10 05:39:00,2024.0,10.0,JAWA BARAT,15.75,40000,2539.68253968254,2539.68253968254
ORD_0016570,2024-10-10 07:26:00,2024.0,10.0,JAWA TIMUR,0.3,7000,23333.333333333336,23333.333333333336
ORD_0016572,2024-10-10 07:34:00,2024.0,10.0,JAWA BARAT,25.0,12000,480.0,480.0
ORD_0016576,2024-10-10 07:50:00,2024.0,10.0,BANTEN,8.8,4000,454.5454545454545,454.5454545454545
ORD_0016578,2024-10-10 08:01:00,2024.0,10.0,NANGGROE ACEH DARUSSALAM (NAD),1.2,8500,7083.333333333334,7083.333333333334
ORD_0016580,2024-10-10 09:14:00,2024.0,10.0,RIAU,0.5,1000,2000.0,2000.0
ORD_0016593,2024-10-10 11:21:00,2024.0,10.0,DKI JAKARTA,17.6,12000,681.8181818181818,681.8181818181818
ORD_0016607,2024-10-10 14:08:00,2024.0,10.0,DKI JAKARTA,2.4,8000,3333.3333333333335,3333.3333333333335
ORD_0016611,2024-10-10 15:06:00,2024.0,10.0,SULAWESI UTARA,1.7,41000,24117.64705882353,24117.64705882353
ORD_0016612,2024-10-10 15:07:00,2024.0,10.0,JAWA BARAT,4.0,4000,1000.0,1000.0
ORD_0016615,2024-10-10 15:34:00,2024.0,10.0,DKI JAKARTA,0.5,8000,16000.0,16000.0
ORD_0016617,2024-10-10 16:00:00,2024.0,10.0,JAWA TIMUR,6.6,26500,4015.151515151515,4015.151515151515
ORD_0016618,2024-10-10 16:19:00,2024.0,10.0,NUSA TENGGARA BARAT (NTB),1.2,1000,833.3333333333334,833.3333333333334
ORD_0016623,2024-10-10 17:46:00,2024.0,10.0,BANTEN,4.0,12000,3000.0,3000.0
ORD_0016624,2024-10-10 18:00:00,2024.0,10.0,KALIMANTAN TENGAH,1.7,26600,15647.058823529413,15647.058823529413
ORD_0016625,2024-10-10 18:03:00,2024.0,10.0,DKI JAKARTA,1.11,8000,7207.207207207207,7207.207207207207
ORD_0016637,2024-10-10 19:08:00,2024.0,10.0,DKI JAKARTA,45.33,18000,397.0880211780278,397.0880211780278
ORD_0016639,2024-10-10 19:31:00,2024.0,10.0,SUMATERA SELATAN,3.0,6000,2000.0,2000.0
ORD_0016660,2024-10-11 01:24:00,2024.0,10.0,JAWA TENGAH,0.2,1000,5000.0,5000.0
ORD_0016662,2024-10-11 06:31:00,2024.0,10.0,JAWA BARAT,0.2,10000,50000.0,50000.0
ORD_0016664,2024-10-11 07:10:00,2024.0,10.0,LAMPUNG,0.5,12000,24000.0,24000.0
ORD_0016668,2024-10-11 07:55:00,2024.0,10.0,KALIMANTAN SELATAN,1.0,6500,6500.0,6500.0
ORD_0016669,2024-10-11 08:16:00,2024.0,10.0,SUMATERA SELATAN,1.0,2000,2000.0,2000.0
ORD_0016677,2024-10-11 10:53:00,2024.0,10.0,KALIMANTAN SELATAN,1.2,1000,833.3333333333334,833.3333333333334
ORD_0016678,2024-10-11 11:31:00,2024.0,10.0,JAWA TENGAH,5.1,12000,2352.9411764705883,2352.9411764705883
ORD_0016688,2024-10-11 16:39:00,2024.0,10.0,GORONTALO,0.08,20400,255000.0,170093.75000000035
ORD_0016699,2024-10-11 19:27:00,2024.0,10.0,JAWA TENGAH,0.5,6000,12000.0,12000.0
ORD_0016701,2024-10-11 19:36:00,2024.0,10.0,SULAWESI SELATAN,15.82,36000,2275.6005056890012,2275.6005056890012
ORD_0016707,2024-10-11 22:26:00,2024.0,10.0,BANTEN,3.1,21000,6774.193548387097,6774.193548387097
ORD_0016708,2024-10-11 23:27:00,2024.0,10.0,JAWA BARAT,8.0,52000,6500.0,6500.0
ORD_0016710,2024-10-12 07:01:00,2024.0,10.0,SUMATERA BARAT,0.5,6000,12000.0,12000.0
ORD_0016713,2024-10-12 08:10:00,2024.0,10.0,JAWA TIMUR,3.4,48000,14117.64705882353,14117.64705882353
ORD_0016716,2024-10-12 10:45:00,2024.0,10.0,LAMPUNG,0.5,1000,2000.0,2000.0
ORD_0016717,2024-10-12 11:11:00,2024.0,10.0,BANTEN,7.0,34000,4857.142857142857,4857.142857142857
ORD_0016721,2024-10-12 11:39:00,2024.0,10.0,JAWA TIMUR,1.7,1000,588.2352941176471,588.2352941176471
ORD_0016723,2024-10-12 13:04:00,2024.0,10.0,SUMATERA BARAT,1.56,1000,641.025641025641,641.025641025641
ORD_0016727,2024-10-12 14:32:00,2024.0,10.0,BANTEN,0.2,8000,40000.0,40000.0
ORD_0016728,2024-10-12 15:49:00,2024.0,10.0,SUMATERA BARAT,0.5,6000,12000.0,12000.0
ORD_0016730,2024-10-12 16:32:00,2024.0,10.0,JAWA BARAT,7.56,1000,132.27513227513228,132.27513227513228
ORD_0016734,2024-10-12 17:04:00,2024.0,10.0,JAWA BARAT,2.2,8000,3636.363636363636,3636.363636363636
ORD_0016740,2024-10-12 22:34:00,2024.0,10.0,KALIMANTAN SELATAN,0.4,7000,17500.0,17500.0
ORD_0016741,2024-10-13 07:57:00,2024.0,10.0,MALUKU UTARA,0.8,18000,22500.0,22500.0
ORD_0016743,2024-10-13 10:46:00,2024.0,10.0,JAWA BARAT,1.7,1000,588.2352941176471,588.2352941176471
ORD_0016746,2024-10-13 12:26:00,2024.0,10.0,JAWA BARAT,0.2,1000,5000.0,5000.0
ORD_0016748,2024-10-13 14:24:00,2024.0,10.0,JAWA BARAT,8.5,4000,470.5882352941176,470.5882352941176
ORD_0016749,2024-10-13 14:33:00,2024.0,10.0,JAWA BARAT,8.5,4000,470.5882352941176,470.5882352941176
ORD_0016750,2024-10-13 15:49:00,2024.0,10.0,DKI JAKARTA,4.4,1000,227.27272727272725,227.27272727272725
ORD_0016753,2024-10-13 17:48:00,2024.0,10.0,DKI JAKARTA,0.5,8000,16000.0,16000.0
ORD_0016754,2024-10-13 18:06:00,2024.0,10.0,LAMPUNG,0.5,8200,16400.0,16400.0
ORD_0016755,2024-10-13 18:14:00,2024.0,10.0,BANTEN,2.2,16500,7499.999999999999,7499.999999999999
ORD_0016756,2024-10-13 20:02:00,2024.0,10.0,JAWA TIMUR,0.3,1000,3333.3333333333335,3333.3333333333335
ORD_0016757,2024-10-13 20:43:00,2024.0,10.0,LAMPUNG,2.0,2500,1250.0,1250.0
ORD_0016759,2024-10-13 21:53:00,2024.0,10.0,SUMATERA UTARA,2.0,3000,1500.0,1500.0
ORD_0016760,2024-10-13 22:04:00,2024.0,10.0,NANGGROE ACEH DARUSSALAM (NAD),0.75,6500,8666.666666666666,8666.666666666666
ORD_0016761,2024-10-13 22:25:00,2024.0,10.0,RIAU,0.78,1000,1282.051282051282,1282.051282051282
ORD_0016767,2024-10-14 07:08:00,2024.0,10.0,JAWA BARAT,1.62,500,308.641975308642,308.641975308642
ORD_0016768,2024-10-14 07:38:00,2024.0,10.0,JAWA BARAT,2.8,4000,1428.571428571429,1428.571428571429
ORD_0016777,2024-10-14 11:23:00,2024.0,10.0,JAWA BARAT,1.0,500,500.0,500.0
ORD_0016781,2024-10-14 12:04:00,2024.0,10.0,KALIMANTAN TIMUR,0.6,23500,39166.66666666667,39166.66666666667
ORD_0016788,2024-10-14 19:03:00,2024.0,10.0,DI YOGYAKARTA,0.3,1000,3333.3333333333335,3333.3333333333335
ORD_0016790,2024-10-14 21:07:00,2024.0,10.0,RIAU,1.68,18000,10714.285714285716,10714.285714285716
ORD_0016792,2024-10-14 21:51:00,2024.0,10.0,JAWA TIMUR,0.2,1000,5000.0,5000.0
ORD_0016793,2024-10-14 22:15:00,2024.0,10.0,DKI JAKARTA,53.4,21000,393.2584269662921,393.2584269662921
ORD_0016797,2024-10-15 08:29:00,2024.0,10.0,JAWA BARAT,4.0,26000,6500.0,6500.0
ORD_0016798,2024-10-15 09:19:00,2024.0,10.0,SULAWESI BARAT,1.0,31300,31300.0,31300.0
ORD_0016801,2024-10-15 11:43:00,2024.0,10.0,JAWA TENGAH,1.5,17000,11333.333333333334,11333.333333333334
ORD_0016802,2024-10-15 11:46:00,2024.0,10.0,SUMATERA BARAT,1.0,1000,1000.0,1000.0
ORD_0016803,2024-10-15 11:46:00,2024.0,10.0,JAWA BARAT,3.64,1000,274.72527472527474,274.72527472527474
ORD_0016805,2024-10-15 13:49:00,2024.0,10.0,BENGKULU,0.5,7000,14000.0,14000.0
ORD_0016807,2024-10-15 14:18:00,2024.0,10.0,JAWA BARAT,0.5,8000,16000.0,16000.0
ORD_0016810,2024-10-15 16:54:00,2024.0,10.0,BALI,0.4,3000,7500.0,7500.0
ORD_0016816,2024-10-15 18:49:00,2024.0,10.0,JAWA BARAT,2.8,10000,3571.4285714285716,3571.4285714285716
ORD_0016821,2024-10-15 20:04:00,2024.0,10.0,KALIMANTAN TIMUR,6.0,51201,8533.5,8533.5
ORD_0016824,2024-10-15 21:06:00,2024.0,10.0,JAWA TIMUR,13.6,12000,882.3529411764706,882.3529411764706
ORD_0016827,2024-10-15 21:58:00,2024.0,10.0,BANTEN,3.2,1000,312.5,312.5
ORD_0016834,2024-10-16 10:05:00,2024.0,10.0,JAWA BARAT,2.2,1000,454.5454545454545,454.5454545454545
ORD_0016836,2024-10-16 11:08:00,2024.0,10.0,JAWA BARAT,6.0,17000,2833.3333333333335,2833.3333333333335
ORD_0016840,2024-10-16 13:08:00,2024.0,10.0,JAWA TIMUR,1.6,12000,7500.0,7500.0
ORD_0016841,2024-10-16 13:10:00,2024.0,10.0,DKI JAKARTA,8.0,48000,6000.0,6000.0
ORD_0016843,2024-10-16 13:25:00,2024.0,10.0,LAMPUNG,0.4,2300,5750.0,5750.0
ORD_0016845,2024-10-16 14:06:00,2024.0,10.0,NUSA TENGGARA BARAT (NTB),0.8,14000,17500.0,17500.0
ORD_0016849,2024-10-16 18:17:00,2024.0,10.0,SUMATERA SELATAN,1.0,17000,17000.0,17000.0
ORD_0016850,2024-10-16 18:54:00,2024.0,10.0,JAWA BARAT,8.4,3000,357.1428571428571,357.1428571428571
ORD_0016852,2024-10-16 20:21:00,2024.0,10.0,DKI JAKARTA,3.2,3000,937.5,937.5
ORD_0016854,2024-10-16 20:42:00,2024.0,10.0,NUSA TENGGARA TIMUR (NTT),3.0,103500,34500.0,34500.0
ORD_0016857,2024-10-16 23:26:00,2024.0,10.0,KALIMANTAN BARAT,0.8,11500,14375.0,14375.0
ORD_0016861,2024-10-17 06:47:00,2024.0,10.0,BALI,0.16,13500,84375.0,84375.0
ORD_0016862,2024-10-17 08:43:00,2024.0,10.0,JAWA TIMUR,2.2,17000,7727.272727272727,7727.272727272727
ORD_0016863,2024-10-17 09:47:00,2024.0,10.0,BANTEN,1.0,5000,5000.0,5000.0
ORD_0016864,2024-10-17 10:11:00,2024.0,10.0,SUMATERA SELATAN,0.08,7000,87500.0,87500.0
ORD_0016866,2024-10-17 10:22:00,2024.0,10.0,JAWA BARAT,4.0,2000,500.0,500.0
ORD_0016867,2024-10-17 10:51:00,2024.0,10.0,LAMPUNG,1.7,12000,7058.823529411765,7058.823529411765
ORD_0016871,2024-10-17 12:16:00,2024.0,10.0,BANTEN,2.2,8000,3636.363636363636,3636.363636363636
ORD_0016872,2024-10-17 12:29:00,2024.0,10.0,DI YOGYAKARTA,5.0,20000,4000.0,4000.0
ORD_0016874,2024-10-17 12:44:00,2024.0,10.0,BANTEN,2.0,31500,15750.0,15750.0
ORD_0016875,2024-10-17 13:23:00,2024.0,10.0,BANTEN,10.0,17500,1750.0,1750.0
ORD_0016876,2024-10-17 13:32:00,2024.0,10.0,SUMATERA BARAT,0.2,21500,107500.0,107500.0
ORD_0016877,2024-10-17 13:37:00,2024.0,10.0,DKI JAKARTA,5.5,3000,545.4545454545455,545.4545454545455
ORD_0016880,2024-10-17 15:21:00,2024.0,10.0,KALIMANTAN TIMUR,1.0,19400,19400.0,19400.0
ORD_0016881,2024-10-17 16:15:00,2024.0,10.0,JAWA TIMUR,0.75,1000,1333.3333333333333,1333.3333333333333
ORD_0016882,2024-10-17 17:07:00,2024.0,10.0,JAWA BARAT,35.2,15000,426.1363636363636,426.1363636363636
ORD_0016884,2024-10-17 18:32:00,2024.0,10.0,RIAU,33.0,54000,1636.3636363636365,1636.3636363636365
ORD_0016886,2024-10-17 18:53:00,2024.0,10.0,JAWA BARAT,2.2,9000,4090.9090909090905,4090.9090909090905
ORD_0016893,2024-10-17 22:31:00,2024.0,10.0,JAWA TIMUR,0.2,500,2500.0,2500.0
ORD_0016894,2024-10-17 22:48:00,2024.0,10.0,JAWA BARAT,2.2,1000,454.5454545454545,454.5454545454545
ORD_0016897,2024-10-17 23:29:00,2024.0,10.0,RIAU,4.0,43000,10750.0,10750.0
ORD_0016903,2024-10-18 03:01:00,2024.0,10.0,JAWA BARAT,1.7,10000,5882.352941176471,5882.352941176471
ORD_0016906,2024-10-18 07:00:00,2024.0,10.0,SUMATERA SELATAN,9.0,30000,3333.3333333333335,3333.3333333333335
ORD_0016909,2024-10-18 08:04:00,2024.0,10.0,BANTEN,17.6,28500,1619.3181818181818,1619.3181818181818
ORD_0016910,2024-10-18 08:45:00,2024.0,10.0,DI YOGYAKARTA,2.3,12000,5217.391304347827,5217.391304347827
ORD_0016913,2024-10-18 11:20:00,2024.0,10.0,JAWA TENGAH,4.0,28000,7000.0,7000.0
ORD_0016915,2024-10-18 12:43:00,2024.0,10.0,NUSA TENGGARA BARAT (NTB),1.7,10500,6176.470588235295,6176.470588235295
ORD_0016918,2024-10-18 13:39:00,2024.0,10.0,JAWA BARAT,0.5,4000,8000.0,8000.0
ORD_0016934,2024-10-18 20:58:00,2024.0,10.0,JAWA BARAT,2.0,12000,6000.0,6000.0
ORD_0016940,2024-10-19 09:49:00,2024.0,10.0,JAWA BARAT,0.03,1500,50000.0,50000.0
ORD_0016944,2024-10-19 11:15:00,2024.0,10.0,JAWA TENGAH,0.6,1000,1666.6666666666667,1666.6666666666667
ORD_0016945,2024-10-19 11:52:00,2024.0,10.0,JAWA TENGAH,0.6,1000,1666.6666666666667,1666.6666666666667
ORD_0016947,2024-10-19 12:26:00,2024.0,10.0,JAWA TENGAH,0.2,6000,30000.0,30000.0
ORD_0016949,2024-10-19 13:04:00,2024.0,10.0,KALIMANTAN TIMUR,0.5,19500,39000.0,39000.0
ORD_0016950,2024-10-19 13:15:00,2024.0,10.0,BANTEN,3.4,4000,1176.470588235294,1176.470588235294
ORD_0016952,2024-10-19 16:47:00,2024.0,10.0,JAWA TIMUR,0.6,1000,1666.6666666666667,1666.6666666666667
ORD_0016953,2024-10-19 19:17:00,2024.0,10.0,NANGGROE ACEH DARUSSALAM (NAD),1.2,11500,9583.333333333334,9583.333333333334
ORD_0016954,2024-10-19 19:49:00,2024.0,10.0,SUMATERA BARAT,8.8,40801,4636.477272727272,4636.477272727272
ORD_0016955,2024-10-19 20:13:00,2024.0,10.0,JAWA TENGAH,2.25,9000,4000.0,4000.0
ORD_0016956,2024-10-19 20:19:00,2024.0,10.0,JAMBI,0.4,10200,25500.0,25500.0
ORD_0016959,2024-10-19 21:25:00,2024.0,10.0,DKI JAKARTA,34.0,36000,1058.8235294117646,1058.8235294117646
ORD_0016960,2024-10-19 00:15:00,2024.0,10.0,JAWA TENGAH,1.0,1000,1000.0,1000.0
ORD_0016961,2024-10-19 01:21:00,2024.0,10.0,DKI JAKARTA,0.5,8000,16000.0,16000.0
ORD_0016964,2024-10-19 07:06:00,2024.0,10.0,SULAWESI SELATAN,1.2,11500,9583.333333333334,9583.333333333334
ORD_0016967,2024-10-19 08:05:00,2024.0,10.0,JAWA BARAT,0.03,3500,116666.66666666669,116666.66666666669
ORD_0016971,2024-10-20 00:29:00,2024.0,10.0,JAWA TENGAH,0.2,1000,5000.0,5000.0
ORD_0016972,2024-10-20 05:22:00,2024.0,10.0,JAWA TENGAH,4.0,48000,12000.0,12000.0
ORD_0016973,2024-10-20 06:21:00,2024.0,10.0,JAWA TIMUR,0.2,1000,5000.0,5000.0
ORD_0016974,2024-10-20 06:41:00,2024.0,10.0,BANGKA BELITUNG,0.8,18000,22500.0,22500.0
ORD_0016975,2024-10-20 08:11:00,2024.0,10.0,BANTEN,10.2,5000,490.1960784313726,490.1960784313726
ORD_0016977,2024-10-20 09:07:00,2024.0,10.0,JAWA BARAT,1.7,1000,588.2352941176471,588.2352941176471
ORD_0016978,2024-10-20 09:58:00,2024.0,10.0,BANTEN,8.0,24000,3000.0,3000.0
ORD_0016979,2024-10-20 10:25:00,2024.0,10.0,NUSA TENGGARA TIMUR (NTT),0.25,14500,58000.0,58000.0
ORD_0016980,2024-10-20 10:42:00,2024.0,10.0,JAWA TIMUR,1.0,1000,1000.0,1000.0
ORD_0016983,2024-10-20 10:58:00,2024.0,10.0,BANTEN,0.5,45000,90000.0,90000.0
ORD_0016989,2024-10-20 13:43:00,2024.0,10.0,SUMATERA BARAT,1.2,1000,833.3333333333334,833.3333333333334
ORD_0016993,2024-10-20 14:52:00,2024.0,10.0,KALIMANTAN TENGAH,1.0,7200,7200.0,7200.0
ORD_0016997,2024-10-20 17:31:00,2024.0,10.0,RIAU,1.8,11500,6388.888888888889,6388.888888888889
ORD_0017000,2024-10-20 18:18:00,2024.0,10.0,JAWA TIMUR,0.1,14500,145000.0,145000.0
ORD_0017002,2024-10-20 18:53:00,2024.0,10.0,BANTEN,4.0,5000,1250.0,1250.0
ORD_0017004,2024-10-20 19:24:00,2024.0,10.0,JAWA BARAT,0.3,8000,26666.666666666668,26666.666666666668
ORD_0017005,2024-10-20 19:32:00,2024.0,10.0,SUMATERA SELATAN,0.4,7000,17500.0,17500.0
ORD_0017007,2024-10-20 20:20:00,2024.0,10.0,DKI JAKARTA,14.0,33000,2357.1428571428573,2357.1428571428573
ORD_0017010,2024-10-20 21:19:00,2024.0,10.0,JAWA TENGAH,0.5,1000,2000.0,2000.0
ORD_0017015,2024-10-20 22:25:00,2024.0,10.0,JAWA BARAT,0.08,1500,18750.0,18750.0
ORD_0017016,2024-10-21 00:10:00,2024.0,10.0,JAWA BARAT,3.0,15000,5000.0,5000.0
ORD_0017021,2024-10-21 07:29:00,2024.0,10.0,KALIMANTAN BARAT,16.8,52300,3113.095238095238,3113.095238095238
ORD_0017024,2024-10-21 07:57:00,2024.0,10.0,JAWA BARAT,1.7,6000,3529.4117647058824,3529.4117647058824
ORD_0017025,2024-10-21 08:32:00,2024.0,10.0,JAWA BARAT,2.2,1000,454.5454545454545,454.5454545454545
ORD_0017026,2024-10-21 08:43:00,2024.0,10.0,JAWA TIMUR,0.5,1000,2000.0,2000.0
ORD_0017030,2024-10-21 09:48:00,2024.0,10.0,DKI JAKARTA,8.8,4000,454.5454545454545,454.5454545454545
ORD_0017032,2024-10-21 10:00:00,2024.0,10.0,JAWA TENGAH,4.0,24000,6000.0,6000.0
ORD_0017037,2024-10-21 10:51:00,2024.0,10.0,SUMATERA BARAT,2.2,17000,7727.272727272727,7727.272727272727
ORD_0017038,2024-10-21 11:17:00,2024.0,10.0,NANGGROE ACEH DARUSSALAM (NAD),1.2,12200,10166.666666666668,10166.666666666668
ORD_0017043,2024-10-21 13:10:00,2024.0,10.0,DKI JAKARTA,0.5,8000,16000.0,16000.0
ORD_0017044,2024-10-21 13:22:00,2024.0,10.0,LAMPUNG,0.5,17000,34000.0,34000.0
ORD_0017049,2024-10-21 14:05:00,2024.0,10.0,BANTEN,8.8,4000,454.5454545454545,454.5454545454545
ORD_0017050,2024-10-21 14:26:00,2024.0,10.0,LAMPUNG,0.75,8500,11333.333333333334,11333.333333333334
ORD_0017051,2024-10-21 14:29:00,2024.0,10.0,KALIMANTAN TENGAH,0.4,15000,37500.0,37500.0
ORD_0017054,2024-10-21 17:34:00,2024.0,10.0,BANTEN,13.86,1000,72.15007215007215,72.15007215007215
ORD_0017057,2024-10-21 18:35:00,2024.0,10.0,BANTEN,4.8,1000,208.33333333333337,208.33333333333337
ORD_0017058,2024-10-21 18:55:00,2024.0,10.0,BANGKA BELITUNG,1.2,16000,13333.333333333334,13333.333333333334
ORD_0017060,2024-10-21 19:41:00,2024.0,10.0,JAWA BARAT,0.4,1000,2500.0,2500.0
ORD_0017061,2024-10-21 19:47:00,2024.0,10.0,DKI JAKARTA,1.7,1000,588.2352941176471,588.2352941176471
ORD_0017063,2024-10-21 20:31:00,2024.0,10.0,NUSA TENGGARA BARAT (NTB),0.2,19500,97500.0,97500.0
ORD_0017064,2024-10-21 20:57:00,2024.0,10.0,JAWA BARAT,28.8,26400,916.6666666666666,916.6666666666666
ORD_0017066,2024-10-21 21:28:00,2024.0,10.0,JAWA BARAT,0.08,2000,25000.0,25000.0
ORD_0017076,2024-10-22 07:04:00,2024.0,10.0,JAWA TIMUR,1.0,1000,1000.0,1000.0
ORD_0017080,2024-10-22 08:38:00,2024.0,10.0,JAWA BARAT,0.3,9100,30333.333333333336,30333.333333333336
ORD_0017082,2024-10-22 09:33:00,2024.0,10.0,JAWA TENGAH,2.0,2000,1000.0,1000.0
ORD_0017083,2024-10-22 09:50:00,2024.0,10.0,DKI JAKARTA,24.0,62000,2583.3333333333335,2583.3333333333335
ORD_0017084,2024-10-22 10:30:00,2024.0,10.0,JAWA BARAT,2.2,9000,4090.9090909090905,4090.9090909090905
ORD_0017085,2024-10-22 11:31:00,2024.0,10.0,JAWA TENGAH,12.0,5000,416.6666666666667,416.6666666666667
ORD_0017087,2024-10-22 13:34:00,2024.0,10.0,BANTEN,0.2,8000,40000.0,40000.0
ORD_0017091,2024-10-22 20:00:00,2024.0,10.0,JAWA BARAT,4.0,36000,9000.0,9000.0
ORD_0017093,2024-10-22 21:58:00,2024.0,10.0,BANTEN,16.8,4000,238.09523809523807,238.09523809523807
ORD_0017095,2024-10-22 23:25:00,2024.0,10.0,NANGGROE ACEH DARUSSALAM (NAD),0.8,27500,34375.0,34375.0
ORD_0017096,2024-10-23 04:09:00,2024.0,10.0,JAWA TIMUR,0.16,1000,6250.0,6250.0
ORD_0017097,2024-10-23 04:18:00,2024.0,10.0,JAWA TENGAH,1.7,1000,588.2352941176471,588.2352941176471
ORD_0017098,2024-10-23 04:46:00,2024.0,10.0,BANGKA BELITUNG,1.0,7000,7000.0,7000.0
ORD_0017100,2024-10-23 06:08:00,2024.0,10.0,SULAWESI BARAT,1.2,24500,20416.666666666668,20416.666666666668
ORD_0017101,2024-10-23 06:39:00,2024.0,10.0,JAWA BARAT,3.0,14500,4833.333333333333,4833.333333333333
ORD_0017102,2024-10-23 07:15:00,2024.0,10.0,JAWA BARAT,1.0,500,500.0,500.0
ORD_0017103,2024-10-23 07:19:00,2024.0,10.0,JAWA TENGAH,1.7,1000,588.2352941176471,588.2352941176471
ORD_0017105,2024-10-23 09:45:00,2024.0,10.0,DKI JAKARTA,54.45,16500,303.030303030303,303.030303030303
ORD_0017107,2024-10-23 10:20:00,2024.0,10.0,LAMPUNG,2.5,7500,3000.0,3000.0
ORD_0017108,2024-10-23 10:22:00,2024.0,10.0,LAMPUNG,1.0,7500,7500.0,7500.0
ORD_0017110,2024-10-23 10:38:00,2024.0,10.0,SULAWESI TENGGARA,8.0,240000,30000.0,30000.0
ORD_0017116,2024-10-23 14:16:00,2024.0,10.0,BANTEN,0.24,8000,33333.333333333336,33333.333333333336
ORD_0017121,2024-10-23 17:59:00,2024.0,10.0,JAWA TENGAH,1.0,1000,1000.0,1000.0
ORD_0017123,2024-10-23 19:37:00,2024.0,10.0,DKI JAKARTA,1.4,16000,11428.57142857143,11428.57142857143
ORD_0017124,2024-10-23 19:43:00,2024.0,10.0,BANTEN,0.16,25000,156250.0,156250.0
ORD_0017126,2024-10-23 20:01:00,2024.0,10.0,BANTEN,3.0,11000,3666.6666666666665,3666.6666666666665
ORD_0017127,2024-10-23 20:21:00,2024.0,10.0,BANTEN,0.06,8000,133333.33333333334,133333.33333333334
ORD_0017128,2024-10-23 20:29:00,2024.0,10.0,SUMATERA UTARA,0.35,16000,45714.28571428572,45714.28571428572
ORD_0017133,2024-10-23 23:49:00,2024.0,10.0,DI YOGYAKARTA,0.2,500,2500.0,2500.0
ORD_0017137,2024-10-24 07:37:00,2024.0,10.0,KALIMANTAN BARAT,2.0,6500,3250.0,3250.0
ORD_0017138,2024-10-24 08:01:00,2024.0,10.0,SUMATERA UTARA,0.2,14400,72000.0,72000.0
ORD_0017144,2024-10-24 11:56:00,2024.0,10.0,JAWA TIMUR,0.6,4000,6666.666666666667,6666.666666666667
ORD_0017147,2024-10-24 13:40:00,2024.0,10.0,JAWA BARAT,10.0,5000,500.0,500.0
ORD_0017148,2024-10-24 16:43:00,2024.0,10.0,JAWA BARAT,0.3,1000,3333.3333333333335,3333.3333333333335
ORD_0017150,2024-10-24 17:17:00,2024.0,10.0,JAWA BARAT,0.08,2000,25000.0,25000.0
ORD_0017155,2024-10-24 20:32:00,2024.0,10.0,BANTEN,12.0,21000,1750.0,1750.0
ORD_0017185,2024-10-25 15:55:00,2024.0,10.0,KALIMANTAN TIMUR,4.0,124000,31000.0,31000.0
ORD_0017197,2024-10-25 22:26:00,2024.0,10.0,RIAU,0.5,17500,35000.0,35000.0
ORD_0017199,2024-10-25 23:06:00,2024.0,10.0,JAWA TENGAH,0.08,4500,56250.0,56250.0
ORD_0017203,2024-10-26 07:54:00,2024.0,10.0,SUMATERA SELATAN,24.2,99301,4103.347107438017,4103.347107438017
ORD_0017207,2024-10-26 09:46:00,2024.0,10.0,JAWA BARAT,10.53,4000,379.8670465337132,379.8670465337132
ORD_0017209,2024-10-26 11:42:00,2024.0,10.0,SUMATERA UTARA,1.0,4300,4300.0,4300.0
ORD_0017210,2024-10-26 11:59:00,2024.0,10.0,BANTEN,0.32,16500,51562.5,51562.5
ORD_0017218,2024-10-26 15:32:00,2024.0,10.0,KALIMANTAN BARAT,1.0,29500,29500.0,29500.0
ORD_0017228,2024-10-26 19:56:00,2024.0,10.0,JAMBI,1.0,16200,16200.0,16200.0
ORD_0017229,2024-10-26 21:44:00,2024.0,10.0,JAWA TIMUR,1.0,1000,1000.0,1000.0
ORD_0017234,2024-10-27 04:44:00,2024.0,10.0,JAWA BARAT,0.08,6000,75000.0,75000.0
ORD_0017236,2024-10-27 08:52:00,2024.0,10.0,JAWA TIMUR,7.5,19900,2653.3333333333335,2653.3333333333335
ORD_0017237,2024-10-27 10:23:00,2024.0,10.0,BANTEN,1.0,10000,10000.0,10000.0
ORD_0017238,2024-10-27 11:04:00,2024.0,10.0,NUSA TENGGARA BARAT (NTB),0.6,10500,17500.0,17500.0
ORD_0017240,2024-10-27 12:24:00,2024.0,10.0,JAWA TIMUR,0.6,1000,1666.6666666666667,1666.6666666666667
ORD_0017243,2024-10-27 13:45:00,2024.0,10.0,SULAWESI BARAT,6.8,54400,8000.0,8000.0
ORD_0017247,2024-10-27 15:43:00,2024.0,10.0,KALIMANTAN BARAT,1.2,14000,11666.666666666668,11666.666666666668
ORD_0017249,2024-10-27 17:34:00,2024.0,10.0,JAWA BARAT,5.0,20000,4000.0,4000.0
ORD_0017250,2024-10-27 17:46:00,2024.0,10.0,JAWA BARAT,0.5,2000,4000.0,4000.0
ORD_0017252,2024-10-27 20:15:00,2024.0,10.0,SULAWESI SELATAN,0.4,1500,3750.0,3750.0
ORD_0017255,2024-10-27 23:47:00,2024.0,10.0,JAWA TENGAH,4.0,5000,1250.0,1250.0
ORD_0017260,2024-10-28 03:38:00,2024.0,10.0,JAWA TIMUR,0.3,3000,10000.0,10000.0
ORD_0017262,2024-10-28 04:46:00,2024.0,10.0,JAWA BARAT,2.8,4000,1428.571428571429,1428.571428571429
ORD_0017265,2024-10-28 06:48:00,2024.0,10.0,BALI,1.25,3000,2400.0,2400.0
ORD_0017276,2024-10-28 13:07:00,2024.0,10.0,SULAWESI SELATAN,1.7,6500,3823.529411764706,3823.529411764706
ORD_0017280,2024-10-28 14:07:00,2024.0,10.0,SUMATERA UTARA,3.4,63200,18588.235294117647,18588.235294117647
ORD_0017283,2024-10-28 19:33:00,2024.0,10.0,BALI,8.0,44100,5512.5,5512.5
ORD_0017290,2024-10-29 03:21:00,2024.0,10.0,JAWA TIMUR,0.6,1000,1666.6666666666667,1666.6666666666667
ORD_0017297,2024-10-29 08:56:00,2024.0,10.0,BANTEN,2.8,4000,1428.571428571429,1428.571428571429
ORD_0017299,2024-10-29 09:44:00,2024.0,10.0,BALI,52.8,43001,814.4128787878789,814.4128787878789
ORD_0017303,2024-10-29 11:28:00,2024.0,10.0,JAWA BARAT,4.8,4000,833.3333333333334,833.3333333333334
ORD_0017307,2024-10-29 13:30:00,2024.0,10.0,NANGGROE ACEH DARUSSALAM (NAD),1.0,4000,4000.0,4000.0
ORD_0017308,2024-10-29 14:19:00,2024.0,10.0,BENGKULU,0.05,14500,290000.0,170093.75000000035
ORD_0017309,2024-10-29 14:39:00,2024.0,10.0,LAMPUNG,20.0,57001,2850.05,2850.05
ORD_0017312,2024-10-29 15:17:00,2024.0,10.0,DI YOGYAKARTA,0.5,2000,4000.0,4000.0
ORD_0017317,2024-10-29 19:46:00,2024.0,10.0,JAWA BARAT,0.2,14500,72500.0,72500.0
ORD_0017319,2024-10-29 20:30:00,2024.0,10.0,SUMATERA SELATAN,2.0,30200,15100.0,15100.0
ORD_0017320,2024-10-29 21:42:00,2024.0,10.0,JAWA BARAT,0.2,8000,40000.0,40000.0
ORD_0017322,2024-10-29 22:54:00,2024.0,10.0,JAWA TENGAH,1.7,17000,10000.0,10000.0
ORD_0017325,2024-10-30 22:51:00,2024.0,10.0,SUMATERA SELATAN,0.2,7000,35000.0,35000.0
ORD_0017331,2024-10-30 08:43:00,2024.0,10.0,BANTEN,4.2,3000,714.2857142857142,714.2857142857142
ORD_0017333,2024-10-30 10:36:00,2024.0,10.0,BANTEN,1.4,7000,5000.0,5000.0
ORD_0017336,2024-10-30 11:07:00,2024.0,10.0,DKI JAKARTA,5.1,29149,5715.490196078432,5715.490196078432
ORD_0017340,2024-10-30 14:25:00,2024.0,10.0,KALIMANTAN SELATAN,0.4,2000,5000.0,5000.0
ORD_0017342,2024-10-30 15:15:00,2024.0,10.0,KALIMANTAN TIMUR,0.5,15500,31000.0,31000.0
ORD_0017343,2024-10-30 16:09:00,2024.0,10.0,JAWA BARAT,1.7,6000,3529.4117647058824,3529.4117647058824
ORD_0017345,2024-10-30 17:39:00,2024.0,10.0,JAWA BARAT,0.03,9000,300000.0,170093.75000000035
ORD_0017348,2024-10-30 19:13:00,2024.0,10.0,JAWA TIMUR,0.4,1000,2500.0,2500.0
ORD_0017352,2024-10-30 20:18:00,2024.0,10.0,JAWA BARAT,1.0,8000,8000.0,8000.0
ORD_0017358,2024-10-30 23:08:00,2024.0,10.0,BANTEN,20.7,25000,1207.729468599034,1207.729468599034
ORD_0017363,2024-10-31 09:17:00,2024.0,10.0,KALIMANTAN SELATAN,0.4,15000,37500.0,37500.0
ORD_0017368,2024-10-31 10:54:00,2024.0,10.0,JAWA TENGAH,0.8,1000,1250.0,1250.0
ORD_0017379,2024-10-31 18:06:00,2024.0,10.0,RIAU,95.34,79001,828.6238724564715,828.6238724564715
ORD_0017382,2024-10-31 20:16:00,2024.0,10.0,BANTEN,8.0,9900,1237.5,1237.5
ORD_0017402,2025-10-01 18:08:00,2025.0,10.0,JAWA TENGAH,1.4,8000,5714.285714285715,5714.285714285715
ORD_0017426,2025-10-01 09:46:00,2025.0,10.0,JAWA BARAT,10.0,3500,350.0,350.0
ORD_0017441,2025-10-02 09:17:00,2025.0,10.0,NUSA TENGGARA BARAT (NTB),32.6,60700,1861.963190184049,1861.963190184049
ORD_0017487,2025-10-03 09:13:00,2025.0,10.0,BANTEN,0.4,21400,53500.0,53500.0
ORD_0017504,2025-10-03 16:46:00,2025.0,10.0,SUMATERA UTARA,2.0,1000,500.0,500.0
ORD_0017523,2025-10-03 23:19:00,2025.0,10.0,DKI JAKARTA,182.8,8500,46.49890590809627,46.49890590809627
ORD_0017527,2025-10-04 04:45:00,2025.0,10.0,SULAWESI TENGGARA,0.08,21500,268750.0,170093.75000000035
ORD_0017528,2025-10-04 06:43:00,2025.0,10.0,JAWA TIMUR,3.0,5000,1666.6666666666667,1666.6666666666667
ORD_0017544,2025-10-04 14:14:00,2025.0,10.0,BANTEN,3.3,3500,1060.6060606060607,1060.6060606060607
ORD_0017551,2025-10-04 15:47:00,2025.0,10.0,BANTEN,4.0,11200,2800.0,2800.0
ORD_0017570,2025-10-05 07:07:00,2025.0,10.0,NUSA TENGGARA BARAT (NTB),0.5,9500,19000.0,19000.0
ORD_0017576,2025-10-05 11:05:00,2025.0,10.0,JAWA BARAT,0.5,3500,7000.0,7000.0
ORD_0017597,2025-10-05 18:36:00,2025.0,10.0,BANTEN,7.0,8500,1214.2857142857142,1214.2857142857142
ORD_0017603,2025-10-05 19:53:00,2025.0,10.0,KALIMANTAN SELATAN,0.4,13000,32500.0,32500.0
ORD_0017611,2025-10-06 08:17:00,2025.0,10.0,GORONTALO,0.4,6200,15500.0,15500.0
ORD_0017627,2025-10-06 14:43:00,2025.0,10.0,KALIMANTAN TENGAH,18.84,7001,371.6029723991507,371.6029723991507
ORD_0017633,2025-10-06 15:38:00,2025.0,10.0,BANTEN,4.0,3500,875.0,875.0
ORD_0017650,2025-10-06 21:52:00,2025.0,10.0,KALIMANTAN TENGAH,5.4,11400,2111.111111111111,2111.111111111111
ORD_0017670,2025-10-07 12:40:00,2025.0,10.0,KALIMANTAN TENGAH,2.4,4000,1666.6666666666667,1666.6666666666667
ORD_0017678,2025-10-07 16:44:00,2025.0,10.0,KALIMANTAN SELATAN,5.0,201,40.2,40.2
ORD_0017690,2025-10-07 23:22:00,2025.0,10.0,SULAWESI UTARA,0.2,22500,112500.0,112500.0
ORD_0017696,2025-10-08 08:59:00,2025.0,10.0,SUMATERA UTARA,0.2,2000,10000.0,10000.0
ORD_0017697,2025-10-08 09:54:00,2025.0,10.0,BANTEN,18.0,15000,833.3333333333334,833.3333333333334
ORD_0017711,2025-10-08 14:55:00,2025.0,10.0,SULAWESI SELATAN,60.3,118501,1965.190713101161,1965.190713101161
ORD_0017716,2025-10-08 17:48:00,2025.0,10.0,KALIMANTAN TIMUR,0.4,11300,28250.0,28250.0
ORD_0017719,2025-10-08 19:54:00,2025.0,10.0,DKI JAKARTA,20.0,3500,175.0,175.0
ORD_0017732,2025-10-09 01:35:00,2025.0,10.0,SUMATERA UTARA,0.2,2000,10000.0,10000.0
ORD_0017736,2025-10-09 07:15:00,2025.0,10.0,LAMPUNG,0.08,1000,12500.0,12500.0
ORD_0017737,2025-10-09 07:33:00,2025.0,10.0,BANTEN,1.0,7500,7500.0,7500.0
ORD_0017738,2025-10-09 08:21:00,2025.0,10.0,NUSA TENGGARA TIMUR (NTT),1.0,45500,45500.0,45500.0
ORD_0017740,2025-10-09 09:34:00,2025.0,10.0,SUMATERA SELATAN,2.0,1000,500.0,500.0
ORD_0017741,2025-10-09 09:47:00,2025.0,10.0,DKI JAKARTA,2.0,4985,2492.5,2492.5
ORD_0017742,2025-10-09 09:50:00,2025.0,10.0,NUSA TENGGARA BARAT (NTB),0.2,1100,5500.0,5500.0
ORD_0017743,2025-10-09 09:58:00,2025.0,10.0,BANTEN,0.5,25000,50000.0,50000.0
ORD_0017751,2025-10-09 11:50:00,2025.0,10.0,RIAU,2.0,3000,1500.0,1500.0
ORD_0017764,2025-10-09 20:36:00,2025.0,10.0,JAWA TENGAH,5.0,5000,1000.0,1000.0
ORD_0017780,2025-10-10 08:44:00,2025.0,10.0,NUSA TENGGARA BARAT (NTB),0.7,2000,2857.1428571428573,2857.1428571428573
ORD_0017794,2025-10-10 13:27:00,2025.0,10.0,MALUKU,0.6,1500,2500.0,2500.0
ORD_0017799,2025-10-10 14:15:00,2025.0,10.0,BANTEN,3.0,21000,7000.0,7000.0
ORD_0017800,2025-10-10 15:04:00,2025.0,10.0,GORONTALO,0.6,1200,2000.0,2000.0
ORD_0017832,2025-10-11 16:46:00,2025.0,10.0,JAWA TENGAH,0.2,5000,25000.0,25000.0
ORD_0017837,2025-10-11 18:28:00,2025.0,10.0,LAMPUNG,0.18,11000,61111.11111111112,61111.11111111112
ORD_0017845,2025-10-11 21:52:00,2025.0,10.0,KALIMANTAN TIMUR,10.0,1891,189.1,189.1
ORD_0017882,2025-10-12 20:41:00,2025.0,10.0,JAMBI,0.1,15000,150000.0,150000.0
ORD_0017887,2025-10-13 06:45:00,2025.0,10.0,GORONTALO,0.5,31200,62400.0,62400.0
ORD_0017889,2025-10-13 08:11:00,2025.0,10.0,BANTEN,24.0,8000,333.3333333333333,333.3333333333333
ORD_0017894,2025-10-13 09:55:00,2025.0,10.0,KALIMANTAN TIMUR,0.5,14500,29000.0,29000.0
ORD_0017913,2025-10-13 17:25:00,2025.0,10.0,JAWA TENGAH,10.8,5000,462.96296296296293,462.96296296296293
ORD_0017938,2025-10-14 15:42:00,2025.0,10.0,BANTEN,3.6,3500,972.2222222222222,972.2222222222222
ORD_0017940,2025-10-14 16:35:00,2025.0,10.0,LAMPUNG,0.2,11000,55000.0,55000.0
ORD_0017941,2025-10-14 16:48:00,2025.0,10.0,JAWA TENGAH,10.8,30000,2777.7777777777774,2777.7777777777774
ORD_0017946,2025-10-14 19:41:00,2025.0,10.0,KALIMANTAN SELATAN,0.5,1500,3000.0,3000.0
ORD_0017947,2025-10-14 19:46:00,2025.0,10.0,BANGKA BELITUNG,0.08,8000,100000.0,100000.0
ORD_0017950,2025-10-14 20:53:00,2025.0,10.0,KALIMANTAN SELATAN,0.4,13400,33500.0,33500.0
ORD_0017961,2025-10-15 13:13:00,2025.0,10.0,SUMATERA UTARA,0.2,2000,10000.0,10000.0
ORD_0017968,2025-10-15 18:23:00,2025.0,10.0,KEPULAUAN RIAU,0.2,19000,95000.0,95000.0
ORD_0017970,2025-10-15 20:35:00,2025.0,10.0,KALIMANTAN BARAT,0.6,13500,22500.0,22500.0
ORD_0017979,2025-10-16 08:11:00,2025.0,10.0,JAWA BARAT,5.6,3500,625.0,625.0
ORD_0017982,2025-10-16 10:08:00,2025.0,10.0,BANTEN,0.5,2000,4000.0,4000.0
ORD_0017987,2025-10-16 12:05:00,2025.0,10.0,SULAWESI TENGGARA,0.4,17500,43750.0,43750.0
ORD_0017993,2025-10-16 16:17:00,2025.0,10.0,KALIMANTAN BARAT,0.4,8500,21250.0,21250.0
ORD_0017996,2025-10-16 17:44:00,2025.0,10.0,DKI JAKARTA,0.1,6500,65000.0,65000.0
ORD_0018004,2025-10-16 22:45:00,2025.0,10.0,SUMATERA UTARA,0.5,2000,4000.0,4000.0
ORD_0018008,2025-10-17 01:37:00,2025.0,10.0,BANTEN,0.3,3500,11666.666666666668,11666.666666666668
ORD_0018021,2025-10-17 18:00:00,2025.0,10.0,DI YOGYAKARTA,4.82,5000,1037.344398340249,1037.344398340249
ORD_0018022,2025-10-17 18:01:00,2025.0,10.0,LAMPUNG,0.3,1000,3333.3333333333335,3333.3333333333335
ORD_0018026,2025-10-17 20:59:00,2025.0,10.0,KALIMANTAN TIMUR,16.0,141540,8846.25,8846.25
ORD_0018036,2025-10-18 11:00:00,2025.0,10.0,DKI JAKARTA,0.4,4000,10000.0,10000.0
ORD_0018040,2025-10-18 12:15:00,2025.0,10.0,SUMATERA UTARA,0.5,2000,4000.0,4000.0
ORD_0018043,2025-10-18 13:43:00,2025.0,10.0,LAMPUNG,0.2,11000,55000.0,55000.0
ORD_0018056,2025-10-18 19:10:00,2025.0,10.0,SULAWESI SELATAN,0.3,17500,58333.333333333336,58333.333333333336
ORD_0018069,2025-10-19 03:16:00,2025.0,10.0,JAWA TIMUR,4.8,5000,1041.6666666666667,1041.6666666666667
ORD_0018074,2025-10-19 09:46:00,2025.0,10.0,SUMATERA SELATAN,0.5,11100,22200.0,22200.0
ORD_0018082,2025-10-19 13:09:00,2025.0,10.0,NUSA TENGGARA BARAT (NTB),0.6,4500,7500.0,7500.0
ORD_0018083,2025-10-19 13:09:00,2025.0,10.0,JAWA BARAT,7.5,3500,466.6666666666667,466.6666666666667
ORD_0018089,2025-10-19 14:26:00,2025.0,10.0,JAWA BARAT,3.1,3500,1129.032258064516,1129.032258064516
ORD_0018104,2025-10-19 21:58:00,2025.0,10.0,KALIMANTAN BARAT,0.5,7500,15000.0,15000.0
ORD_0018117,2025-10-20 12:18:00,2025.0,10.0,KALIMANTAN TIMUR,0.2,25000,125000.0,125000.0
ORD_0018118,2025-10-20 12:58:00,2025.0,10.0,JAWA BARAT,2.4,3500,1458.3333333333337,1458.3333333333337
ORD_0018137,2025-10-20 20:38:00,2025.0,10.0,JAWA TIMUR,6.0,15000,2500.0,2500.0
ORD_0018142,2025-10-20 21:55:00,2025.0,10.0,BANTEN,7.0,16000,2285.714285714286,2285.714285714286
ORD_0018146,2025-10-21 00:26:00,2025.0,10.0,DKI JAKARTA,1.2,3500,2916.666666666667,2916.666666666667
ORD_0018156,2025-10-21 09:55:00,2025.0,10.0,KALIMANTAN SELATAN,0.25,10000,40000.0,40000.0
ORD_0018164,2025-10-21 11:24:00,2025.0,10.0,DKI JAKARTA,0.08,13980,174750.0,170093.75000000035
ORD_0018170,2025-10-21 14:32:00,2025.0,10.0,NUSA TENGGARA BARAT (NTB),0.09,19500,216666.6666666667,170093.75000000035
ORD_0018181,2025-10-21 16:51:00,2025.0,10.0,BANTEN,0.5,14000,28000.0,28000.0
ORD_0018183,2025-10-21 17:02:00,2025.0,10.0,JAWA BARAT,7.2,13500,1875.0,1875.0
ORD_0018216,2025-10-22 13:45:00,2025.0,10.0,SUMATERA UTARA,0.2,17000,85000.0,85000.0
ORD_0018219,2025-10-22 14:38:00,2025.0,10.0,BALI,20.0,20000,1000.0,1000.0
ORD_0018228,2025-10-22 18:07:00,2025.0,10.0,SUMATERA UTARA,0.2,2000,10000.0,10000.0
ORD_0018230,2025-10-22 18:12:00,2025.0,10.0,SUMATERA UTARA,0.2,2000,10000.0,10000.0
ORD_0018236,2025-10-22 19:30:00,2025.0,10.0,KALIMANTAN TIMUR,0.5,13000,26000.0,26000.0
ORD_0018240,2025-10-22 20:29:00,2025.0,10.0,JAWA TIMUR,0.1,5000,50000.0,50000.0
ORD_0018252,2025-10-23 08:11:00,2025.0,10.0,BANTEN,1.0,3500,3500.0,3500.0
ORD_0018289,2025-10-23 21:03:00,2025.0,10.0,JAWA BARAT,2.4,3500,1458.3333333333337,1458.3333333333337
ORD_0018292,2025-10-23 21:48:00,2025.0,10.0,BANTEN,2.4,3500,1458.3333333333337,1458.3333333333337
ORD_0018303,2025-10-24 20:27:00,2025.0,10.0,SUMATERA UTARA,0.5,2000,4000.0,4000.0
ORD_0018308,2025-10-23 23:06:00,2025.0,10.0,JAWA TENGAH,2.2,400,181.8181818181818,181.8181818181818
ORD_0018321,2025-10-24 10:10:00,2025.0,10.0,SULAWESI SELATAN,0.2,11000,55000.0,55000.0
ORD_0018322,2025-10-24 11:40:00,2025.0,10.0,SUMATERA UTARA,6.0,28445,4740.833333333333,4740.833333333333
ORD_0018332,2025-10-24 16:11:00,2025.0,10.0,JAWA BARAT,17.2,11999,697.6162790697674,697.6162790697674
ORD_0018339,2025-10-25 06:20:00,2025.0,10.0,BANTEN,5.4,3500,648.1481481481482,648.1481481481482
ORD_0018341,2025-10-25 07:33:00,2025.0,10.0,JAWA BARAT,2.4,3500,1458.3333333333337,1458.3333333333337
ORD_0018343,2025-10-25 08:58:00,2025.0,10.0,JAWA BARAT,7.2,13500,1875.0,1875.0
ORD_0018345,2025-10-25 09:59:00,2025.0,10.0,SUMATERA UTARA,0.2,2000,10000.0,10000.0
ORD_0018348,2025-10-25 11:20:00,2025.0,10.0,SUMATERA UTARA,0.2,2000,10000.0,10000.0
ORD_0018349,2025-10-25 12:04:00,2025.0,10.0,SUMATERA BARAT,0.9,15000,16666.666666666668,16666.666666666668
ORD_0018378,2025-10-26 12:59:00,2025.0,10.0,BANTEN,0.1,3500,35000.0,35000.0
ORD_0018399,2025-10-27 03:25:00,2025.0,10.0,DKI JAKARTA,2.0,9500,4750.0,4750.0
ORD_0018404,2025-10-27 08:38:00,2025.0,10.0,BANTEN,3.6,3500,972.2222222222222,972.2222222222222
ORD_0018408,2025-10-27 09:44:00,2025.0,10.0,BANTEN,1.0,1500,1500.0,1500.0
ORD_0018417,2025-10-27 13:33:00,2025.0,10.0,BANTEN,2.4,3500,1458.3333333333337,1458.3333333333337
ORD_0018430,2025-10-27 18:14:00,2025.0,10.0,JAMBI,0.5,4000,8000.0,8000.0
ORD_0018435,2025-10-27 19:10:00,2025.0,10.0,NANGGROE ACEH DARUSSALAM (NAD),0.5,7000,14000.0,14000.0
ORD_0018441,2025-10-28 01:03:00,2025.0,10.0,JAWA BARAT,2.4,3500,1458.3333333333337,1458.3333333333337
ORD_0018444,2025-10-28 04:33:00,2025.0,10.0,JAWA BARAT,0.3,3500,11666.666666666668,11666.666666666668
ORD_0018468,2025-10-28 21:30:00,2025.0,10.0,LAMPUNG,0.9,11000,12222.222222222224,12222.222222222224
ORD_0018473,2025-10-28 23:57:00,2025.0,10.0,SUMATERA UTARA,0.2,2000,10000.0,10000.0
ORD_0018479,2025-10-29 09:24:00,2025.0,10.0,RIAU,0.2,15000,75000.0,75000.0
ORD_0018488,2025-10-29 12:24:00,2025.0,10.0,DKI JAKARTA,0.5,39000,78000.0,78000.0
ORD_0018498,2025-10-29 14:37:00,2025.0,10.0,DKI JAKARTA,3.4,7500,2205.8823529411766,2205.8823529411766
ORD_0018506,2025-10-29 17:25:00,2025.0,10.0,JAWA BARAT,2.4,3500,1458.3333333333337,1458.3333333333337
ORD_0018510,2025-10-29 18:54:00,2025.0,10.0,JAWA TENGAH,2.4,5000,2083.3333333333335,2083.3333333333335
ORD_0018513,2025-10-29 20:27:00,2025.0,10.0,SUMATERA UTARA,0.2,2000,10000.0,10000.0
ORD_0018543,2025-10-30 18:45:00,2025.0,10.0,BANTEN,2.4,3500,1458.3333333333337,1458.3333333333337
ORD_0018546,2025-10-30 19:41:00,2025.0,10.0,DKI JAKARTA,0.5,6500,13000.0,13000.0
ORD_0018548,2025-10-30 20:45:00,2025.0,10.0,JAWA BARAT,3.3,3500,1060.6060606060607,1060.6060606060607
ORD_0018578,2025-10-31 14:37:00,2025.0,10.0,JAWA TIMUR,0.5,5000,10000.0,10000.0
ORD_0018585,2025-10-31 18:29:00,2025.0,10.0,SULAWESI BARAT,0.2,12000,60000.0,60000.0
ORD_0018593,2025-10-31 22:14:00,2025.0,10.0,RIAU,5.4,845,156.48148148148147,156.48148148148147
ORD_0018598,2024-09-01 08:22:00,2024.0,9.0,LAMPUNG,0.5,1000,2000.0,2000.0
ORD_0018602,2024-09-01 10:08:00,2024.0,9.0,JAWA BARAT,15.39,10000,649.772579597141,649.772579597141
ORD_0018605,2024-09-01 11:07:00,2024.0,9.0,BANTEN,3.2,39000,12187.5,12187.5
ORD_0018608,2024-09-01 12:43:00,2024.0,9.0,JAWA BARAT,0.08,2000,25000.0,25000.0
ORD_0018615,2024-09-01 14:59:00,2024.0,9.0,KALIMANTAN BARAT,0.4,19100,47750.0,47750.0
ORD_0018621,2024-09-01 16:34:00,2024.0,9.0,BANTEN,0.08,3000,37500.0,37500.0
ORD_0018629,2024-09-01 19:17:00,2024.0,9.0,BANTEN,1.7,6000,3529.4117647058824,3529.4117647058824
ORD_0018630,2024-09-01 19:33:00,2024.0,9.0,BALI,1.05,13500,12857.142857142857,12857.142857142857
ORD_0018631,2024-09-01 20:17:00,2024.0,9.0,DKI JAKARTA,4.0,1000,250.0,250.0
ORD_0018632,2024-09-01 20:22:00,2024.0,9.0,JAWA TENGAH,0.5,1000,2000.0,2000.0
ORD_0018639,2024-09-01 21:33:00,2024.0,9.0,JAWA BARAT,0.08,4000,50000.0,50000.0
ORD_0018640,2024-09-01 21:52:00,2024.0,9.0,JAWA TIMUR,8.0,82000,10250.0,10250.0
ORD_0018641,2024-09-01 22:01:00,2024.0,9.0,DKI JAKARTA,27.0,16000,592.5925925925926,592.5925925925926
ORD_0018645,2024-09-02 03:12:00,2024.0,9.0,JAWA TIMUR,2.4,13000,5416.666666666667,5416.666666666667
ORD_0018649,2024-09-02 07:46:00,2024.0,9.0,JAWA BARAT,0.5,8000,16000.0,16000.0
ORD_0018654,2024-09-02 09:35:00,2024.0,9.0,JAWA BARAT,0.16,2000,12500.0,12500.0
ORD_0018659,2024-09-02 12:03:00,2024.0,9.0,KALIMANTAN SELATAN,3.8,48200,12684.21052631579,12684.21052631579
ORD_0018664,2024-09-02 13:26:00,2024.0,9.0,BANTEN,1.0,2500,2500.0,2500.0
ORD_0018669,2024-09-02 15:15:00,2024.0,9.0,JAWA BARAT,2.0,13000,6500.0,6500.0
ORD_0018670,2024-09-02 15:16:00,2024.0,9.0,DKI JAKARTA,1.2,8000,6666.666666666667,6666.666666666667
ORD_0018671,2024-09-02 15:34:00,2024.0,9.0,JAWA BARAT,0.5,8000,16000.0,16000.0
ORD_0018675,2024-09-02 15:54:00,2024.0,9.0,RIAU,0.4,13300,33250.0,33250.0
ORD_0018676,2024-09-02 16:14:00,2024.0,9.0,JAWA BARAT,0.08,2000,25000.0,25000.0
ORD_0018685,2024-09-02 20:03:00,2024.0,9.0,JAWA TENGAH,0.2,4000,20000.0,20000.0
ORD_0018688,2024-09-02 21:23:00,2024.0,9.0,BANTEN,3.57,25000,7002.80112044818,7002.80112044818
ORD_0018689,2024-09-02 21:28:00,2024.0,9.0,JAWA TIMUR,1.7,8000,4705.882352941177,4705.882352941177
ORD_0018691,2024-09-02 21:43:00,2024.0,9.0,KALIMANTAN BARAT,0.8,15400,19250.0,19250.0
ORD_0018698,2024-09-03 04:46:00,2024.0,9.0,JAWA BARAT,0.2,500,2500.0,2500.0
ORD_0018703,2024-09-03 09:22:00,2024.0,9.0,JAWA BARAT,0.5,3500,7000.0,7000.0
ORD_0018704,2024-09-03 09:45:00,2024.0,9.0,JAWA BARAT,0.2,2000,10000.0,10000.0
ORD_0018715,2024-09-03 12:31:00,2024.0,9.0,DKI JAKARTA,3.0,17500,5833.333333333333,5833.333333333333
ORD_0018716,2024-09-03 12:42:00,2024.0,9.0,DKI JAKARTA,3.4,2500,735.2941176470589,735.2941176470589
ORD_0018717,2024-09-03 13:11:00,2024.0,9.0,JAWA BARAT,0.08,2500,31250.0,31250.0
ORD_0018718,2024-09-03 13:34:00,2024.0,9.0,JAWA BARAT,2.0,6000,3000.0,3000.0
ORD_0018726,2024-09-03 16:47:00,2024.0,9.0,JAWA BARAT,1.0,8000,8000.0,8000.0
ORD_0018732,2024-09-03 18:26:00,2024.0,9.0,DKI JAKARTA,0.1,8000,80000.0,80000.0
ORD_0018745,2024-09-03 00:04:00,2024.0,9.0,BANTEN,0.5,3000,6000.0,6000.0
ORD_0018749,2024-09-04 00:17:00,2024.0,9.0,JAWA BARAT,1.0,10000,10000.0,10000.0
ORD_0018752,2024-09-04 01:53:00,2024.0,9.0,JAWA BARAT,30.0,45000,1500.0,1500.0
ORD_0018753,2024-09-04 04:36:00,2024.0,9.0,JAWA TIMUR,1.7,8000,4705.882352941177,4705.882352941177
ORD_0018754,2024-09-04 05:00:00,2024.0,9.0,MALUKU,0.5,28000,56000.0,56000.0
ORD_0018758,2024-09-04 07:49:00,2024.0,9.0,KALIMANTAN BARAT,0.2,23500,117500.0,117500.0
ORD_0018760,2024-09-04 08:54:00,2024.0,9.0,SUMATERA BARAT,0.4,1000,2500.0,2500.0
ORD_0018761,2024-09-04 09:00:00,2024.0,9.0,JAWA TIMUR,0.08,4000,50000.0,50000.0
ORD_0018763,2024-09-04 09:05:00,2024.0,9.0,DKI JAKARTA,2.5,36000,14400.0,14400.0
ORD_0018766,2024-09-04 10:05:00,2024.0,9.0,BANGKA BELITUNG,2.02,13000,6435.6435643564355,6435.6435643564355
ORD_0018767,2024-09-04 10:08:00,2024.0,9.0,JAWA BARAT,3.0,14000,4666.666666666667,4666.666666666667
ORD_0018770,2024-09-04 11:17:00,2024.0,9.0,DKI JAKARTA,12.3,16500,1341.4634146341464,1341.4634146341464
ORD_0018773,2024-09-04 13:21:00,2024.0,9.0,JAWA BARAT,3.0,1000,333.3333333333333,333.3333333333333
ORD_0018780,2024-09-04 18:41:00,2024.0,9.0,JAWA TENGAH,6.0,44000,7333.333333333333,7333.333333333333
ORD_0018784,2024-09-04 19:44:00,2024.0,9.0,KEPULAUAN RIAU,1.25,27400,21920.0,21920.0
ORD_0018788,2024-09-04 21:48:00,2024.0,9.0,DKI JAKARTA,0.16,8000,50000.0,50000.0
ORD_0018790,2024-09-04 22:27:00,2024.0,9.0,SUMATERA BARAT,1.0,15400,15400.0,15400.0
ORD_0018792,2024-09-04 23:49:00,2024.0,9.0,DKI JAKARTA,2.2,1000,454.5454545454545,454.5454545454545
ORD_0018793,2024-09-04 23:56:00,2024.0,9.0,JAWA TENGAH,0.14,4000,28571.42857142857,28571.42857142857
ORD_0018796,2024-09-05 07:26:00,2024.0,9.0,JAWA BARAT,2.43,8000,3292.1810699588477,3292.1810699588477
ORD_0018797,2024-09-05 07:38:00,2024.0,9.0,BANTEN,12.6,4000,317.46031746031747,317.46031746031747
ORD_0018800,2024-09-05 08:17:00,2024.0,9.0,JAWA BARAT,0.5,2000,4000.0,4000.0
ORD_0018801,2024-09-05 08:21:00,2024.0,9.0,DKI JAKARTA,1.4,1000,714.2857142857143,714.2857142857143
ORD_0018806,2024-09-05 11:38:00,2024.0,9.0,JAWA TIMUR,2.4,22000,9166.666666666668,9166.666666666668
ORD_0018807,2024-09-05 12:00:00,2024.0,9.0,JAWA BARAT,0.5,4000,8000.0,8000.0
ORD_0018809,2024-09-05 12:36:00,2024.0,9.0,SUMATERA UTARA,1.8,12300,6833.333333333333,6833.333333333333
ORD_0018811,2024-09-05 12:48:00,2024.0,9.0,BANTEN,3.0,1000,333.3333333333333,333.3333333333333
ORD_0018814,2024-09-05 14:05:00,2024.0,9.0,DI YOGYAKARTA,0.6,14000,23333.333333333336,23333.333333333336
ORD_0018815,2024-09-05 14:54:00,2024.0,9.0,DKI JAKARTA,5.0,3000,600.0,600.0
ORD_0018817,2024-09-05 15:42:00,2024.0,9.0,DKI JAKARTA,1.0,22500,22500.0,22500.0
ORD_0018828,2024-09-06 01:15:00,2024.0,9.0,BANTEN,0.1,8000,80000.0,80000.0
ORD_0018830,2024-09-06 07:22:00,2024.0,9.0,JAWA BARAT,57.2,29700,519.2307692307692,519.2307692307692
ORD_0018833,2024-09-06 07:50:00,2024.0,9.0,JAWA TENGAH,0.2,4000,20000.0,20000.0
ORD_0018835,2024-09-06 10:08:00,2024.0,9.0,JAWA TIMUR,9.0,27000,3000.0,3000.0
ORD_0018838,2024-09-06 11:26:00,2024.0,9.0,JAWA BARAT,1.5,1000,666.6666666666666,666.6666666666666
ORD_0018839,2024-09-06 11:51:00,2024.0,9.0,BALI,1.65,3000,1818.1818181818185,1818.1818181818185
ORD_0018840,2024-09-06 11:55:00,2024.0,9.0,LAMPUNG,0.5,1000,2000.0,2000.0
ORD_0018843,2024-09-06 12:53:00,2024.0,9.0,DKI JAKARTA,5.12,18500,3613.28125,3613.28125
ORD_0018846,2024-09-06 14:10:00,2024.0,9.0,JAWA BARAT,0.5,8000,16000.0,16000.0
ORD_0018848,2024-09-06 16:07:00,2024.0,9.0,RIAU,3.45,17500,5072.463768115942,5072.463768115942
ORD_0018850,2024-09-06 16:36:00,2024.0,9.0,JAWA BARAT,15.0,9000,600.0,600.0
ORD_0018853,2024-09-06 18:34:00,2024.0,9.0,JAWA TENGAH,0.3,4000,13333.333333333334,13333.333333333334
ORD_0018854,2024-09-06 18:41:00,2024.0,9.0,SUMATERA UTARA,2.75,9000,3272.7272727272725,3272.7272727272725
ORD_0018855,2024-09-06 18:41:00,2024.0,9.0,KALIMANTAN TENGAH,1.2,14000,11666.666666666668,11666.666666666668
ORD_0018856,2024-09-06 18:41:00,2024.0,9.0,JAWA TIMUR,0.3,14000,46666.66666666667,46666.66666666667
ORD_0018857,2024-09-06 19:05:00,2024.0,9.0,SUMATERA UTARA,1.2,13000,10833.333333333334,10833.333333333334
ORD_0018860,2024-09-06 22:30:00,2024.0,9.0,BANTEN,0.07,7500,107142.85714285712,107142.85714285712
ORD_0018864,2024-09-07 02:35:00,2024.0,9.0,SUMATERA UTARA,3.0,26000,8666.666666666666,8666.666666666666
ORD_0018865,2024-09-07 05:08:00,2024.0,9.0,SUMATERA SELATAN,0.5,17000,34000.0,34000.0
ORD_0018867,2024-09-07 08:29:00,2024.0,9.0,DKI JAKARTA,0.6,8000,13333.333333333334,13333.333333333334
ORD_0018874,2024-09-07 11:06:00,2024.0,9.0,SULAWESI SELATAN,1.2,15000,12500.0,12500.0
ORD_0018875,2024-09-07 11:12:00,2024.0,9.0,BANTEN,6.4,21000,3281.25,3281.25
ORD_0018876,2024-09-07 11:20:00,2024.0,9.0,JAWA TENGAH,0.2,4000,20000.0,20000.0
ORD_0018880,2024-09-07 13:43:00,2024.0,9.0,SUMATERA SELATAN,24.2,99301,4103.347107438017,4103.347107438017
ORD_0018881,2024-09-07 13:56:00,2024.0,9.0,NANGGROE ACEH DARUSSALAM (NAD),2.0,12200,6100.0,6100.0
ORD_0018882,2024-09-07 14:35:00,2024.0,9.0,DKI JAKARTA,3.6,4000,1111.111111111111,1111.111111111111
ORD_0018883,2024-09-07 14:49:00,2024.0,9.0,JAWA TIMUR,1.7,28000,16470.58823529412,16470.58823529412
ORD_0018889,2024-09-07 17:19:00,2024.0,9.0,JAWA TENGAH,0.08,16000,200000.0,170093.75000000035
ORD_0018891,2024-09-07 18:36:00,2024.0,9.0,DKI JAKARTA,0.2,8000,40000.0,40000.0
ORD_0018900,2024-09-08 09:47:00,2024.0,9.0,SUMATERA SELATAN,0.9,13500,15000.0,15000.0
ORD_0018901,2024-09-08 10:11:00,2024.0,9.0,JAWA BARAT,0.1,8000,80000.0,80000.0
ORD_0018903,2024-09-08 10:30:00,2024.0,9.0,JAWA TIMUR,1.4,28000,20000.0,20000.0
ORD_0018904,2024-09-08 10:31:00,2024.0,9.0,SUMATERA SELATAN,2.8,11000,3928.571428571429,3928.571428571429
ORD_0018910,2024-09-08 13:50:00,2024.0,9.0,JAWA BARAT,1.0,8000,8000.0,8000.0
ORD_0018912,2024-09-08 14:44:00,2024.0,9.0,JAWA BARAT,0.5,8000,16000.0,16000.0
ORD_0018916,2024-09-08 16:27:00,2024.0,9.0,JAWA BARAT,1.0,8000,8000.0,8000.0
ORD_0018918,2024-09-08 17:04:00,2024.0,9.0,JAWA BARAT,8.0,1000,125.0,125.0
ORD_0018919,2024-09-08 17:23:00,2024.0,9.0,JAWA BARAT,0.08,4000,50000.0,50000.0
ORD_0018920,2024-09-08 18:33:00,2024.0,9.0,SUMATERA BARAT,1.0,1000,1000.0,1000.0
ORD_0018921,2024-09-08 20:02:00,2024.0,9.0,JAWA BARAT,3.03,8000,2640.2640264026404,2640.2640264026404
ORD_0018922,2024-09-08 20:05:00,2024.0,9.0,JAWA BARAT,0.08,2500,31250.0,31250.0
ORD_0018923,2024-09-08 20:20:00,2024.0,9.0,JAWA BARAT,0.5,1000,2000.0,2000.0
ORD_0018931,2024-09-08 23:25:00,2024.0,9.0,BANTEN,8.0,21000,2625.0,2625.0
ORD_0018937,2024-09-09 04:18:00,2024.0,9.0,JAWA TIMUR,0.3,4500,15000.0,15000.0
ORD_0018938,2024-09-09 04:50:00,2024.0,9.0,JAWA BARAT,0.1,500,5000.0,5000.0
ORD_0018939,2024-09-09 05:31:00,2024.0,9.0,JAWA BARAT,0.5,8000,16000.0,16000.0
ORD_0018946,2024-09-09 07:29:00,2024.0,9.0,JAWA BARAT,1.0,8000,8000.0,8000.0
ORD_0018947,2024-09-09 07:41:00,2024.0,9.0,KALIMANTAN SELATAN,0.6,21500,35833.333333333336,35833.333333333336
ORD_0018956,2024-09-09 09:42:00,2024.0,9.0,JAWA BARAT,0.1,2000,20000.0,20000.0
ORD_0018958,2024-09-09 09:54:00,2024.0,9.0,JAWA TIMUR,1.2,4000,3333.3333333333335,3333.3333333333335
ORD_0018960,2024-09-09 10:00:00,2024.0,9.0,BANTEN,2.0,8000,4000.0,4000.0
ORD_0018963,2024-09-09 10:44:00,2024.0,9.0,JAWA TIMUR,4.0,8000,2000.0,2000.0
ORD_0018964,2024-09-09 10:47:00,2024.0,9.0,JAWA BARAT,1.5,1000,666.6666666666666,666.6666666666666
ORD_0018965,2024-09-09 10:52:00,2024.0,9.0,SUMATERA SELATAN,0.1,2000,20000.0,20000.0
ORD_0018967,2024-09-09 11:38:00,2024.0,9.0,DKI JAKARTA,0.2,8000,40000.0,40000.0
ORD_0018971,2024-09-09 12:42:00,2024.0,9.0,BANGKA BELITUNG,0.5,10000,20000.0,20000.0
ORD_0018972,2024-09-09 12:59:00,2024.0,9.0,SUMATERA UTARA,1.7,6000,3529.4117647058824,3529.4117647058824
ORD_0018980,2024-09-09 14:05:00,2024.0,9.0,NANGGROE ACEH DARUSSALAM (NAD),1.2,8500,7083.333333333334,7083.333333333334
ORD_0018986,2024-09-09 15:56:00,2024.0,9.0,GORONTALO,0.4,11500,28750.0,28750.0
ORD_0018991,2024-09-09 17:13:00,2024.0,9.0,JAWA BARAT,0.1,2000,20000.0,20000.0
ORD_0019000,2024-09-09 19:06:00,2024.0,9.0,JAWA BARAT,0.08,500,6250.0,6250.0
ORD_0019001,2024-09-09 19:09:00,2024.0,9.0,SUMATERA SELATAN,0.1,2000,20000.0,20000.0
ORD_0019011,2024-09-09 20:50:00,2024.0,9.0,BANTEN,0.5,8000,16000.0,16000.0
ORD_0019019,2024-09-09 23:50:00,2024.0,9.0,JAWA TIMUR,0.1,500,5000.0,5000.0
ORD_0019028,2024-09-10 08:19:00,2024.0,9.0,JAWA BARAT,0.16,4000,25000.0,25000.0
ORD_0019029,2024-09-10 08:22:00,2024.0,9.0,KALIMANTAN BARAT,0.6,25500,42500.0,42500.0
ORD_0019032,2024-09-10 09:55:00,2024.0,9.0,BANTEN,0.1,4000,40000.0,40000.0
ORD_0019033,2024-09-10 10:10:00,2024.0,9.0,BANTEN,21.6,5000,231.48148148148147,231.48148148148147
ORD_0019041,2024-09-10 13:07:00,2024.0,9.0,BANTEN,0.16,3000,18750.0,18750.0
ORD_0019043,2024-09-10 14:39:00,2024.0,9.0,JAWA TIMUR,0.5,4000,8000.0,8000.0
ORD_0019045,2024-09-10 15:27:00,2024.0,9.0,JAWA TIMUR,0.4,4000,10000.0,10000.0
ORD_0019046,2024-09-10 15:52:00,2024.0,9.0,JAWA TENGAH,24.0,296000,12333.333333333334,12333.333333333334
ORD_0019047,2024-09-10 17:38:00,2024.0,9.0,JAWA TIMUR,0.1,9000,90000.0,90000.0
ORD_0019050,2024-09-10 21:56:00,2024.0,9.0,JAWA TENGAH,20.0,20500,1025.0,1025.0
ORD_0019051,2024-09-10 22:18:00,2024.0,9.0,JAWA TIMUR,0.08,4000,50000.0,50000.0
ORD_0019054,2024-09-11 03:49:00,2024.0,9.0,JAWA BARAT,0.2,4000,20000.0,20000.0
ORD_0019055,2024-09-11 05:49:00,2024.0,9.0,JAWA TIMUR,0.6,4000,6666.666666666667,6666.666666666667
ORD_0019057,2024-09-11 07:34:00,2024.0,9.0,RIAU,0.5,21500,43000.0,43000.0
ORD_0019059,2024-09-11 08:19:00,2024.0,9.0,KALIMANTAN SELATAN,32.0,584000,18250.0,18250.0
ORD_0019060,2024-09-11 08:37:00,2024.0,9.0,BANTEN,0.5,3000,6000.0,6000.0
ORD_0019061,2024-09-11 09:25:00,2024.0,9.0,BANGKA BELITUNG,1.2,16100,13416.666666666668,13416.666666666668
ORD_0019063,2024-09-11 10:28:00,2024.0,9.0,SUMATERA BARAT,0.4,1000,2500.0,2500.0
ORD_0019065,2024-09-11 10:42:00,2024.0,9.0,BENGKULU,2.0,2000,1000.0,1000.0
ORD_0019068,2024-09-11 11:44:00,2024.0,9.0,KALIMANTAN TENGAH,0.4,20100,50250.0,50250.0
ORD_0019071,2024-09-11 13:59:00,2024.0,9.0,JAWA TENGAH,1.2,1000,833.3333333333334,833.3333333333334
ORD_0019072,2024-09-11 14:07:00,2024.0,9.0,BENGKULU,1.2,4500,3750.0,3750.0
ORD_0019075,2024-09-11 16:22:00,2024.0,9.0,BALI,2.5,84000,33600.0,33600.0
ORD_0019077,2024-09-11 18:21:00,2024.0,9.0,JAWA TIMUR,0.4,1000,2500.0,2500.0
ORD_0019084,2024-09-11 20:26:00,2024.0,9.0,JAWA BARAT,0.3,1000,3333.3333333333335,3333.3333333333335
ORD_0019087,2024-09-11 20:39:00,2024.0,9.0,SULAWESI UTARA,1.0,8000,8000.0,8000.0
ORD_0019090,2024-09-11 22:05:00,2024.0,9.0,DKI JAKARTA,32.0,24000,750.0,750.0
ORD_0019095,2024-09-12 08:31:00,2024.0,9.0,SUMATERA UTARA,3.0,29000,9666.666666666666,9666.666666666666
ORD_0019102,2024-09-12 12:46:00,2024.0,9.0,RIAU,0.4,1000,2500.0,2500.0
ORD_0019104,2024-09-12 13:56:00,2024.0,9.0,JAWA TIMUR,1.0,1000,1000.0,1000.0
ORD_0019106,2024-09-12 14:06:00,2024.0,9.0,JAWA BARAT,2.1,1000,476.19047619047615,476.19047619047615
ORD_0019109,2024-09-12 14:55:00,2024.0,9.0,SUMATERA SELATAN,0.5,7000,14000.0,14000.0
ORD_0019112,2024-09-12 16:31:00,2024.0,9.0,JAWA TIMUR,1.2,1000,833.3333333333334,833.3333333333334
ORD_0019113,2024-09-12 16:34:00,2024.0,9.0,JAWA TENGAH,0.5,16000,32000.0,32000.0
ORD_0019114,2024-09-12 17:04:00,2024.0,9.0,JAMBI,0.4,15500,38750.0,38750.0
ORD_0019116,2024-09-12 18:09:00,2024.0,9.0,JAWA TIMUR,0.3,1000,3333.3333333333335,3333.3333333333335
ORD_0019119,2024-09-12 19:04:00,2024.0,9.0,JAWA BARAT,1.0,10000,10000.0,10000.0
ORD_0019122,2024-09-12 19:39:00,2024.0,9.0,JAWA BARAT,1.2,500,416.6666666666667,416.6666666666667
ORD_0019123,2024-09-12 19:42:00,2024.0,9.0,DKI JAKARTA,0.5,9000,18000.0,18000.0
ORD_0019124,2024-09-12 20:16:00,2024.0,9.0,NUSA TENGGARA BARAT (NTB),6.02,48000,7973.4219269103,7973.4219269103
ORD_0019127,2024-09-12 21:51:00,2024.0,9.0,JAWA TIMUR,1.0,1000,1000.0,1000.0
ORD_0019128,2024-09-12 21:59:00,2024.0,9.0,KALIMANTAN SELATAN,0.6,14500,24166.666666666668,24166.666666666668
ORD_0019132,2024-09-13 00:47:00,2024.0,9.0,SUMATERA SELATAN,0.5,7000,14000.0,14000.0
ORD_0019133,2024-09-13 02:37:00,2024.0,9.0,JAWA TIMUR,0.3,2500,8333.333333333334,8333.333333333334
ORD_0019134,2024-09-13 06:42:00,2024.0,9.0,JAWA BARAT,1.7,16000,9411.764705882351,9411.764705882351
ORD_0019135,2024-09-13 06:52:00,2024.0,9.0,DKI JAKARTA,0.5,8000,16000.0,16000.0
ORD_0019137,2024-09-13 09:50:00,2024.0,9.0,BALI,0.4,8500,21250.0,21250.0
ORD_0019138,2024-09-13 10:10:00,2024.0,9.0,JAWA BARAT,0.08,6000,75000.0,75000.0
ORD_0019140,2024-09-13 10:47:00,2024.0,9.0,JAWA BARAT,0.2,8000,40000.0,40000.0
ORD_0019141,2024-09-13 11:38:00,2024.0,9.0,LAMPUNG,3.4,7000,2058.823529411765,2058.823529411765
ORD_0019144,2024-09-13 12:57:00,2024.0,9.0,JAWA TIMUR,1.0,16000,16000.0,16000.0
ORD_0019149,2024-09-13 14:57:00,2024.0,9.0,JAWA BARAT,2.1,1000,476.19047619047615,476.19047619047615
ORD_0019150,2024-09-13 15:00:00,2024.0,9.0,JAWA TIMUR,4.0,12000,3000.0,3000.0
ORD_0019152,2024-09-13 17:39:00,2024.0,9.0,JAWA TENGAH,3.3,1000,303.03030303030306,303.03030303030306
ORD_0019153,2024-09-13 17:40:00,2024.0,9.0,JAWA TENGAH,0.4,1000,2500.0,2500.0
ORD_0019157,2024-09-13 19:09:00,2024.0,9.0,DKI JAKARTA,2.37,8000,3375.527426160337,3375.527426160337
ORD_0019159,2024-09-13 20:03:00,2024.0,9.0,LAMPUNG,3.0,8000,2666.6666666666665,2666.6666666666665
ORD_0019160,2024-09-13 20:04:00,2024.0,9.0,DKI JAKARTA,4.2,2000,476.19047619047615,476.19047619047615
ORD_0019161,2024-09-13 20:16:00,2024.0,9.0,JAWA BARAT,0.2,500,2500.0,2500.0
ORD_0019165,2024-09-14 15:39:00,2024.0,9.0,RIAU,0.6,12400,20666.666666666668,20666.666666666668
ORD_0019168,2024-09-14 16:33:00,2024.0,9.0,JAWA BARAT,2.0,1000,500.0,500.0
ORD_0019171,2024-09-14 20:04:00,2024.0,9.0,DI YOGYAKARTA,0.6,1000,1666.6666666666667,1666.6666666666667
ORD_0019172,2024-09-14 20:31:00,2024.0,9.0,BANGKA BELITUNG,0.5,27500,55000.0,55000.0
ORD_0019177,2024-09-14 02:23:00,2024.0,9.0,DI YOGYAKARTA,2.3,5500,2391.304347826087,2391.304347826087
ORD_0019178,2024-09-14 04:11:00,2024.0,9.0,JAWA TENGAH,0.5,1000,2000.0,2000.0
ORD_0019179,2024-09-14 06:48:00,2024.0,9.0,JAWA TENGAH,24.0,344000,14333.333333333334,14333.333333333334
ORD_0019182,2024-09-14 09:35:00,2024.0,9.0,JAWA BARAT,9.0,29201,3244.5555555555557,3244.5555555555557
ORD_0019184,2024-09-14 10:12:00,2024.0,9.0,SULAWESI SELATAN,1.2,12500,10416.666666666668,10416.666666666668
ORD_0019186,2024-09-14 10:55:00,2024.0,9.0,JAWA BARAT,0.08,8000,100000.0,100000.0
ORD_0019189,2024-09-14 12:35:00,2024.0,9.0,LAMPUNG,2.0,12300,6150.0,6150.0
ORD_0019190,2024-09-14 13:43:00,2024.0,9.0,JAWA BARAT,1.0,1500,1500.0,1500.0
ORD_0019192,2024-09-15 00:18:00,2024.0,9.0,KEPULAUAN RIAU,3.06,15000,4901.9607843137255,4901.9607843137255
ORD_0019195,2024-09-15 06:51:00,2024.0,9.0,JAWA TIMUR,15.0,19900,1326.6666666666667,1326.6666666666667
ORD_0019196,2024-09-15 06:52:00,2024.0,9.0,JAWA BARAT,0.5,8000,16000.0,16000.0
ORD_0019200,2024-09-15 10:24:00,2024.0,9.0,BANTEN,10.5,4000,380.95238095238096,380.95238095238096
ORD_0019202,2024-09-15 10:42:00,2024.0,9.0,JAWA TIMUR,0.2,6000,30000.0,30000.0
ORD_0019203,2024-09-15 10:47:00,2024.0,9.0,KALIMANTAN TENGAH,1.0,18500,18500.0,18500.0
ORD_0019205,2024-09-15 15:18:00,2024.0,9.0,JAWA BARAT,0.5,8000,16000.0,16000.0
ORD_0019209,2024-09-15 17:14:00,2024.0,9.0,JAWA BARAT,24.0,33000,1375.0,1375.0
ORD_0019212,2024-09-15 19:02:00,2024.0,9.0,NUSA TENGGARA TIMUR (NTT),0.2,34500,172500.0,170093.75000000035
ORD_0019214,2024-09-15 23:14:00,2024.0,9.0,JAWA BARAT,0.5,8000,16000.0,16000.0
ORD_0019216,2024-09-16 05:45:00,2024.0,9.0,LAMPUNG,6.0,50001,8333.5,8333.5
ORD_0019218,2024-09-16 07:24:00,2024.0,9.0,SULAWESI BARAT,3.0,101000,33666.666666666664,33666.666666666664
ORD_0019220,2024-09-16 09:14:00,2024.0,9.0,JAWA BARAT,2.0,1000,500.0,500.0
ORD_0019221,2024-09-16 10:18:00,2024.0,9.0,JAWA TIMUR,0.3,4500,15000.0,15000.0
ORD_0019222,2024-09-16 10:40:00,2024.0,9.0,JAWA BARAT,1.7,9000,5294.117647058823,5294.117647058823
ORD_0019223,2024-09-16 11:03:00,2024.0,9.0,BANTEN,0.6,7500,12500.0,12500.0
ORD_0019224,2024-09-16 11:18:00,2024.0,9.0,SUMATERA SELATAN,0.8,2000,2500.0,2500.0
ORD_0019226,2024-09-16 14:18:00,2024.0,9.0,BANTEN,0.5,7500,15000.0,15000.0
ORD_0019229,2024-09-16 15:44:00,2024.0,9.0,BANTEN,0.5,8000,16000.0,16000.0
ORD_0019231,2024-09-16 16:52:00,2024.0,9.0,JAWA BARAT,6.0,8000,1333.3333333333333,1333.3333333333333
ORD_0019233,2024-09-16 17:21:00,2024.0,9.0,DKI JAKARTA,1.0,8000,8000.0,8000.0
ORD_0019234,2024-09-16 17:52:00,2024.0,9.0,JAWA BARAT,0.5,1500,3000.0,3000.0
ORD_0019235,2024-09-16 18:06:00,2024.0,9.0,LAMPUNG,0.5,1000,2000.0,2000.0
ORD_0019236,2024-09-16 19:12:00,2024.0,9.0,BANTEN,40.8,5000,122.54901960784316,122.54901960784316
ORD_0019242,2024-09-16 21:48:00,2024.0,9.0,SUMATERA UTARA,1.0,9500,9500.0,9500.0
ORD_0019250,2024-09-17 06:14:00,2024.0,9.0,SULAWESI SELATAN,0.6,12400,20666.666666666668,20666.666666666668
ORD_0019251,2024-09-17 07:05:00,2024.0,9.0,JAWA TIMUR,2.0,500,250.0,250.0
ORD_0019252,2024-09-17 07:06:00,2024.0,9.0,JAWA TIMUR,0.9,500,555.5555555555555,555.5555555555555
ORD_0019254,2024-09-17 08:26:00,2024.0,9.0,RIAU,2.5,3000,1200.0,1200.0
ORD_0019258,2024-09-17 12:04:00,2024.0,9.0,KALIMANTAN BARAT,3.0,60500,20166.666666666668,20166.666666666668
ORD_0019259,2024-09-17 13:01:00,2024.0,9.0,BANTEN,0.5,8000,16000.0,16000.0
ORD_0019262,2024-09-17 14:21:00,2024.0,9.0,JAWA BARAT,1.0,8000,8000.0,8000.0
ORD_0019266,2024-09-17 16:49:00,2024.0,9.0,JAWA BARAT,2.0,5000,2500.0,2500.0
ORD_0019268,2024-09-17 19:16:00,2024.0,9.0,JAWA TENGAH,6.6,1000,151.51515151515153,151.51515151515153
ORD_0019270,2024-09-17 20:00:00,2024.0,9.0,SUMATERA BARAT,0.4,18300,45750.0,45750.0
ORD_0019272,2024-09-17 21:36:00,2024.0,9.0,SUMATERA SELATAN,0.5,2000,4000.0,4000.0
ORD_0019273,2024-09-17 21:53:00,2024.0,9.0,KALIMANTAN SELATAN,2.02,13200,6534.653465346534,6534.653465346534
ORD_0019275,2024-09-17 22:31:00,2024.0,9.0,DI YOGYAKARTA,1.2,1000,833.3333333333334,833.3333333333334
ORD_0019278,2024-09-18 08:50:00,2024.0,9.0,JAWA TENGAH,5.6,5000,892.8571428571429,892.8571428571429
ORD_0019279,2024-09-18 09:00:00,2024.0,9.0,RIAU,2.0,1000,500.0,500.0
ORD_0019283,2024-09-18 09:53:00,2024.0,9.0,JAWA BARAT,0.3,1000,3333.3333333333335,3333.3333333333335
ORD_0019289,2024-09-18 10:41:00,2024.0,9.0,JAWA TIMUR,0.2,1000,5000.0,5000.0
ORD_0019291,2024-09-18 10:58:00,2024.0,9.0,SULAWESI TENGAH,4.6,34800,7565.217391304348,7565.217391304348
ORD_0019292,2024-09-18 11:29:00,2024.0,9.0,SULAWESI SELATAN,2.3,23000,10000.0,10000.0
ORD_0019296,2024-09-18 12:38:00,2024.0,9.0,JAWA TENGAH,0.5,2000,4000.0,4000.0
ORD_0019297,2024-09-18 13:19:00,2024.0,9.0,JAWA TIMUR,4.0,40000,10000.0,10000.0
ORD_0019299,2024-09-18 14:47:00,2024.0,9.0,JAWA BARAT,20.02,5000,249.75024975024976,249.75024975024976
ORD_0019300,2024-09-18 15:41:00,2024.0,9.0,JAWA TIMUR,0.15,1000,6666.666666666667,6666.666666666667
ORD_0019301,2024-09-18 15:50:00,2024.0,9.0,BANTEN,12.0,33000,2750.0,2750.0
ORD_0019303,2024-09-18 18:21:00,2024.0,9.0,JAWA TENGAH,0.16,1000,6250.0,6250.0
ORD_0019308,2024-09-18 19:35:00,2024.0,9.0,KALIMANTAN TIMUR,2.42,3000,1239.6694214876034,1239.6694214876034
ORD_0019309,2024-09-18 19:37:00,2024.0,9.0,KALIMANTAN TIMUR,2.42,3000,1239.6694214876034,1239.6694214876034
ORD_0019310,2024-09-18 20:41:00,2024.0,9.0,DI YOGYAKARTA,0.4,1000,2500.0,2500.0
ORD_0019311,2024-09-18 20:58:00,2024.0,9.0,DKI JAKARTA,0.5,8000,16000.0,16000.0
ORD_0019312,2024-09-18 21:36:00,2024.0,9.0,JAWA TIMUR,0.4,1000,2500.0,2500.0
ORD_0019313,2024-09-18 22:04:00,2024.0,9.0,DI YOGYAKARTA,0.05,4000,80000.0,80000.0
ORD_0019315,2024-09-18 22:30:00,2024.0,9.0,SUMATERA UTARA,0.8,15500,19375.0,19375.0
ORD_0019316,2024-09-19 04:22:00,2024.0,9.0,LAMPUNG,1.2,35500,29583.333333333336,29583.333333333336
ORD_0019317,2024-09-19 05:04:00,2024.0,9.0,JAWA BARAT,0.6,8000,13333.333333333334,13333.333333333334
ORD_0019318,2024-09-19 06:26:00,2024.0,9.0,JAWA TIMUR,2.4,26500,11041.666666666668,11041.666666666668
ORD_0019321,2024-09-19 09:17:00,2024.0,9.0,BALI,3.4,3000,882.3529411764706,882.3529411764706
ORD_0019324,2024-09-19 10:14:00,2024.0,9.0,JAWA TENGAH,0.3,1500,5000.0,5000.0
ORD_0019325,2024-09-19 10:56:00,2024.0,9.0,JAWA TIMUR,1.2,1000,833.3333333333334,833.3333333333334
ORD_0019331,2024-09-19 14:30:00,2024.0,9.0,DKI JAKARTA,107.45,14000,130.29315960912052,130.29315960912052
ORD_0019332,2024-09-19 15:02:00,2024.0,9.0,JAWA TIMUR,0.5,1000,2000.0,2000.0
ORD_0019333,2024-09-19 15:10:00,2024.0,9.0,JAWA TIMUR,0.1,18000,180000.0,170093.75000000035
ORD_0019334,2024-09-19 15:17:00,2024.0,9.0,JAMBI,1.2,15200,12666.666666666668,12666.666666666668
ORD_0019335,2024-09-19 15:24:00,2024.0,9.0,SULAWESI SELATAN,3.0,57500,19166.666666666668,19166.666666666668
ORD_0019336,2024-09-19 15:28:00,2024.0,9.0,SUMATERA SELATAN,0.5,2000,4000.0,4000.0
ORD_0019341,2024-09-19 21:27:00,2024.0,9.0,JAWA TIMUR,0.4,1000,2500.0,2500.0
ORD_0019343,2024-09-19 22:02:00,2024.0,9.0,JAWA TIMUR,0.2,29000,145000.0,145000.0
ORD_0019347,2024-09-20 07:05:00,2024.0,9.0,BANTEN,2.0,1000,500.0,500.0
ORD_0019349,2024-09-20 09:47:00,2024.0,9.0,JAWA BARAT,18.4,1000,54.34782608695652,54.34782608695652
ORD_0019350,2024-09-20 10:23:00,2024.0,9.0,DKI JAKARTA,16.53,3000,181.48820326678765,181.48820326678765
ORD_0019353,2024-09-20 12:41:00,2024.0,9.0,BANGKA BELITUNG,0.4,15400,38500.0,38500.0
ORD_0019354,2024-09-20 13:24:00,2024.0,9.0,BANTEN,12.0,29000,2416.6666666666665,2416.6666666666665
ORD_0019357,2024-09-20 14:47:00,2024.0,9.0,JAWA BARAT,7.0,51000,7285.714285714285,7285.714285714285
ORD_0019359,2024-09-20 15:45:00,2024.0,9.0,BANTEN,0.5,8000,16000.0,16000.0
ORD_0019360,2024-09-20 16:45:00,2024.0,9.0,JAWA TENGAH,0.16,1500,9375.0,9375.0
ORD_0019362,2024-09-20 18:09:00,2024.0,9.0,JAWA TENGAH,1.0,1000,1000.0,1000.0
ORD_0019366,2024-09-20 19:15:00,2024.0,9.0,JAWA TIMUR,0.8,1000,1250.0,1250.0
ORD_0019367,2024-09-20 19:46:00,2024.0,9.0,BANTEN,6.6,9000,1363.6363636363635,1363.6363636363635
ORD_0019368,2024-09-20 19:58:00,2024.0,9.0,JAWA BARAT,6.0,4000,666.6666666666666,666.6666666666666
ORD_0019369,2024-09-20 20:05:00,2024.0,9.0,JAWA TIMUR,1.2,1000,833.3333333333334,833.3333333333334
ORD_0019370,2024-09-20 20:42:00,2024.0,9.0,JAWA TENGAH,1.8,1000,555.5555555555555,555.5555555555555
ORD_0019371,2024-09-20 21:25:00,2024.0,9.0,JAWA BARAT,2.6,9000,3461.5384615384614,3461.5384615384614
ORD_0019373,2024-09-20 23:59:00,2024.0,9.0,BANTEN,1.2,8000,6666.666666666667,6666.666666666667
ORD_0019376,2024-09-21 07:34:00,2024.0,9.0,JAWA BARAT,1.0,8000,8000.0,8000.0
ORD_0019379,2024-09-21 09:35:00,2024.0,9.0,JAWA TENGAH,0.44,1000,2272.7272727272725,2272.7272727272725
ORD_0019380,2024-09-21 09:49:00,2024.0,9.0,JAWA BARAT,1.2,8000,6666.666666666667,6666.666666666667
ORD_0019384,2024-09-21 11:20:00,2024.0,9.0,JAWA BARAT,0.5,500,1000.0,1000.0
ORD_0019387,2024-09-21 12:52:00,2024.0,9.0,JAWA TIMUR,0.2,1000,5000.0,5000.0
ORD_0019388,2024-09-21 13:01:00,2024.0,9.0,JAWA TIMUR,0.2,1000,5000.0,5000.0
ORD_0019390,2024-09-21 13:45:00,2024.0,9.0,BALI,1.7,3000,1764.7058823529412,1764.7058823529412
ORD_0019391,2024-09-21 14:26:00,2024.0,9.0,JAWA TIMUR,1.6,1000,625.0,625.0
ORD_0019392,2024-09-21 14:58:00,2024.0,9.0,DI YOGYAKARTA,4.0,18000,4500.0,4500.0
ORD_0019393,2024-09-21 15:19:00,2024.0,9.0,JAWA BARAT,1.0,1000,1000.0,1000.0
ORD_0019394,2024-09-21 16:00:00,2024.0,9.0,JAWA TENGAH,0.4,1000,2500.0,2500.0
ORD_0019395,2024-09-21 16:01:00,2024.0,9.0,BANTEN,10.6,4000,377.35849056603774,377.35849056603774
ORD_0019396,2024-09-21 16:17:00,2024.0,9.0,LAMPUNG,0.2,11000,55000.0,55000.0
ORD_0019398,2024-09-21 17:58:00,2024.0,9.0,LAMPUNG,0.3,36000,120000.0,120000.0
ORD_0019399,2024-09-21 18:05:00,2024.0,9.0,JAWA TENGAH,2.0,1000,500.0,500.0
ORD_0019401,2024-09-21 19:16:00,2024.0,9.0,KALIMANTAN UTARA,1.2,14300,11916.666666666668,11916.666666666668
ORD_0019402,2024-09-21 19:41:00,2024.0,9.0,JAWA TIMUR,2.0,1000,500.0,500.0
ORD_0019403,2024-09-21 19:47:00,2024.0,9.0,RIAU,0.8,16500,20625.0,20625.0
ORD_0019405,2024-09-21 20:02:00,2024.0,9.0,JAWA TENGAH,0.7,1000,1428.571428571429,1428.571428571429
ORD_0019409,2024-09-21 23:27:00,2024.0,9.0,JAWA BARAT,1.2,8500,7083.333333333334,7083.333333333334
ORD_0019412,2024-09-22 07:12:00,2024.0,9.0,JAWA TIMUR,3.0,33000,11000.0,11000.0
ORD_0019413,2024-09-22 07:16:00,2024.0,9.0,JAWA TIMUR,26.4,72000,2727.2727272727275,2727.2727272727275
ORD_0019414,2024-09-22 08:10:00,2024.0,9.0,BANTEN,1.7,16000,9411.764705882351,9411.764705882351
ORD_0019417,2024-09-22 09:43:00,2024.0,9.0,BANTEN,15.8,7000,443.0379746835443,443.0379746835443
ORD_0019422,2024-09-22 11:48:00,2024.0,9.0,JAWA BARAT,69.0,177201,2568.1304347826085,2568.1304347826085
ORD_0019423,2024-09-22 12:04:00,2024.0,9.0,JAWA TIMUR,0.2,24500,122500.0,122500.0
ORD_0019427,2024-09-22 14:23:00,2024.0,9.0,JAWA BARAT,4.0,15000,3750.0,3750.0
ORD_0019432,2024-09-22 18:41:00,2024.0,9.0,BANTEN,1.8,1000,555.5555555555555,555.5555555555555
ORD_0019434,2024-09-22 19:18:00,2024.0,9.0,BANGKA BELITUNG,0.75,13000,17333.333333333332,17333.333333333332
ORD_0019435,2024-09-22 19:36:00,2024.0,9.0,BANTEN,0.2,8000,40000.0,40000.0
ORD_0019436,2024-09-22 19:39:00,2024.0,9.0,JAWA BARAT,4.8,2000,416.6666666666667,416.6666666666667
ORD_0019437,2024-09-22 20:01:00,2024.0,9.0,RIAU,0.7,6000,8571.428571428572,8571.428571428572
ORD_0019438,2024-09-22 20:07:00,2024.0,9.0,JAWA BARAT,19.8,31000,1565.6565656565656,1565.6565656565656
ORD_0019441,2024-09-22 21:15:00,2024.0,9.0,JAWA TENGAH,12.0,152000,12666.666666666666,12666.666666666666
ORD_0019443,2024-09-22 22:25:00,2024.0,9.0,JAWA TIMUR,0.6,5000,8333.333333333334,8333.333333333334
ORD_0019446,2024-09-23 08:17:00,2024.0,9.0,JAWA BARAT,0.5,2000,4000.0,4000.0
ORD_0019448,2024-09-23 09:11:00,2024.0,9.0,JAWA BARAT,4.0,28000,7000.0,7000.0
ORD_0019450,2024-09-23 12:23:00,2024.0,9.0,SUMATERA SELATAN,1.0,15500,15500.0,15500.0
ORD_0019452,2024-09-23 13:19:00,2024.0,9.0,BANGKA BELITUNG,1.2,16100,13416.666666666668,13416.666666666668
ORD_0019455,2024-09-23 14:07:00,2024.0,9.0,SUMATERA UTARA,16.5,31400,1903.030303030303,1903.030303030303
ORD_0019457,2024-09-23 14:51:00,2024.0,9.0,LAMPUNG,1.0,1000,1000.0,1000.0
ORD_0019458,2024-09-23 15:21:00,2024.0,9.0,SUMATERA UTARA,0.6,14400,24000.0,24000.0
ORD_0019459,2024-09-23 16:00:00,2024.0,9.0,JAWA TIMUR,0.2,1000,5000.0,5000.0
ORD_0019460,2024-09-23 16:17:00,2024.0,9.0,JAWA TENGAH,5.46,1000,183.15018315018315,183.15018315018315
ORD_0019462,2024-09-23 16:36:00,2024.0,9.0,DKI JAKARTA,2.2,1000,454.5454545454545,454.5454545454545
ORD_0019464,2024-09-23 18:18:00,2024.0,9.0,JAWA TENGAH,0.3,1000,3333.3333333333335,3333.3333333333335
ORD_0019468,2024-09-23 19:46:00,2024.0,9.0,SULAWESI SELATAN,0.3,8500,28333.333333333336,28333.333333333336
ORD_0019472,2024-09-23 22:49:00,2024.0,9.0,SUMATERA UTARA,2.2,2500,1136.3636363636365,1136.3636363636365
ORD_0019473,2024-09-23 22:57:00,2024.0,9.0,SUMATERA BARAT,0.6,1000,1666.6666666666667,1666.6666666666667
ORD_0019479,2024-09-24 09:31:00,2024.0,9.0,JAWA TENGAH,4.4,2000,454.5454545454545,454.5454545454545
ORD_0019484,2024-09-24 11:13:00,2024.0,9.0,JAWA TIMUR,1.2,500,416.6666666666667,416.6666666666667
ORD_0019485,2024-09-24 11:43:00,2024.0,9.0,JAWA BARAT,2.2,1000,454.5454545454545,454.5454545454545
ORD_0019486,2024-09-24 11:56:00,2024.0,9.0,BANTEN,0.5,8000,16000.0,16000.0
ORD_0019488,2024-09-24 12:39:00,2024.0,9.0,JAWA TIMUR,0.2,3500,17500.0,17500.0
ORD_0019490,2024-09-24 13:02:00,2024.0,9.0,JAWA BARAT,8.44,4000,473.9336492890995,473.9336492890995
ORD_0019491,2024-09-24 14:23:00,2024.0,9.0,JAWA TIMUR,6.6,26500,4015.151515151515,4015.151515151515
ORD_0019493,2024-09-24 15:49:00,2024.0,9.0,JAWA BARAT,8.0,24000,3000.0,3000.0
ORD_0019495,2024-09-24 16:52:00,2024.0,9.0,SUMATERA BARAT,1.04,1000,961.5384615384615,961.5384615384615
ORD_0019498,2024-09-24 18:14:00,2024.0,9.0,JAWA TENGAH,3.0,4000,1333.3333333333333,1333.3333333333333
ORD_0019499,2024-09-24 19:15:00,2024.0,9.0,JAWA BARAT,0.5,500,1000.0,1000.0
ORD_0019503,2024-09-24 21:20:00,2024.0,9.0,JAWA TENGAH,0.08,4500,56250.0,56250.0
ORD_0019510,2024-09-25 09:01:00,2024.0,9.0,BANTEN,12.0,21000,1750.0,1750.0
ORD_0019511,2024-09-25 09:43:00,2024.0,9.0,BANTEN,5.0,17500,3500.0,3500.0
ORD_0019513,2024-09-25 10:49:00,2024.0,9.0,JAWA TIMUR,11.4,63000,5526.315789473684,5526.315789473684
ORD_0019519,2024-09-25 11:21:00,2024.0,9.0,BANTEN,39.16,12000,306.4351378958121,306.4351378958121
ORD_0019520,2024-09-25 11:32:00,2024.0,9.0,BALI,4.0,94000,23500.0,23500.0
ORD_0019524,2024-09-25 12:46:00,2024.0,9.0,BANTEN,7.0,28000,4000.0,4000.0
ORD_0019527,2024-09-25 15:03:00,2024.0,9.0,KALIMANTAN UTARA,1.0,12500,12500.0,12500.0
ORD_0019529,2024-09-25 16:06:00,2024.0,9.0,KEPULAUAN RIAU,6.6,8000,1212.1212121212122,1212.1212121212122
ORD_0019533,2024-09-25 17:22:00,2024.0,9.0,BANTEN,8.0,25000,3125.0,3125.0
ORD_0019540,2024-09-25 20:48:00,2024.0,9.0,BANTEN,21.33,66000,3094.2334739803096,3094.2334739803096
ORD_0019541,2024-09-25 21:03:00,2024.0,9.0,BANTEN,3.4,12000,3529.4117647058824,3529.4117647058824
ORD_0019542,2024-09-25 21:18:00,2024.0,9.0,JAWA TENGAH,12.0,27100,2258.3333333333335,2258.3333333333335
ORD_0019548,2024-09-26 11:51:00,2024.0,9.0,JAWA BARAT,0.5,10000,20000.0,20000.0
ORD_0019550,2024-09-26 13:29:00,2024.0,9.0,JAWA TIMUR,2.42,2000,826.4462809917355,826.4462809917355
ORD_0019551,2024-09-26 13:30:00,2024.0,9.0,JAWA TIMUR,2.42,2000,826.4462809917355,826.4462809917355
ORD_0019552,2024-09-26 13:30:00,2024.0,9.0,JAWA TENGAH,1.0,1000,1000.0,1000.0
ORD_0019555,2024-09-26 14:58:00,2024.0,9.0,JAWA BARAT,40.8,18801,460.8088235294118,460.8088235294118
ORD_0019557,2024-09-26 17:40:00,2024.0,9.0,JAWA TIMUR,0.16,1000,6250.0,6250.0
ORD_0019560,2024-09-26 18:23:00,2024.0,9.0,JAWA TIMUR,0.75,1000,1333.3333333333333,1333.3333333333333
ORD_0019562,2024-09-26 18:35:00,2024.0,9.0,SULAWESI SELATAN,1.0,13300,13300.0,13300.0
ORD_0019569,2024-09-27 02:49:00,2024.0,9.0,BANTEN,6.8,25000,3676.470588235294,3676.470588235294
ORD_0019577,2024-09-27 09:42:00,2024.0,9.0,BALI,1.2,13500,11250.0,11250.0
ORD_0019580,2024-09-27 13:48:00,2024.0,9.0,JAWA TENGAH,0.2,1000,5000.0,5000.0
ORD_0019581,2024-09-27 14:05:00,2024.0,9.0,DKI JAKARTA,3.0,4000,1333.3333333333333,1333.3333333333333
ORD_0019598,2024-09-27 21:16:00,2024.0,9.0,MALUKU,0.6,18000,30000.0,30000.0
ORD_0019602,2024-09-27 23:40:00,2024.0,9.0,DKI JAKARTA,0.4,8000,20000.0,20000.0
ORD_0019603,2024-09-28 02:45:00,2024.0,9.0,JAWA BARAT,3.4,12000,3529.4117647058824,3529.4117647058824
ORD_0019614,2024-09-28 12:50:00,2024.0,9.0,RIAU,1.5,35000,23333.333333333332,23333.333333333332
ORD_0019618,2024-09-28 14:03:00,2024.0,9.0,SULAWESI TENGGARA,8.0,240000,30000.0,30000.0
ORD_0019621,2024-09-28 15:09:00,2024.0,9.0,DKI JAKARTA,1.2,8000,6666.666666666667,6666.666666666667
ORD_0019624,2024-09-28 15:45:00,2024.0,9.0,SUMATERA BARAT,0.5,1000,2000.0,2000.0
ORD_0019625,2024-09-28 15:49:00,2024.0,9.0,BANGKA BELITUNG,0.2,15500,77500.0,77500.0
ORD_0019626,2024-09-28 17:21:00,2024.0,9.0,JAWA BARAT,0.08,500,6250.0,6250.0
ORD_0019627,2024-09-28 18:28:00,2024.0,9.0,SUMATERA UTARA,0.2,3000,15000.0,15000.0
ORD_0019634,2024-09-28 21:41:00,2024.0,9.0,JAWA TIMUR,60.0,106500,1775.0,1775.0
ORD_0019636,2024-09-28 23:37:00,2024.0,9.0,SUMATERA UTARA,0.8,3000,3750.0,3750.0
ORD_0019637,2024-09-29 02:14:00,2024.0,9.0,JAWA TIMUR,4.0,15000,3750.0,3750.0
ORD_0019643,2024-09-29 09:29:00,2024.0,9.0,BENGKULU,1.0,19500,19500.0,19500.0
ORD_0019645,2024-09-29 09:38:00,2024.0,9.0,KALIMANTAN TIMUR,0.3,9500,31666.666666666668,31666.666666666668
ORD_0019651,2024-09-29 13:04:00,2024.0,9.0,SUMATERA UTARA,0.16,3000,18750.0,18750.0
ORD_0019653,2024-09-29 13:46:00,2024.0,9.0,JAWA BARAT,0.6,8000,13333.333333333334,13333.333333333334
ORD_0019654,2024-09-29 16:36:00,2024.0,9.0,JAWA BARAT,1.0,16000,16000.0,16000.0
ORD_0019656,2024-09-29 16:49:00,2024.0,9.0,LAMPUNG,0.4,2300,5750.0,5750.0
ORD_0019658,2024-09-29 17:23:00,2024.0,9.0,SUMATERA BARAT,0.4,16000,40000.0,40000.0
ORD_0019659,2024-09-29 17:25:00,2024.0,9.0,BANTEN,6.8,8000,1176.470588235294,1176.470588235294
ORD_0019662,2024-09-29 18:54:00,2024.0,9.0,JAWA BARAT,0.5,8000,16000.0,16000.0
ORD_0019665,2024-09-29 20:03:00,2024.0,9.0,JAWA TENGAH,1.0,1000,1000.0,1000.0
ORD_0019666,2024-09-29 20:03:00,2024.0,9.0,JAWA BARAT,0.25,9000,36000.0,36000.0
ORD_0019669,2024-09-29 21:07:00,2024.0,9.0,BANTEN,0.4,3000,7500.0,7500.0
ORD_0019672,2024-09-29 23:14:00,2024.0,9.0,JAWA BARAT,5.4,1000,185.18518518518516,185.18518518518516
ORD_0019677,2024-09-30 07:16:00,2024.0,9.0,JAWA BARAT,1.5,5000,3333.3333333333335,3333.3333333333335
ORD_0019679,2024-09-30 08:44:00,2024.0,9.0,DKI JAKARTA,5.0,10000,2000.0,2000.0
ORD_0019680,2024-09-30 08:50:00,2024.0,9.0,BANGKA BELITUNG,0.5,27000,54000.0,54000.0
ORD_0019683,2024-09-30 10:06:00,2024.0,9.0,JAWA TIMUR,0.28,1000,3571.428571428571,3571.428571428571
ORD_0019684,2024-09-30 10:14:00,2024.0,9.0,DKI JAKARTA,9.0,9000,1000.0,1000.0
ORD_0019685,2024-09-30 11:06:00,2024.0,9.0,SUMATERA UTARA,2.0,40000,20000.0,20000.0
ORD_0019686,2024-09-30 11:14:00,2024.0,9.0,JAWA BARAT,0.1,500,5000.0,5000.0
ORD_0019688,2024-09-30 11:43:00,2024.0,9.0,JAWA BARAT,4.0,5000,1250.0,1250.0
ORD_0019689,2024-09-30 11:58:00,2024.0,9.0,DKI JAKARTA,2.0,8000,4000.0,4000.0
ORD_0019690,2024-09-30 12:13:00,2024.0,9.0,DKI JAKARTA,28.4,10000,352.11267605633805,352.11267605633805
ORD_0019695,2024-09-30 12:57:00,2024.0,9.0,LAMPUNG,5.16,6000,1162.7906976744189,1162.7906976744189
ORD_0019696,2024-09-30 12:58:00,2024.0,9.0,DKI JAKARTA,3.0,8000,2666.6666666666665,2666.6666666666665
ORD_0019698,2024-09-30 14:01:00,2024.0,9.0,JAWA TIMUR,2.6,1000,384.6153846153846,384.6153846153846
ORD_0019699,2024-09-30 14:25:00,2024.0,9.0,JAWA BARAT,27.2,12000,441.1764705882353,441.1764705882353
ORD_0019700,2024-09-30 14:46:00,2024.0,9.0,SUMATERA BARAT,1.0,1000,1000.0,1000.0
ORD_0019703,2024-09-30 15:35:00,2024.0,9.0,SUMATERA UTARA,0.6,14500,24166.666666666668,24166.666666666668
ORD_0019706,2024-09-30 16:55:00,2024.0,9.0,JAWA BARAT,2.2,1000,454.5454545454545,454.5454545454545
ORD_0019707,2024-09-30 17:54:00,2024.0,9.0,JAWA BARAT,8.0,96000,12000.0,12000.0
ORD_0019709,2024-09-30 18:25:00,2024.0,9.0,BALI,0.07,28000,399999.99999999994,170093.75000000035
ORD_0019713,2024-09-30 20:00:00,2024.0,9.0,JAWA BARAT,0.08,10000,125000.0,125000.0
ORD_0019715,2024-09-30 22:50:00,2024.0,9.0,DKI JAKARTA,2.4,9000,3750.0,3750.0
ORD_0019721,2025-09-01 04:59:00,2025.0,9.0,BALI,0.1,3000,30000.0,30000.0
ORD_0019723,2025-09-01 08:15:00,2025.0,9.0,BENGKULU,0.2,2000,10000.0,10000.0
ORD_0019744,2025-09-02 00:11:00,2025.0,9.0,NUSA TENGGARA TIMUR (NTT),1.1,14500,13181.81818181818,13181.81818181818
ORD_0019747,2025-09-02 04:40:00,2025.0,9.0,JAWA BARAT,3.0,3500,1166.6666666666667,1166.6666666666667
ORD_0019748,2025-09-02 04:59:00,2025.0,9.0,NUSA TENGGARA BARAT (NTB),0.7,9500,13571.428571428572,13571.428571428572
ORD_0019752,2025-09-02 09:17:00,2025.0,9.0,LAMPUNG,0.5,1000,2000.0,2000.0
ORD_0019755,2025-09-02 10:10:00,2025.0,9.0,KALIMANTAN TIMUR,0.2,14500,72500.0,72500.0
ORD_0019757,2025-09-02 11:00:00,2025.0,9.0,JAWA TIMUR,5.0,5000,1000.0,1000.0
ORD_0019761,2025-09-02 13:47:00,2025.0,9.0,JAWA BARAT,5.0,11999,2399.8,2399.8
ORD_0019764,2025-09-02 14:45:00,2025.0,9.0,BALI,5.0,1000,200.0,200.0
ORD_0019767,2025-09-02 15:38:00,2025.0,9.0,KALIMANTAN BARAT,5.2,18000,3461.5384615384614,3461.5384615384614
ORD_0019777,2025-09-02 23:48:00,2025.0,9.0,DKI JAKARTA,0.5,3500,7000.0,7000.0
ORD_0019789,2025-09-03 11:00:00,2025.0,9.0,DKI JAKARTA,3.0,3500,1166.6666666666667,1166.6666666666667
ORD_0019791,2025-09-03 11:07:00,2025.0,9.0,BANTEN,1.6,22500,14062.5,14062.5
ORD_0019792,2025-09-03 11:44:00,2025.0,9.0,KALIMANTAN BARAT,2.1,13500,6428.571428571428,6428.571428571428
ORD_0019801,2025-09-03 13:46:00,2025.0,9.0,SUMATERA SELATAN,22.4,68600,3062.5,3062.5
ORD_0019803,2025-09-03 14:05:00,2025.0,9.0,BANTEN,0.3,3500,11666.666666666668,11666.666666666668
ORD_0019825,2025-09-04 07:16:00,2025.0,9.0,BANTEN,4.5,3500,777.7777777777778,777.7777777777778
ORD_0019828,2025-09-04 09:22:00,2025.0,9.0,DKI JAKARTA,2.0,3000,1500.0,1500.0
ORD_0019834,2025-09-04 11:43:00,2025.0,9.0,KEPULAUAN RIAU,1.2,16400,13666.666666666668,13666.666666666668
ORD_0019835,2025-09-04 12:11:00,2025.0,9.0,DKI JAKARTA,0.5,31500,63000.0,63000.0
ORD_0019848,2025-09-04 18:38:00,2025.0,9.0,LAMPUNG,0.5,1000,2000.0,2000.0
ORD_0019855,2025-09-04 19:55:00,2025.0,9.0,JAWA BARAT,6.8,3500,514.7058823529412,514.7058823529412
ORD_0019863,2025-09-05 07:34:00,2025.0,9.0,JAWA TIMUR,5.0,5000,1000.0,1000.0
ORD_0019864,2025-09-05 08:13:00,2025.0,9.0,JAWA TIMUR,12.8,50000,3906.25,3906.25
ORD_0019867,2025-09-05 08:40:00,2025.0,9.0,BANTEN,10.0,13500,1350.0,1350.0
ORD_0019872,2025-09-05 10:53:00,2025.0,9.0,DKI JAKARTA,7.0,20500,2928.5714285714284,2928.5714285714284
ORD_0019878,2025-09-05 13:11:00,2025.0,9.0,DKI JAKARTA,8.0,3000,375.0,375.0
ORD_0019882,2025-09-05 14:10:00,2025.0,9.0,JAWA TENGAH,5.0,5000,1000.0,1000.0
ORD_0019892,2025-09-05 19:37:00,2025.0,9.0,KALIMANTAN TENGAH,0.2,18500,92500.0,92500.0
ORD_0019896,2025-09-05 20:41:00,2025.0,9.0,SUMATERA SELATAN,1.8,11000,6111.111111111111,6111.111111111111
ORD_0019905,2025-09-06 06:47:00,2025.0,9.0,NUSA TENGGARA BARAT (NTB),2.0,34000,17000.0,17000.0
ORD_0019914,2025-09-06 11:11:00,2025.0,9.0,JAWA BARAT,0.5,6500,13000.0,13000.0
ORD_0019915,2025-09-06 11:35:00,2025.0,9.0,BANTEN,40.0,1135,28.375,28.375
ORD_0019918,2025-09-06 14:04:00,2025.0,9.0,SULAWESI SELATAN,1.2,6500,5416.666666666667,5416.666666666667
ORD_0019920,2025-09-06 14:27:00,2025.0,9.0,JAWA BARAT,5.0,2132,426.4,426.4
ORD_0019935,2025-09-07 02:19:00,2025.0,9.0,JAMBI,0.2,18500,92500.0,92500.0
ORD_0019942,2025-09-07 08:01:00,2025.0,9.0,JAWA TIMUR,24.0,5000,208.33333333333337,208.33333333333337
ORD_0019963,2025-09-07 19:42:00,2025.0,9.0,BANTEN,10.0,2000,200.0,200.0
ORD_0019965,2025-09-07 21:08:00,2025.0,9.0,SULAWESI SELATAN,0.5,16500,33000.0,33000.0
ORD_0019973,2025-09-08 11:50:00,2025.0,9.0,JAWA BARAT,12.0,3500,291.6666666666667,291.6666666666667
ORD_0019975,2025-09-08 12:15:00,2025.0,9.0,DKI JAKARTA,0.5,22500,45000.0,45000.0
ORD_0019988,2025-09-08 19:32:00,2025.0,9.0,BANTEN,12.0,21000,1750.0,1750.0
ORD_0019994,2025-09-08 02:32:00,2025.0,9.0,BANTEN,2.0,3500,1750.0,1750.0
ORD_0020003,2025-09-08 09:14:00,2025.0,9.0,BANTEN,5.0,3500,700.0,700.0
ORD_0020004,2025-09-08 09:16:00,2025.0,9.0,JAWA BARAT,6.02,3500,581.3953488372093,581.3953488372093
ORD_0020008,2025-09-08 23:38:00,2025.0,9.0,SULAWESI UTARA,0.4,10500,26250.0,26250.0
ORD_0020010,2025-09-09 00:10:00,2025.0,9.0,JAWA TENGAH,2.0,8000,4000.0,4000.0
ORD_0020011,2025-09-09 06:26:00,2025.0,9.0,SUMATERA UTARA,16.82,55146,3278.5969084423305,3278.5969084423305
ORD_0020013,2025-09-09 07:45:00,2025.0,9.0,DKI JAKARTA,1.05,5000,4761.9047619047615,4761.9047619047615
ORD_0020026,2025-09-09 10:57:00,2025.0,9.0,LAMPUNG,0.3,14500,48333.333333333336,48333.333333333336
ORD_0020037,2025-09-09 14:26:00,2025.0,9.0,SUMATERA UTARA,4.5,2400,533.3333333333334,533.3333333333334
ORD_0020039,2025-09-09 15:10:00,2025.0,9.0,SUMATERA SELATAN,0.1,9900,99000.0,99000.0
ORD_0020041,2025-09-09 15:35:00,2025.0,9.0,SULAWESI SELATAN,1.2,1500,1250.0,1250.0
ORD_0020044,2025-09-09 16:09:00,2025.0,9.0,DKI JAKARTA,1.0,3500,3500.0,3500.0
ORD_0020050,2025-09-09 17:55:00,2025.0,9.0,BENGKULU,0.3,17900,59666.66666666667,59666.66666666667
ORD_0020055,2025-09-09 18:35:00,2025.0,9.0,KALIMANTAN BARAT,0.44,9500,21590.909090909092,21590.909090909092
ORD_0020072,2025-09-09 22:34:00,2025.0,9.0,JAWA TIMUR,5.0,5000,1000.0,1000.0
ORD_0020094,2025-09-10 11:09:00,2025.0,9.0,SULAWESI SELATAN,0.5,24000,48000.0,48000.0
ORD_0020096,2025-09-10 11:36:00,2025.0,9.0,JAWA TENGAH,48.0,10000,208.33333333333337,208.33333333333337
ORD_0020108,2025-09-10 17:42:00,2025.0,9.0,SULAWESI UTARA,0.9,25500,28333.333333333332,28333.333333333332
ORD_0020110,2025-09-10 17:58:00,2025.0,9.0,MALUKU,0.8,14000,17500.0,17500.0
ORD_0020113,2025-09-10 18:48:00,2025.0,9.0,BANTEN,3.0,3500,1166.6666666666667,1166.6666666666667
ORD_0020119,2025-09-10 21:05:00,2025.0,9.0,BANTEN,0.08,6500,81250.0,81250.0
ORD_0020126,2025-09-11 06:36:00,2025.0,9.0,JAWA BARAT,5.0,3500,700.0,700.0
ORD_0020134,2025-09-11 10:36:00,2025.0,9.0,JAWA BARAT,3.0,3500,1166.6666666666667,1166.6666666666667
ORD_0020139,2025-09-11 12:40:00,2025.0,9.0,BANTEN,7.0,3500,500.0,500.0
ORD_0020142,2025-09-11 14:07:00,2025.0,9.0,SUMATERA UTARA,0.5,3000,6000.0,6000.0
ORD_0020157,2025-09-11 18:31:00,2025.0,9.0,SUMATERA BARAT,0.2,4400,22000.0,22000.0
ORD_0020164,2025-09-11 22:05:00,2025.0,9.0,BANTEN,5.0,3500,700.0,700.0
ORD_0020165,2025-09-11 23:56:00,2025.0,9.0,JAWA BARAT,3.0,3500,1166.6666666666667,1166.6666666666667
ORD_0020166,2025-09-12 06:08:00,2025.0,9.0,BANTEN,1.0,17500,17500.0,17500.0
ORD_0020168,2025-09-12 07:53:00,2025.0,9.0,BANTEN,2.0,20985,10492.5,10492.5
ORD_0020170,2025-09-12 11:13:00,2025.0,9.0,BANTEN,3.0,3500,1166.6666666666667,1166.6666666666667
ORD_0020171,2025-09-12 11:27:00,2025.0,9.0,JAWA TIMUR,9.0,15000,1666.6666666666667,1666.6666666666667
ORD_0020175,2025-09-12 12:41:00,2025.0,9.0,BANTEN,3.0,3500,1166.6666666666667,1166.6666666666667
ORD_0020181,2025-09-12 15:48:00,2025.0,9.0,DKI JAKARTA,0.5,3500,7000.0,7000.0
ORD_0020200,2025-09-13 08:53:00,2025.0,9.0,BANTEN,31.2,28500,913.4615384615385,913.4615384615385
ORD_0020211,2025-09-13 13:41:00,2025.0,9.0,BANTEN,2.1,10000,4761.9047619047615,4761.9047619047615
ORD_0020213,2025-09-13 15:12:00,2025.0,9.0,DKI JAKARTA,0.4,3500,8750.0,8750.0
ORD_0020217,2025-09-13 18:48:00,2025.0,9.0,SULAWESI TENGGARA,0.4,12500,31250.0,31250.0
ORD_0020223,2025-09-13 22:11:00,2025.0,9.0,SUMATERA UTARA,0.2,3000,15000.0,15000.0
ORD_0020225,2025-09-14 06:33:00,2025.0,9.0,JAMBI,4.0,10400,2600.0,2600.0
ORD_0020236,2025-09-14 14:10:00,2025.0,9.0,SULAWESI TENGGARA,0.2,22500,112500.0,112500.0
ORD_0020246,2025-09-14 17:49:00,2025.0,9.0,BALI,0.5,19500,39000.0,39000.0
ORD_0020249,2025-09-14 19:09:00,2025.0,9.0,BANGKA BELITUNG,0.5,5500,11000.0,11000.0
ORD_0020258,2025-09-14 22:05:00,2025.0,9.0,BANTEN,0.5,3500,7000.0,7000.0
ORD_0020272,2025-09-15 10:52:00,2025.0,9.0,BANTEN,8.0,13500,1687.5,1687.5
ORD_0020281,2025-09-15 14:38:00,2025.0,9.0,KALIMANTAN SELATAN,0.5,5000,10000.0,10000.0
ORD_0020300,2025-09-15 19:25:00,2025.0,9.0,JAWA TENGAH,10.0,25000,2500.0,2500.0
ORD_0020302,2025-09-15 21:05:00,2025.0,9.0,DKI JAKARTA,0.5,3500,7000.0,7000.0
ORD_0020303,2025-09-15 21:16:00,2025.0,9.0,GORONTALO,0.2,22000,110000.0,110000.0
ORD_0020304,2025-09-15 21:33:00,2025.0,9.0,JAWA TIMUR,0.4,5000,12500.0,12500.0
ORD_0020305,2025-09-15 21:33:00,2025.0,9.0,JAWA TENGAH,5.0,5000,1000.0,1000.0
ORD_0020306,2025-09-15 21:37:00,2025.0,9.0,JAWA TENGAH,5.0,5000,1000.0,1000.0
ORD_0020309,2025-09-15 22:23:00,2025.0,9.0,JAMBI,0.5,100,200.0,200.0
ORD_0020328,2025-09-16 14:20:00,2025.0,9.0,KALIMANTAN TIMUR,10.0,1891,189.1,189.1
ORD_0020334,2025-09-16 17:15:00,2025.0,9.0,DKI JAKARTA,4.0,3500,875.0,875.0
ORD_0020353,2025-09-17 10:27:00,2025.0,9.0,SULAWESI UTARA,0.5,17000,34000.0,34000.0
ORD_0020357,2025-09-17 11:39:00,2025.0,9.0,DKI JAKARTA,3.0,3500,1166.6666666666667,1166.6666666666667
ORD_0020361,2025-09-17 12:26:00,2025.0,9.0,DKI JAKARTA,8.0,30000,3750.0,3750.0
ORD_0020375,2025-09-17 19:30:00,2025.0,9.0,JAWA BARAT,5.0,3500,700.0,700.0
ORD_0020378,2025-09-17 22:20:00,2025.0,9.0,DKI JAKARTA,10.45,17500,1674.641148325359,1674.641148325359
ORD_0020381,2025-09-17 23:36:00,2025.0,9.0,NANGGROE ACEH DARUSSALAM (NAD),0.5,11000,22000.0,22000.0
ORD_0020382,2025-09-18 00:29:00,2025.0,9.0,JAWA TENGAH,6.0,11535,1922.5,1922.5
ORD_0020383,2025-09-18 02:03:00,2025.0,9.0,GORONTALO,0.5,15400,30800.0,30800.0
ORD_0020384,2025-09-18 07:04:00,2025.0,9.0,BANTEN,12.5,2000,160.0,160.0
ORD_0020389,2025-09-18 08:58:00,2025.0,9.0,SUMATERA UTARA,0.5,4300,8600.0,8600.0
ORD_0020391,2025-09-18 10:01:00,2025.0,9.0,KALIMANTAN TENGAH,5.0,2600,520.0,520.0
ORD_0020392,2025-09-18 10:11:00,2025.0,9.0,KALIMANTAN TENGAH,5.0,2600,520.0,520.0
ORD_0020398,2025-09-18 12:12:00,2025.0,9.0,DKI JAKARTA,5.0,3500,700.0,700.0
ORD_0020404,2025-09-18 14:21:00,2025.0,9.0,NUSA TENGGARA BARAT (NTB),0.6,14500,24166.666666666668,24166.666666666668
ORD_0020409,2025-09-18 15:29:00,2025.0,9.0,JAMBI,0.1,400,4000.0,4000.0
ORD_0020413,2025-09-18 17:57:00,2025.0,9.0,JAWA BARAT,10.0,13500,1350.0,1350.0
ORD_0020426,2025-09-18 22:55:00,2025.0,9.0,JAWA BARAT,3.0,3500,1166.6666666666667,1166.6666666666667
ORD_0020429,2025-09-19 02:24:00,2025.0,9.0,JAWA BARAT,5.0,3500,700.0,700.0
ORD_0020438,2025-09-19 09:33:00,2025.0,9.0,DKI JAKARTA,7.0,20500,2928.5714285714284,2928.5714285714284
ORD_0020446,2025-09-19 13:11:00,2025.0,9.0,SUMATERA BARAT,0.1,900,9000.0,9000.0
ORD_0020456,2025-09-19 14:50:00,2025.0,9.0,JAWA BARAT,0.1,3500,35000.0,35000.0
ORD_0020473,2025-09-20 03:24:00,2025.0,9.0,DKI JAKARTA,5.0,3500,700.0,700.0
ORD_0020481,2025-09-20 09:35:00,2025.0,9.0,KALIMANTAN TENGAH,5.0,26600,5320.0,5320.0
ORD_0020487,2025-09-20 13:50:00,2025.0,9.0,JAWA BARAT,10.0,3500,350.0,350.0
ORD_0020494,2025-09-20 16:28:00,2025.0,9.0,JAWA BARAT,0.2,3500,17500.0,17500.0
ORD_0020514,2025-09-21 09:52:00,2025.0,9.0,KALIMANTAN TIMUR,0.8,7600,9500.0,9500.0
ORD_0020518,2025-09-21 11:49:00,2025.0,9.0,SUMATERA BARAT,0.2,1000,5000.0,5000.0
ORD_0020520,2025-09-21 13:16:00,2025.0,9.0,DKI JAKARTA,5.7,17500,3070.175438596491,3070.175438596491
ORD_0020557,2025-09-22 12:19:00,2025.0,9.0,SUMATERA UTARA,0.2,5500,27500.0,27500.0
ORD_0020569,2025-09-22 21:25:00,2025.0,9.0,JAWA BARAT,4.8,3500,729.1666666666667,729.1666666666667
ORD_0020572,2025-09-22 21:41:00,2025.0,9.0,JAWA TENGAH,12.33,12000,973.23600973236,973.23600973236
ORD_0020573,2025-09-22 21:41:00,2025.0,9.0,KALIMANTAN TENGAH,0.3,23500,78333.33333333334,78333.33333333334
ORD_0020579,2025-09-23 06:37:00,2025.0,9.0,RIAU,0.05,21000,420000.0,170093.75000000035
ORD_0020581,2025-09-23 07:22:00,2025.0,9.0,KALIMANTAN BARAT,2.0,20200,10100.0,10100.0
ORD_0020594,2025-09-23 14:53:00,2025.0,9.0,BANTEN,7.26,500,68.87052341597796,68.87052341597796
ORD_0020603,2025-09-23 20:56:00,2025.0,9.0,SUMATERA SELATAN,0.3,17000,56666.66666666667,56666.66666666667
ORD_0020628,2025-09-24 16:45:00,2025.0,9.0,JAWA TIMUR,12.0,30000,2500.0,2500.0
ORD_0020632,2025-09-24 19:01:00,2025.0,9.0,JAWA TIMUR,5.0,5000,1000.0,1000.0
ORD_0020649,2025-09-25 09:35:00,2025.0,9.0,JAWA TIMUR,5.4,15000,2777.7777777777774,2777.7777777777774
ORD_0020651,2025-09-25 09:56:00,2025.0,9.0,DKI JAKARTA,1.2,28500,23750.0,23750.0
ORD_0020655,2025-09-25 11:38:00,2025.0,9.0,JAWA TENGAH,5.0,5000,1000.0,1000.0
ORD_0020659,2025-09-25 13:33:00,2025.0,9.0,JAWA TIMUR,0.7,5000,7142.857142857143,7142.857142857143
ORD_0020678,2025-09-25 21:46:00,2025.0,9.0,PAPUA BARAT,1.8,83000,46111.11111111111,46111.11111111111
ORD_0020690,2025-09-26 06:28:00,2025.0,9.0,JAWA BARAT,4.5,3500,777.7777777777778,777.7777777777778
ORD_0020703,2025-09-26 12:27:00,2025.0,9.0,BANTEN,0.5,14000,28000.0,28000.0
ORD_0020707,2025-09-26 14:50:00,2025.0,9.0,DKI JAKARTA,30.0,78500,2616.6666666666665,2616.6666666666665
ORD_0020710,2025-09-26 15:11:00,2025.0,9.0,SUMATERA UTARA,5.4,38600,7148.148148148148,7148.148148148148
ORD_0020713,2025-09-26 15:50:00,2025.0,9.0,SULAWESI UTARA,4.0,174000,43500.0,43500.0
ORD_0020735,2025-09-27 15:25:00,2025.0,9.0,JAMBI,0.1,100,1000.0,1000.0
ORD_0020742,2025-09-27 18:56:00,2025.0,9.0,KALIMANTAN TENGAH,0.3,23500,78333.33333333334,78333.33333333334
ORD_0020747,2025-09-27 20:01:00,2025.0,9.0,LAMPUNG,5.4,4493,832.037037037037,832.037037037037
ORD_0020749,2025-09-27 20:40:00,2025.0,9.0,KALIMANTAN BARAT,0.4,8500,21250.0,21250.0
ORD_0020750,2025-09-27 20:41:00,2025.0,9.0,BALI,0.2,4600,23000.0,23000.0
ORD_0020761,2025-09-28 07:43:00,2025.0,9.0,BANGKA BELITUNG,0.8,5000,6250.0,6250.0
ORD_0020781,2025-09-28 21:34:00,2025.0,9.0,SUMATERA BARAT,0.5,1000,2000.0,2000.0
ORD_0020786,2025-09-29 02:16:00,2025.0,9.0,DKI JAKARTA,2.0,28500,14250.0,14250.0
ORD_0020787,2025-09-29 03:26:00,2025.0,9.0,SUMATERA SELATAN,2.0,4800,2400.0,2400.0
ORD_0020795,2025-09-29 14:16:00,2025.0,9.0,LAMPUNG,0.5,1000,2000.0,2000.0
ORD_0020819,2025-09-30 11:19:00,2025.0,9.0,DKI JAKARTA,0.3,16000,53333.333333333336,53333.333333333336
ORD_0020820,2025-09-30 11:20:00,2025.0,9.0,DKI JAKARTA,2.0,12500,6250.0,6250.0
ORD_0020825,2025-09-30 14:05:00,2025.0,9.0,BENGKULU,0.5,9400,18800.0,18800.0
ORD_0020830,2025-09-30 16:04:00,2025.0,9.0,RIAU,0.5,6000,12000.0,12000.0
ORD_0020840,2025-09-30 19:25:00,2025.0,9.0,NUSA TENGGARA BARAT (NTB),1.2,16300,13583.333333333334,13583.333333333334
ORD_0020846,2025-09-30 22:33:00,2025.0,9.0,LAMPUNG,0.5,1000,2000.0,2000.0
